transaction_id,account_id,transaction_type,transaction_amount,transaction_date,transaction_mode,merchant_category
T03540,A0293,DEBIT,97121.84,2024-03-28,Net Banking,Travel
T03879,A0113,DEBIT,289192.6,2026-03-10,ATM,Education
T01773,A0238,CREDIT,479234.82,2024-05-14,Mobile Banking,Online Shopping
T01091,A0460,CREDIT,447931.23,2025-05-03,Mobile Banking,Grocery
T08787,A0265,CREDIT,420254.73,2025-03-03,UPI,Education
T02391,A0486,DEBIT,416720.44,2026-01-31,UPI,Education
T04271,A0374,CREDIT,22693.27,2026-01-24,Debit Card,Fuel
T04467,A0554,CREDIT,473328.22,2025-01-09,ATM,Travel
T06761,A0366,DEBIT,28294.92,2024-01-06,Debit Card,Online Shopping
T03115,A0378,DEBIT,321302.23,2026-04-21,ATM,Travel
T04678,A0339,DEBIT,209861.81,2024-10-24,Credit Card,Healthcare
T08450,A0524,DEBIT,216901.52,2025-12-04,Mobile Banking,Fuel
T03885,A0279,CREDIT,23659.46,2025-04-24,Debit Card,Grocery
T00923,A0470,DEBIT,376275.99,2026-02-14,Debit Card,Utilities
T00663,A0059,CREDIT,219334.09,2024-10-16,UPI,Utilities
T07677,A0310,CREDIT,393109.49,2024-01-26,Net Banking,Retail
T04773,A0219,CREDIT,297620.08,2025-09-19,Credit Card,Online Shopping
T05214,A0455,DEBIT,334366.39,2025-07-04,Mobile Banking,Retail
T08419,A0433,CREDIT,72829.75,2025-11-04,Debit Card,Entertainment
T04329,A0189,CREDIT,74918.37,2025-07-31,Credit Card,Utilities
T02731,A0275,CREDIT,283221.97,2026-07-12,Credit Card,Utilities
T03024,A0205,DEBIT,287809.72,2025-01-13,Credit Card,Restaurant
T05557,A0427,DEBIT,202690.06,2026-03-18,ATM,Entertainment
T01722,A0408,DEBIT,377506.01,2024-02-10,Net Banking,Fuel
T02209,A0313,CREDIT,326635.26,2024-11-27,ATM,Retail
T04074,A0472,CREDIT,153105.36,2025-12-03,ATM,Healthcare
T07151,A0466,DEBIT,423421.95,2024-09-07,Mobile Banking,Restaurant
T08398,A0453,DEBIT,348178.91,2025-04-04,Credit Card,Online Shopping
T02251,A0176,CREDIT,112341.93,2025-08-30,Debit Card,Education
T08718,A0052,CREDIT,421497.79,2025-06-10,UPI,Online Shopping
T08519,A0439,DEBIT,145318.2,2026-03-13,Debit Card,Utilities
T01643,A0175,CREDIT,470805.91,2025-09-13,Net Banking,Education
T08297,A0320,CREDIT,85157.08,2026-02-05,ATM,Online Shopping
T05739,A0193,DEBIT,403552.56,2026-08-03,UPI,Fuel
T00129,A0326,DEBIT,488493.07,2024-09-07,UPI,Fuel
T04496,A0090,CREDIT,246835.05,2024-10-24,ATM,Online Shopping
T08963,A0376,DEBIT,426320.82,2025-07-16,Debit Card,Grocery
T04876,A0373,CREDIT,443235.2,2026-04-18,Credit Card,Restaurant
T04972,A0003,CREDIT,443357.52,2024-12-11,UPI,Grocery
T03441,A0241,DEBIT,449310.36,2026-05-15,Mobile Banking,Travel
T06851,A0443,DEBIT,471575.83,2024-06-18,Net Banking,Retail
T02102,A0176,DEBIT,155911.27,2025-02-08,UPI,Travel
T00918,A0025,DEBIT,240455.7,2026-01-13,UPI,Restaurant
T06013,A0211,DEBIT,482629.44,2025-10-12,Credit Card,Education
T05903,A0395,CREDIT,389919.63,2024-02-02,Mobile Banking,Travel
T04998,A0255,CREDIT,89889.65,2025-03-11,Credit Card,Utilities
T06755,A0230,CREDIT,480596.27,2024-03-13,Mobile Banking,Entertainment
T07825,A0425,DEBIT,462323.05,2024-02-03,Debit Card,Retail
T09660,A0279,CREDIT,-7498.52,2025-01-10,Net Banking,Education
T04799,A0246,CREDIT,40364.86,2024-02-20,Debit Card,Education
T01444,A0322,CREDIT,217868.15,2026-04-14,Credit Card,Grocery
T04313,A0463,CREDIT,456632.17,2024-06-01,UPI,Retail
T08843,A0564,CREDIT,443765.72,2025-03-27,Debit Card,Entertainment
T04622,A0210,DEBIT,5669.16,2024-07-21,ATM,Travel
T08144,A0179,DEBIT,80118.54,2024-06-05,Net Banking,Grocery
T04171,A0242,CREDIT,497225.36,2024-08-09,Net Banking,Restaurant
T00351,A0118,DEBIT,497129.1,2024-09-10,Mobile Banking,Healthcare
T06614,A0161,DEBIT,234110.7,2024-04-04,Credit Card,Education
T07444,A0447,DEBIT,251527.37,2024-11-01,Credit Card,Entertainment
T01841,A0507,DEBIT,30248.45,2025-09-05,Net Banking,Retail
T02873,A0418,CREDIT,94652.98,2024-12-19,Credit Card,Fuel
T02690,A0567,CREDIT,16287.73,2024-06-28,UPI,Healthcare
T01832,A0018,CREDIT,350342.78,2025-01-10,Debit Card,Healthcare
T08852,A0418,CREDIT,292136.95,2025-11-05,Mobile Banking,Online Shopping
T00079,A0128,DEBIT,185303.27,2024-07-16,Credit Card,Retail
T00854,A0326,CREDIT,200001.79,2024-11-30,Debit Card,Healthcare
T07122,A0400,DEBIT,24916.47,2025-10-03,Debit Card,Fuel
T08551,A0071,CREDIT,309361.66,2025-05-13,UPI,Fuel
T01063,A0472,CREDIT,470104.48,2026-04-12,Mobile Banking,Healthcare
T06297,A0460,CREDIT,301072.5,2025-08-19,Debit Card,Utilities
T05539,A0281,DEBIT,349380.63,2025-05-26,Mobile Banking,Healthcare
T03829,A0308,CREDIT,36087.54,2026-05-24,Debit Card,Travel
T00876,A0130,CREDIT,316496.72,2025-03-17,Debit Card,Utilities
T02235,A0317,CREDIT,209952.82,2024-07-25,Credit Card,Utilities
T06894,A0338,DEBIT,256355.59,2026-03-16,Debit Card,Grocery
T02293,A0266,DEBIT,364850.69,2024-04-14,Credit Card,Entertainment
T00562,A0506,DEBIT,54681.36,2024-02-21,Mobile Banking,Travel
T08937,A0477,CREDIT,60647.5,2024-01-21,ATM,Utilities
T04088,A0229,CREDIT,479717.72,2024-08-15,UPI,Healthcare
T03128,A0549,DEBIT,144378.9,2025-10-14,ATM,Travel
T02914,A0375,CREDIT,301178.44,2024-04-29,Credit Card,Retail
T06077,A0074,CREDIT,339964.34,2024-03-31,Debit Card,Fuel
T06351,A0328,CREDIT,127131.13,2024-01-05,Net Banking,Travel
T09474,A0416,CREDIT,207820.22,2024-09-05,Net Banking,Retail
T09732,A0398,TRANSFER,42768.27,2023-11-12,Mobile Banking,Fuel
T07223,A0130,CREDIT,50051.83,2025-03-31,UPI,Healthcare
T05002,A0468,CREDIT,447134.28,2025-11-21,ATM,Healthcare
T07265,A0341,CREDIT,242399.6,2025-03-05,Debit Card,Education
T08454,A0500,DEBIT,136681.22,2026-05-06,Debit Card,Utilities
T02525,A0314,CREDIT,203590.45,2024-05-28,ATM,Restaurant
T00195,A0412,DEBIT,6089.49,2024-08-05,Credit Card,Travel
T01062,A0432,DEBIT,359172.67,2024-02-10,Debit Card,Entertainment
T03211,A0332,DEBIT,419180.48,2026-02-05,Net Banking,Grocery
T01330,A0025,DEBIT,248123.22,2026-03-24,Mobile Banking,Healthcare
T02646,A0552,CREDIT,288985.86,2024-10-22,Net Banking,Restaurant
T09753,A0543,TRANSFER,10135.13,2026-03-15,ATM,Travel
T09697,A0487,CREDIT,-168.77,2025-04-30,Debit Card,Travel
T07085,A0339,DEBIT,303368.73,2025-09-02,UPI,Retail
T09823,A0248,CREDIT,19032.88,bad-date,UPI,Grocery
T06143,A0129,DEBIT,51664.08,2024-05-17,ATM,Fuel
T03669,A0335,CREDIT,161425.7,2024-04-08,Credit Card,Healthcare
T01178,A0155,CREDIT,153850.17,2024-03-08,Debit Card,Fuel
T01974,A0034,DEBIT,304479.51,2026-03-22,ATM,Utilities
T01590,A0031,CREDIT,382763.17,2026-03-09,UPI,Retail
T05886,A0158,DEBIT,420112.97,2024-05-15,Net Banking,Fuel
T05052,A0471,DEBIT,365330.44,2026-03-12,Mobile Banking,Fuel
T02782,A0214,DEBIT,302242.14,2024-07-03,Net Banking,Retail
T00865,A0433,CREDIT,151546.96,2024-09-21,Mobile Banking,Online Shopping
,A0160,CREDIT,17642.03,2025-08-09,Credit Card,Healthcare
T06732,A0120,CREDIT,496950.75,2024-08-16,Debit Card,Travel
T05847,A0427,DEBIT,313280.6,2025-07-12,Net Banking,Restaurant
T00706,A0250,DEBIT,121612.36,2026-02-25,Debit Card,Travel
T08857,A0482,DEBIT,201779.59,2024-05-27,UPI,Healthcare
T06051,A0024,CREDIT,48798.9,2024-09-18,ATM,Education
T04286,A0525,DEBIT,256313.51,2024-04-17,Net Banking,Restaurant
T03826,A0313,CREDIT,239850.72,2025-02-24,Net Banking,Retail
T02502,A0287,CREDIT,9938.16,2025-12-25,Mobile Banking,Entertainment
T08580,A0188,CREDIT,94750.71,2024-09-22,ATM,Utilities
T07535,A0182,DEBIT,26313.36,2025-07-05,ATM,Education
T08658,A0245,DEBIT,299319.11,2024-01-02,Net Banking,Healthcare
T06649,A0193,DEBIT,230251.07,2026-08-14,Mobile Banking,Grocery
T01596,A0559,CREDIT,300214.11,2025-08-13,Net Banking,Entertainment
T08719,A0214,CREDIT,379624.81,2025-06-14,Debit Card,Travel
T02792,A0445,DEBIT,31703.32,2024-01-13,UPI,Fuel
T08372,A0454,DEBIT,187021.93,2024-04-07,ATM,Travel
T09100,A0439,DEBIT,89045.96,2026-03-21,Mobile Banking,Retail
T07172,A0185,CREDIT,302039.1,2025-06-14,ATM,Retail
T06982,A0473,CREDIT,281641.77,2024-07-03,Mobile Banking,Healthcare
T05827,A0449,DEBIT,25364.38,2025-11-27,Net Banking,Education
T04337,A0151,CREDIT,1321.99,2024-12-11,ATM,Retail
T05331,A0481,CREDIT,481953.59,2026-03-05,Credit Card,Online Shopping
T05480,A0369,CREDIT,260118.72,2025-03-13,Net Banking,Utilities
T07884,A0335,CREDIT,15724.37,2024-06-29,Net Banking,Utilities
,A0091,CREDIT,17424.85,2025-02-22,Credit Card,Travel
T00736,A0120,DEBIT,401840.18,2026-02-01,ATM,Online Shopping
T05630,A0292,DEBIT,35254.52,2024-05-13,Mobile Banking,Healthcare
T08891,A0099,CREDIT,322750.04,2025-06-03,Debit Card,Online Shopping
T01147,A0157,DEBIT,429757.83,2024-09-13,ATM,Utilities
T01991,A0244,CREDIT,75558.84,2024-04-25,Mobile Banking,Education
T01151,A0542,DEBIT,278470.88,2024-05-26,Net Banking,Utilities
T04353,A0465,CREDIT,272923.36,2024-06-07,Credit Card,Education
T01641,A0112,DEBIT,112999.46,2025-02-10,Net Banking,Entertainment
T08012,A0520,CREDIT,252314.92,2024-02-02,Mobile Banking,Restaurant
T02836,A0515,CREDIT,193243.68,2025-01-20,Mobile Banking,Restaurant
T04509,A0270,DEBIT,214985.68,2025-05-19,UPI,Restaurant
T07822,A0485,DEBIT,36522.93,2024-06-01,Net Banking,Healthcare
T00531,A0128,DEBIT,85652.75,2024-11-30,Net Banking,Healthcare
T03034,A0103,CREDIT,127457.37,2025-03-17,Debit Card,Retail
T04417,A0417,CREDIT,460568.84,2024-03-12,Debit Card,Healthcare
T05915,A0522,DEBIT,455906.93,2024-06-17,Debit Card,Fuel
T04456,A0011,DEBIT,481958.41,2024-10-12,Net Banking,Restaurant
T01012,A0036,CREDIT,456797.11,2024-02-17,Net Banking,Healthcare
T00720,A0419,DEBIT,370374.67,2025-03-22,Debit Card,Entertainment
T06924,A0371,DEBIT,139047.41,2024-08-14,Net Banking,Online Shopping
T00585,A0126,DEBIT,397686.92,2025-08-03,Debit Card,Restaurant
T00714,A0465,CREDIT,83468.79,2025-03-04,Debit Card,Education
T00649,A0268,CREDIT,167337.17,2026-02-22,UPI,Grocery
T06956,A0307,CREDIT,245944.05,2024-09-29,Mobile Banking,Retail
T02062,A0188,CREDIT,297073.9,2025-07-07,Debit Card,Utilities
T03998,A0556,CREDIT,100911.43,2025-08-09,Debit Card,Education
T05243,A0324,DEBIT,60047.56,2026-05-02,Credit Card,Online Shopping
T05142,A0565,DEBIT,349688.09,2024-08-12,Net Banking,Online Shopping
T02082,A0074,DEBIT,313467.81,2026-07-20,UPI,Travel
T06965,A0060,CREDIT,324420.72,2026-06-25,Debit Card,Travel
T09551,,CREDIT,10521.81,2026-06-21,ATM,Grocery
T00216,A0391,DEBIT,427035.7,2026-02-16,Debit Card,Fuel
T04200,A0065,CREDIT,414252.14,2024-06-08,ATM,Healthcare
T03483,A0418,CREDIT,410437.82,2025-10-11,Net Banking,Retail
T07147,A0308,CREDIT,413694.61,2024-08-05,Debit Card,Restaurant
T05521,A0458,CREDIT,116419.17,2025-05-23,Net Banking,Restaurant
T07906,A0310,CREDIT,331556.52,2025-02-01,Net Banking,Entertainment
T08410,A0483,CREDIT,324121.35,2024-07-30,Credit Card,Utilities
T08614,A0085,DEBIT,123746.09,2024-07-24,Mobile Banking,Education
T00516,A0410,CREDIT,125121.56,2024-07-21,Mobile Banking,Restaurant
T05694,A0230,CREDIT,173817.5,2025-05-21,Mobile Banking,Retail
T06848,A0507,CREDIT,58791.49,2024-11-23,ATM,Utilities
T02962,A0323,DEBIT,190005.1,2024-08-28,Credit Card,Online Shopping
T04203,A0068,DEBIT,423823.59,2025-03-20,Debit Card,Retail
T06294,A0398,DEBIT,65313.39,2025-01-30,Credit Card,Travel
T02469,A0411,CREDIT,104572.0,2024-09-04,Net Banking,Retail
T04176,A0206,CREDIT,447283.66,2025-05-08,Net Banking,Healthcare
T01316,A0101,DEBIT,344326.71,2025-09-27,Debit Card,Entertainment
T03723,A0514,DEBIT,416790.68,2024-03-23,UPI,Education
T01767,A0426,DEBIT,269503.56,2024-10-13,Debit Card,Grocery
T08922,A0561,CREDIT,244358.48,2025-03-21,Credit Card,Restaurant
T06837,A0372,CREDIT,299581.95,2024-02-08,UPI,Retail
T06865,A0522,DEBIT,105850.84,2025-05-14,UPI,Travel
T07755,A0229,CREDIT,324508.24,2026-07-20,ATM,Travel
T01763,A0062,CREDIT,378906.63,2024-01-07,Debit Card,Utilities
T08527,A0062,DEBIT,375958.2,2024-07-24,UPI,Utilities
T05662,A0560,CREDIT,268552.77,2025-06-27,Net Banking,Fuel
T07425,A0557,CREDIT,345635.48,2024-07-17,Net Banking,Grocery
T01959,A0209,DEBIT,114480.9,2026-02-16,Credit Card,Utilities
T04251,A0447,DEBIT,132025.21,2025-04-20,UPI,Retail
T05687,A0123,DEBIT,58371.9,2026-07-17,UPI,Travel
T09032,A0115,DEBIT,377263.44,2024-06-11,Debit Card,Fuel
T08377,A0535,DEBIT,271418.66,2025-02-11,UPI,Grocery
T03285,A0558,DEBIT,93367.58,2026-07-05,Mobile Banking,Retail
T03974,A0352,CREDIT,241248.86,2026-05-04,UPI,Retail
T06289,A0290,CREDIT,104817.95,2024-04-22,Debit Card,Healthcare
T03878,A0183,DEBIT,156976.65,2024-04-10,Credit Card,Grocery
T06831,A0496,CREDIT,142507.31,2024-01-07,UPI,Travel
T01285,A0468,CREDIT,60250.48,2025-10-13,Mobile Banking,Retail
T06188,A0439,CREDIT,43086.67,2025-10-12,Debit Card,Healthcare
T08260,A0519,CREDIT,206573.63,2024-11-03,Mobile Banking,Grocery
T00833,A0160,CREDIT,496878.44,2025-03-20,Debit Card,Restaurant
T07294,A0376,DEBIT,34640.31,2026-05-21,Mobile Banking,Online Shopping
T02498,A0525,DEBIT,484665.38,2024-07-09,Net Banking,Grocery
T06305,A0425,DEBIT,371271.23,2024-01-23,ATM,Restaurant
T05021,A0462,DEBIT,16599.12,2025-10-24,ATM,Online Shopping
T07995,A0165,CREDIT,426654.9,2024-08-07,Debit Card,Utilities
T03296,A0331,CREDIT,265798.73,2025-11-22,ATM,Travel
T00735,A0456,DEBIT,246678.45,2024-03-29,ATM,Restaurant
T03440,A0208,CREDIT,439566.21,2025-12-13,Mobile Banking,Travel
T03165,A0216,DEBIT,41798.33,2023-04-22,ATM,Online Shopping
T00522,A0420,DEBIT,301980.66,2026-06-17,Mobile Banking,Education
T08700,A0072,DEBIT,307545.05,2025-09-27,ATM,Grocery
T09614,A9999,CREDIT,10868.66,2025-09-03,UPI,Retail
T00678,A0269,CREDIT,378650.38,2024-12-15,Mobile Banking,Fuel
T05922,A0061,DEBIT,18201.0,2025-03-31,Debit Card,Healthcare
T00717,A0433,DEBIT,63813.75,2025-12-14,Net Banking,Travel
T04068,A0135,DEBIT,204848.83,2024-01-18,Credit Card,Online Shopping
T08812,A0026,CREDIT,112943.07,2025-08-10,UPI,Fuel
T08021,A0379,CREDIT,365090.54,2025-07-13,Debit Card,Travel
T08742,A0293,DEBIT,22916.43,2024-07-14,Mobile Banking,Utilities
,A0369,CREDIT,35428.59,2025-06-22,Debit Card,Fuel
T05830,A0405,DEBIT,466461.01,2025-11-11,ATM,Healthcare
T09771,A0267,DEBIT,32765.65,2025-04-02,Telegram,Grocery
T01928,A0560,DEBIT,308272.44,2025-07-05,Net Banking,Travel
T09236,A0103,DEBIT,211909.93,2026-02-19,UPI,Grocery
T04260,A0516,CREDIT,492054.63,2025-10-25,Credit Card,Restaurant
T02002,A0101,CREDIT,1924.59,2026-01-20,UPI,Entertainment
T02231,A0388,DEBIT,496594.34,2025-07-30,Mobile Banking,Entertainment
T02601,A0055,DEBIT,363056.5,2026-06-18,Mobile Banking,Healthcare
T05313,A0348,CREDIT,270134.34,2024-05-07,Debit Card,Grocery
T04179,A0129,CREDIT,440430.08,2024-05-04,Credit Card,Grocery
T04040,A0147,CREDIT,287367.21,2025-12-21,Mobile Banking,Retail
T03401,A0007,CREDIT,394367.69,2024-12-15,ATM,Grocery
T05170,A0452,DEBIT,474000.6,2025-03-09,ATM,Entertainment
T08541,A0342,DEBIT,39056.21,2026-07-08,Mobile Banking,Grocery
T01995,A0190,CREDIT,87947.0,2024-01-03,UPI,Online Shopping
T06952,A0303,CREDIT,246042.96,2026-03-14,Credit Card,Retail
T07381,A0134,CREDIT,334307.95,2026-08-03,Net Banking,Utilities
T04588,A0151,DEBIT,121201.0,2024-12-08,UPI,Grocery
T05792,A0308,DEBIT,338993.61,2026-08-29,Net Banking,Education
T05874,A0059,DEBIT,468683.18,2025-06-07,Credit Card,Online Shopping
T01870,A0070,CREDIT,25383.72,2025-08-25,Credit Card,Entertainment
T00219,A0493,CREDIT,166683.75,2026-01-02,Credit Card,Travel
T01354,A0500,DEBIT,378733.11,2026-05-09,Mobile Banking,Fuel
T00929,A0300,DEBIT,128727.15,2024-08-21,UPI,Travel
T03577,A0118,CREDIT,226814.41,2025-05-25,UPI,Travel
T07468,A0112,CREDIT,147233.34,2026-05-09,Debit Card,Education
T04671,A0042,DEBIT,78955.55,2024-11-27,UPI,Grocery
T07316,A0293,CREDIT,482214.58,2025-11-04,Mobile Banking,Utilities
T00664,A0359,CREDIT,499044.6,2024-05-12,Net Banking,Healthcare
T00700,A0032,CREDIT,184214.13,2024-10-24,ATM,Fuel
T06123,A0259,DEBIT,65369.09,2025-03-02,UPI,Fuel
T03375,A0193,CREDIT,130849.33,2025-01-13,UPI,Fuel
T01452,A0376,DEBIT,333062.51,2024-03-30,UPI,Grocery
T02783,A0285,DEBIT,404445.11,2025-04-29,Debit Card,Utilities
T02003,A0236,DEBIT,12986.25,2024-10-01,Credit Card,Entertainment
T00223,A0040,CREDIT,192474.52,2025-08-02,ATM,Travel
T08319,A0008,DEBIT,52926.9,2025-10-09,ATM,Education
T06727,A0132,CREDIT,211893.14,2025-06-02,Debit Card,Fuel
T06134,A0285,CREDIT,219350.26,2024-06-10,UPI,Grocery
T02115,A0491,CREDIT,33677.65,2025-01-19,Net Banking,Grocery
T06825,A0083,DEBIT,448250.29,2025-03-12,Mobile Banking,Healthcare
T03706,A0501,DEBIT,132556.56,2025-05-22,Debit Card,Fuel
T06775,A0462,CREDIT,332915.31,2025-02-27,Net Banking,Utilities
T07983,A0563,DEBIT,7059.6,2024-07-12,Mobile Banking,Grocery
T08071,A0485,CREDIT,166113.58,2026-04-06,Mobile Banking,Online Shopping
T07841,A0361,CREDIT,425964.56,2025-02-28,Net Banking,Healthcare
T08788,A0442,CREDIT,375944.4,2026-04-18,Debit Card,Travel
T02747,A0043,DEBIT,246405.38,2025-01-26,Net Banking,Travel
T06946,A0359,DEBIT,235288.42,2024-11-18,Credit Card,Restaurant
T02750,A0170,DEBIT,233688.25,2025-07-09,Mobile Banking,Restaurant
T00429,A0434,CREDIT,135986.62,2024-04-04,Net Banking,Healthcare
T04341,A0293,DEBIT,245548.68,2025-07-08,Net Banking,Entertainment
T03498,A0485,DEBIT,262310.01,2024-01-05,Net Banking,Fuel
T09749,A0302,TRANSFER,42063.51,2025-06-06,UPI,Healthcare
T05670,A0500,DEBIT,382272.84,2024-05-07,Mobile Banking,Restaurant
T03459,A0522,DEBIT,239410.25,2026-06-09,ATM,Education
T03685,A0235,DEBIT,171643.53,2024-02-16,ATM,Restaurant
T02462,A0546,CREDIT,426430.36,2025-04-30,Debit Card,Grocery
T06069,A0510,DEBIT,237336.2,2026-03-23,Mobile Banking,Online Shopping
T00266,A0319,CREDIT,295070.89,2024-07-13,Credit Card,Healthcare
T06577,A0164,CREDIT,276661.54,2024-08-26,Debit Card,Fuel
T09212,A0375,DEBIT,447762.98,2026-01-24,Credit Card,Fuel
T06084,A0368,CREDIT,194481.52,2024-02-27,Credit Card,Education
T06589,A0079,DEBIT,352670.46,2024-06-04,Net Banking,Healthcare
T08423,A0439,DEBIT,56691.52,2025-04-15,Mobile Banking,Fuel
T06567,A0548,CREDIT,450846.74,2024-08-13,Credit Card,Utilities
T01894,A0064,CREDIT,129824.39,2024-02-17,Credit Card,Entertainment
T01786,A0475,DEBIT,12210.27,2024-06-18,Credit Card,Healthcare
T05719,A0370,CREDIT,172583.57,2025-12-06,ATM,Online Shopping
T03185,A0366,CREDIT,218688.98,2025-04-09,Mobile Banking,Entertainment
T01369,A0111,DEBIT,218642.4,2024-11-16,UPI,Grocery
T00059,A0243,DEBIT,254359.77,2025-05-31,Credit Card,Online Shopping
T06602,A0468,CREDIT,48883.98,2025-12-04,Credit Card,Education
T06937,A0149,DEBIT,495802.87,2026-01-20,Net Banking,Healthcare
T09280,A0204,DEBIT,364457.17,2025-02-02,Credit Card,Fuel
T01203,A0109,CREDIT,28177.59,2024-05-22,ATM,Online Shopping
T08298,A0531,CREDIT,196650.84,2025-12-10,Mobile Banking,Retail
T09179,A0029,CREDIT,167431.28,2026-08-11,Mobile Banking,Restaurant
T07393,A0305,DEBIT,289966.37,2024-02-13,UPI,Utilities
T05528,A0134,CREDIT,180567.16,2024-04-02,ATM,Online Shopping
T02590,A0317,DEBIT,422687.61,2024-09-22,ATM,Utilities
T08308,A0249,DEBIT,98506.79,2024-12-06,Credit Card,Utilities
T01919,A0170,DEBIT,453223.9,2024-10-12,Debit Card,Entertainment
T09378,A0066,CREDIT,223159.39,2025-10-15,Debit Card,Utilities
T03619,A0303,DEBIT,257992.67,2024-12-06,Net Banking,Travel
T05169,A0328,CREDIT,477113.45,2024-05-02,UPI,Grocery
T08159,A0380,CREDIT,463498.04,2024-04-08,Mobile Banking,Utilities
T03567,A0426,CREDIT,118855.76,2025-08-01,Mobile Banking,Online Shopping
T09506,,DEBIT,4086.86,2023-09-26,ATM,Entertainment
T01340,A0544,CREDIT,151741.74,2026-04-10,ATM,Utilities
T04283,A0491,CREDIT,233324.5,2025-10-10,Debit Card,Healthcare
T01978,A0518,DEBIT,257142.87,2024-03-09,Credit Card,Utilities
T04498,A0209,CREDIT,496966.62,2024-02-10,UPI,Restaurant
T06576,A0047,DEBIT,213992.0,2024-05-14,Mobile Banking,Online Shopping
T06574,A0257,CREDIT,253501.19,2025-01-11,Debit Card,Entertainment
T00772,A0251,DEBIT,8704.54,2025-05-23,Mobile Banking,Healthcare
T02126,A0131,CREDIT,121925.26,2026-01-05,ATM,Retail
T02771,A0106,CREDIT,34176.31,2025-11-28,Debit Card,Grocery
T08784,A0191,DEBIT,91292.17,2026-01-08,Debit Card,Grocery
T04750,A0099,CREDIT,213599.34,2025-06-27,ATM,Travel
T02736,A0436,CREDIT,224339.58,2026-02-23,ATM,Retail
T07114,A0490,DEBIT,386621.51,2026-04-09,Credit Card,Travel
T07333,A0353,DEBIT,124671.27,2026-03-06,Credit Card,Education
T00599,A0142,DEBIT,347097.28,2025-05-30,Mobile Banking,Utilities
T04112,A0157,DEBIT,346624.2,2025-01-02,UPI,Education
T01502,A0069,CREDIT,417272.13,2026-08-14,Credit Card,Education
T09305,A0118,CREDIT,228106.48,2026-02-25,Net Banking,Retail
T03303,A0245,CREDIT,110889.46,2024-05-27,Net Banking,Utilities
T02961,A0380,CREDIT,61761.65,2025-09-23,Credit Card,Retail
T07467,A0537,CREDIT,367297.04,2026-01-19,UPI,Retail
T01749,A0401,DEBIT,182965.53,2025-10-23,Credit Card,Education
T02090,A0384,CREDIT,10353.55,2025-02-06,Credit Card,Entertainment
T01769,A0555,DEBIT,366470.61,2025-03-08,Debit Card,Utilities
T04567,A0218,CREDIT,411673.72,2025-03-08,Debit Card,Education
T02724,A0437,CREDIT,3720.51,2025-07-04,UPI,Utilities
T09293,A0033,DEBIT,87423.37,2024-08-04,Mobile Banking,Healthcare
T00770,A0483,DEBIT,145690.2,2024-04-05,ATM,Healthcare
T02241,A0211,CREDIT,347391.27,2025-08-30,Credit Card,Retail
T06884,A0560,CREDIT,338712.74,2026-08-23,Net Banking,Education
T06412,A0195,DEBIT,342620.91,2024-08-23,Credit Card,Entertainment
T03312,A0221,CREDIT,419516.86,2025-08-23,ATM,Education
T03091,A0136,CREDIT,240575.71,2024-05-30,Net Banking,Education
T06979,A0317,CREDIT,254966.38,2026-03-28,Credit Card,Entertainment
T07024,A0091,DEBIT,240437.97,2024-03-17,ATM,Education
T03300,A0111,DEBIT,267335.14,2024-11-18,Credit Card,Restaurant
T03841,A0163,DEBIT,91278.26,2024-09-23,ATM,Fuel
T09041,A0342,CREDIT,358240.07,2024-02-16,Credit Card,Online Shopping
T04125,A0569,CREDIT,125605.95,2025-07-11,Credit Card,Travel
T06501,A0238,CREDIT,415617.91,2025-03-18,Net Banking,Grocery
T05904,A0257,CREDIT,171627.22,2024-07-29,Credit Card,Education
T04039,A0477,CREDIT,201401.75,2024-01-11,UPI,Travel
T08605,A0131,CREDIT,147556.64,2024-11-23,ATM,Entertainment
T06549,A0263,DEBIT,188074.39,2024-11-20,Credit Card,Utilities
T04899,A0244,CREDIT,454780.76,2024-12-20,Debit Card,Education
T00820,A0067,CREDIT,412541.27,2025-05-28,ATM,Restaurant
T04992,A0325,CREDIT,22469.14,2026-08-22,UPI,Entertainment
T02034,A0167,DEBIT,443723.34,2026-06-25,Debit Card,Retail
T01372,A0099,DEBIT,102525.88,2026-07-01,Mobile Banking,Fuel
T06648,A0107,CREDIT,281765.38,2025-11-07,Mobile Banking,Healthcare
T06206,A0514,CREDIT,443781.2,2025-02-20,Net Banking,Education
T07542,A0027,CREDIT,246340.47,2024-04-01,UPI,Online Shopping
T04007,A0362,CREDIT,119213.64,2025-12-22,ATM,Fuel
T08166,A0495,DEBIT,66579.6,2026-01-21,Debit Card,Grocery
T02453,A0215,DEBIT,376017.55,2026-05-19,Net Banking,Online Shopping
T00005,A0161,DEBIT,354110.86,2026-02-19,Net Banking,Entertainment
T04547,A0298,DEBIT,315978.48,2024-11-18,Debit Card,Utilities
T01834,A0354,CREDIT,389631.53,2025-08-20,Credit Card,Retail
T05089,A0220,CREDIT,381354.15,2026-06-02,Mobile Banking,Fuel
T09325,A0194,CREDIT,93130.38,2024-03-10,ATM,Restaurant
T04409,A0482,DEBIT,146667.71,2024-12-03,Net Banking,Restaurant
T03192,A0225,CREDIT,202219.46,2025-08-18,Mobile Banking,Utilities
T06287,A0119,DEBIT,394793.08,2024-04-07,Mobile Banking,Online Shopping
T06108,A0106,CREDIT,461658.32,2024-05-05,Net Banking,Utilities
T05869,A0494,DEBIT,177454.57,2024-08-03,Net Banking,Fuel
T04790,A0166,CREDIT,60161.09,2024-07-04,Mobile Banking,Education
T06996,A0391,CREDIT,12683.65,2024-07-28,Debit Card,Entertainment
T04302,A0398,CREDIT,440092.7,2025-12-03,Mobile Banking,Travel
T07622,A0500,CREDIT,153740.35,2026-04-04,Credit Card,Online Shopping
T08678,A0355,CREDIT,59730.6,2025-09-14,Credit Card,Retail
T04695,A0505,CREDIT,241565.28,2025-07-03,UPI,Restaurant
T07069,A0069,DEBIT,96919.97,2024-03-22,Credit Card,Healthcare
T03122,A0275,CREDIT,212404.92,2025-03-28,UPI,Utilities
T05750,A0199,DEBIT,244610.36,2024-02-04,Debit Card,Restaurant
T05596,A0293,CREDIT,139204.46,2024-10-03,ATM,Restaurant
T04523,A0416,DEBIT,444787.22,2026-03-07,Credit Card,Restaurant
T03961,A0187,DEBIT,33932.9,2025-06-15,ATM,Healthcare
T00121,A0451,CREDIT,315704.16,2026-07-23,Debit Card,Retail
T02955,A0303,DEBIT,128969.01,2024-10-06,Mobile Banking,Fuel
T05778,A0249,CREDIT,438741.01,2025-04-28,UPI,Utilities
T07978,A0399,DEBIT,260615.23,2025-08-11,Mobile Banking,Grocery
T00514,A0281,DEBIT,99698.84,2024-04-04,Debit Card,Education
T08284,A0086,CREDIT,456999.84,2026-03-13,Debit Card,Education
T02867,A0040,DEBIT,201675.75,2025-04-19,Net Banking,Fuel
T03952,A0167,DEBIT,25827.04,2025-08-31,Net Banking,Utilities
T06564,A0301,CREDIT,127467.81,2025-02-24,Mobile Banking,Fuel
T08959,A0113,CREDIT,367725.56,2025-07-18,ATM,Travel
T01317,A0028,DEBIT,19431.92,2025-05-14,UPI,Entertainment
T09169,A0476,DEBIT,64376.94,2026-01-05,ATM,Utilities
T06604,A0568,CREDIT,28936.78,2025-04-26,UPI,Grocery
T02532,A0081,DEBIT,301378.68,2024-11-03,Mobile Banking,Education
T08973,A0103,CREDIT,409947.74,2026-05-30,Net Banking,Grocery
T06741,A0500,CREDIT,185023.88,2024-01-29,Credit Card,Retail
T06605,A0501,CREDIT,79986.93,2025-04-11,Credit Card,Restaurant
T07847,A0090,DEBIT,71092.16,2024-04-24,ATM,Entertainment
T01575,A0431,CREDIT,42505.17,2024-06-10,ATM,Online Shopping
T09137,A0227,DEBIT,28329.9,2024-04-22,UPI,Utilities
T04315,A0317,DEBIT,468515.21,2026-03-22,Debit Card,Fuel
T07709,A0279,DEBIT,50654.04,2024-06-08,Mobile Banking,Fuel
T06348,A0481,CREDIT,216066.34,2025-09-09,Credit Card,Retail
T03570,A0048,CREDIT,11665.07,2024-05-12,UPI,Restaurant
T01988,A0260,DEBIT,116352.34,2026-04-09,UPI,Fuel
T08751,A0357,CREDIT,6410.55,2026-04-17,Mobile Banking,Restaurant
T07003,A0561,DEBIT,237013.86,2026-01-23,UPI,Healthcare
T07806,A0184,CREDIT,247681.89,2024-02-17,Debit Card,Travel
T01384,A0448,DEBIT,161107.8,2025-05-26,Net Banking,Fuel
T06535,A0473,DEBIT,283656.91,2024-04-04,Credit Card,Utilities
T08704,A0081,CREDIT,24728.16,2025-04-25,ATM,Retail
T06521,A0447,DEBIT,82954.25,2025-05-14,Credit Card,Restaurant
T00101,A0443,CREDIT,51003.61,2024-02-27,Net Banking,Retail
T00605,A0056,CREDIT,27440.91,2026-04-29,Mobile Banking,Online Shopping
T00693,A0519,DEBIT,289987.37,2024-02-12,Net Banking,Travel
T03422,A0250,CREDIT,229381.48,2025-01-05,Mobile Banking,Restaurant
T02567,A0443,DEBIT,74220.1,2024-02-24,UPI,Retail
T00374,A0526,CREDIT,82842.56,2026-02-07,Net Banking,Healthcare
T08698,A0514,DEBIT,283197.97,2025-12-28,Credit Card,Online Shopping
T00631,A0108,CREDIT,364108.76,2025-01-28,Credit Card,Online Shopping
T06091,A0394,CREDIT,162896.45,2025-12-21,Net Banking,Grocery
T09290,A0417,DEBIT,252769.04,2025-06-25,UPI,Online Shopping
T03712,A0479,DEBIT,40350.49,2025-09-03,Credit Card,Utilities
T02552,A0114,CREDIT,1779.01,2025-06-17,Net Banking,Fuel
T06438,A0258,DEBIT,192583.47,2026-03-21,ATM,Restaurant
T00568,A0489,DEBIT,426296.71,2025-12-05,ATM,Grocery
T09476,A0270,CREDIT,168707.28,2025-12-15,UPI,Entertainment
T00559,A0521,DEBIT,26673.22,2024-10-06,Debit Card,Online Shopping
T03658,A0003,DEBIT,212377.46,2024-06-30,Net Banking,Travel
T00602,A0310,CREDIT,290203.18,2025-01-17,ATM,Fuel
T07193,A0061,DEBIT,147673.56,2026-04-06,Mobile Banking,Healthcare
T07338,A0523,DEBIT,55872.23,2024-02-16,UPI,Retail
T09241,A0465,DEBIT,267980.34,2025-06-21,Debit Card,Healthcare
T03680,A0079,DEBIT,471847.03,2025-12-03,UPI,Healthcare
T08328,A0173,CREDIT,453498.76,2026-05-03,Credit Card,Healthcare
T09065,A0101,CREDIT,323591.08,2025-01-06,UPI,Fuel
T03694,A0563,DEBIT,300580.98,2024-03-27,Net Banking,Travel
T09640,A9999,DEBIT,2127.47,2025-07-17,Net Banking,Education
T06977,A0470,CREDIT,300978.21,2025-05-11,Debit Card,Restaurant
T08848,A0372,CREDIT,199316.22,2024-05-27,ATM,Education
T05592,A0568,DEBIT,444293.2,2024-09-27,Mobile Banking,Fuel
T05901,A0428,DEBIT,267051.31,2025-09-09,Debit Card,Utilities
T02996,A0189,DEBIT,496448.32,2026-01-12,ATM,Grocery
T07524,A0360,DEBIT,445580.8,2026-08-08,Debit Card,Restaurant
T01419,A0396,DEBIT,39153.93,2024-10-28,Debit Card,Education
T05232,A0377,CREDIT,448778.57,2025-05-01,UPI,Retail
T05264,A0062,CREDIT,70753.59,2025-10-09,Mobile Banking,Restaurant
T02514,A0036,CREDIT,297318.95,2026-03-09,ATM,Healthcare
T04335,A0565,CREDIT,342964.95,2026-02-12,Mobile Banking,Travel
T00752,A0545,DEBIT,36497.61,2024-12-11,Mobile Banking,Education
T01627,A0126,DEBIT,364252.66,2026-04-06,ATM,Online Shopping
T06869,A0400,DEBIT,226505.16,2026-02-04,Debit Card,Travel
T07278,A0347,CREDIT,413808.89,2025-09-08,UPI,Fuel
T09757,A0459,TRANSFER,22275.79,2024-08-30,ATM,Entertainment
T08793,A0254,DEBIT,466159.06,2026-06-14,Credit Card,Utilities
T00398,A0168,DEBIT,165944.98,2024-06-07,ATM,Retail
T01332,A0035,DEBIT,218201.93,2025-12-19,Credit Card,Online Shopping
T02130,A0099,CREDIT,66096.38,2024-03-13,Mobile Banking,Retail
T01882,A0297,CREDIT,497835.72,2025-04-01,UPI,Online Shopping
T04774,A0126,DEBIT,113468.14,2026-04-18,ATM,Restaurant
T09103,A0293,DEBIT,82590.82,2025-06-14,Debit Card,Fuel
T07730,A0087,DEBIT,169851.97,2024-04-03,Net Banking,Restaurant
T03528,A0240,CREDIT,301793.32,2025-03-17,ATM,Retail
T06836,A0277,DEBIT,431936.14,2026-08-12,ATM,Grocery
T08808,A0037,DEBIT,19182.4,2025-06-30,Credit Card,Utilities
T07802,A0372,CREDIT,348293.64,2026-04-30,Credit Card,Utilities
T00267,A0328,DEBIT,398779.32,2026-08-14,ATM,Education
T09245,A0066,CREDIT,101570.3,2025-08-16,UPI,Restaurant
T03898,A0342,DEBIT,197217.79,2026-02-15,Debit Card,Entertainment
T05219,A0425,DEBIT,41173.9,2026-04-04,UPI,Online Shopping
T06472,A0544,DEBIT,210288.09,2026-05-27,Credit Card,Utilities
T03930,A0145,CREDIT,99573.49,2025-01-11,Net Banking,Travel
T08453,A0516,DEBIT,373844.95,2024-12-19,Mobile Banking,Fuel
T03368,A0300,DEBIT,63337.44,2026-04-16,Debit Card,Education
T03196,A0348,CREDIT,77132.58,2024-07-26,Mobile Banking,Healthcare
T08170,A0442,DEBIT,463211.19,2026-02-20,Debit Card,Travel
T05910,A0421,CREDIT,154170.58,2024-03-12,UPI,Retail
T08099,A0168,DEBIT,57881.25,2024-11-20,UPI,Travel
T00471,A0011,CREDIT,38996.58,2025-11-14,Net Banking,Fuel
T02269,A0162,CREDIT,16839.39,2024-09-11,ATM,Restaurant
T05365,A0144,DEBIT,155494.47,2026-06-20,Debit Card,Grocery
T02674,A0428,CREDIT,179131.45,2024-05-08,ATM,Education
T01961,A0546,CREDIT,230656.02,2024-12-24,Mobile Banking,Grocery
T09027,A0536,CREDIT,249133.63,2025-12-01,UPI,Entertainment
T00901,A0286,DEBIT,385272.79,2025-10-07,UPI,Utilities
T08663,A0345,DEBIT,287734.38,2026-04-07,Credit Card,Restaurant
T07025,A0523,CREDIT,222170.35,2025-10-10,ATM,Fuel
T07330,A0428,CREDIT,133590.62,2025-04-16,Debit Card,Online Shopping
T01680,A0197,DEBIT,199395.38,2024-06-01,ATM,Fuel
T03017,A0296,DEBIT,114066.42,2024-01-17,UPI,Online Shopping
T08242,A0494,CREDIT,49739.39,2024-11-14,UPI,Online Shopping
T07116,A0186,DEBIT,203252.32,2025-03-26,Mobile Banking,Education
T01243,A0336,DEBIT,412435.91,2025-05-09,Net Banking,Grocery
,A0243,CREDIT,4290.74,2026-03-18,Credit Card,Utilities
T02512,A0391,CREDIT,25225.23,2024-01-13,ATM,Education
T03559,A0357,DEBIT,312754.32,2025-07-03,Mobile Banking,Grocery
T08899,A0433,DEBIT,498270.6,2024-08-12,UPI,Retail
T05641,A0228,DEBIT,455305.99,2025-07-07,UPI,Grocery
T09049,A0090,DEBIT,327974.48,2025-02-19,ATM,Retail
T02884,A0508,DEBIT,76237.64,2025-10-12,Net Banking,Entertainment
T07726,A0237,DEBIT,76287.02,2025-04-01,Credit Card,Grocery
T07859,A0400,DEBIT,116361.42,2024-05-17,Mobile Banking,Entertainment
T01719,A0375,CREDIT,388665.56,2025-07-06,Credit Card,Online Shopping
T02726,A0093,CREDIT,439863.94,2024-02-28,Credit Card,Utilities
T06340,A0219,DEBIT,490201.83,2026-08-08,Mobile Banking,Online Shopping
T02989,A0194,CREDIT,380596.58,2024-06-28,Net Banking,Restaurant
T00976,A0370,DEBIT,373661.87,2024-08-07,ATM,Utilities
T09335,A0214,DEBIT,377477.33,2024-10-10,Debit Card,Travel
T08172,A0450,DEBIT,186628.94,2024-04-20,Net Banking,Travel
T05884,A0270,CREDIT,74075.09,2025-07-25,UPI,Education
T01338,A0308,CREDIT,373346.41,2025-02-04,UPI,Utilities
T05615,A0330,DEBIT,186813.16,2024-12-10,ATM,Restaurant
T08080,A0399,CREDIT,414082.42,2024-05-10,UPI,Travel
T04929,A0377,CREDIT,346746.04,2024-07-25,Debit Card,Online Shopping
T01962,A0378,DEBIT,473999.2,2024-06-28,Debit Card,Grocery
T05692,A0398,DEBIT,276767.66,2025-06-22,Credit Card,Fuel
T05678,A0275,DEBIT,240767.59,2026-05-13,ATM,Entertainment
T07548,A0050,DEBIT,111770.19,2025-08-27,Debit Card,Healthcare
T06122,A0169,CREDIT,300183.2,2024-01-09,Debit Card,Retail
T04771,A0365,CREDIT,295481.44,2026-06-07,Net Banking,Healthcare
T05248,A0319,CREDIT,91567.91,2024-07-15,ATM,Travel
T08369,A0436,DEBIT,73135.66,2024-01-22,ATM,Grocery
T06499,A0022,CREDIT,98418.62,2026-02-11,Mobile Banking,Restaurant
T08734,A0132,DEBIT,465564.82,2026-03-26,Net Banking,Travel
T04745,A0127,CREDIT,302305.33,2026-06-23,ATM,Fuel
T05104,A0182,CREDIT,456323.95,2024-06-18,Debit Card,Online Shopping
T04647,A0345,DEBIT,3710.62,2025-07-23,Net Banking,Utilities
T03484,A0394,CREDIT,443229.11,2024-01-14,Credit Card,Travel
T07309,A0099,DEBIT,164216.51,2024-09-26,Net Banking,Online Shopping
T06872,A0013,CREDIT,392484.54,2026-03-01,Credit Card,Restaurant
T00965,A0392,DEBIT,279078.28,2026-01-26,ATM,Travel
T02447,A0053,CREDIT,71815.27,2025-03-27,Mobile Banking,Fuel
T00500,A0465,DEBIT,93358.93,2025-10-30,ATM,Restaurant
T08445,A0022,DEBIT,119185.23,2025-01-08,Credit Card,Grocery
T03522,A0191,CREDIT,207924.99,2024-07-23,ATM,Entertainment
T07035,A0039,CREDIT,138547.56,2024-03-20,ATM,Education
T07538,A0369,DEBIT,236043.61,2025-01-11,ATM,Utilities
T00991,A0104,CREDIT,266757.68,2026-08-25,UPI,Grocery
T07231,A0299,CREDIT,171461.8,2024-11-21,Credit Card,Entertainment
T03286,A0430,DEBIT,283262.72,2024-02-20,Mobile Banking,Restaurant
T08384,A0031,CREDIT,139905.64,2025-11-24,Credit Card,Retail
T03497,A0321,CREDIT,77213.31,2026-05-31,Mobile Banking,Entertainment
T01608,A0190,CREDIT,32350.81,2024-10-01,UPI,Online Shopping
T03448,A0455,DEBIT,212406.3,2024-09-05,Credit Card,Healthcare
T07086,A0487,CREDIT,171384.94,2025-01-31,Net Banking,Entertainment
T01392,A0376,DEBIT,239317.52,2024-06-21,ATM,Fuel
T02361,A0358,CREDIT,230597.19,2025-09-06,Mobile Banking,Online Shopping
T05138,A0224,CREDIT,441246.62,2025-01-14,UPI,Retail
T06131,A0549,DEBIT,479598.95,2024-09-27,Mobile Banking,Fuel
T09696,A0381,CREDIT,-8498.39,2025-09-26,Credit Card,Travel
T06184,A0299,DEBIT,392114.95,2025-10-06,ATM,Retail
T08966,A0235,DEBIT,330586.39,2024-03-09,UPI,Healthcare
T03969,A0248,CREDIT,393917.98,2024-08-08,Net Banking,Fuel
T09376,A0336,DEBIT,58009.3,2025-04-05,Mobile Banking,Travel
T07838,A0533,CREDIT,218055.14,2024-01-15,Credit Card,Fuel
T01900,A0121,DEBIT,452370.28,2024-03-31,Net Banking,Healthcare
T06186,A0294,CREDIT,184987.3,2026-03-19,Credit Card,Restaurant
T01144,A0086,CREDIT,120951.75,2025-09-22,Debit Card,Entertainment
T00499,A0029,CREDIT,285939.74,2024-01-26,Mobile Banking,Grocery
T09092,A0320,CREDIT,136617.08,2024-03-20,UPI,Utilities
T04934,A0425,DEBIT,254536.42,2025-07-27,Net Banking,Utilities
T04295,A0529,DEBIT,477406.9,2025-10-14,Mobile Banking,Fuel
T02043,A0045,CREDIT,231241.49,2026-04-09,Credit Card,Fuel
T03317,A0064,CREDIT,29161.6,2024-01-23,ATM,Fuel
T00882,A0268,DEBIT,307829.18,2025-07-06,ATM,Retail
T07988,A0135,CREDIT,27489.63,2024-06-02,Net Banking,Entertainment
T05035,A0007,DEBIT,196039.6,2026-06-09,UPI,Entertainment
T01888,A0526,DEBIT,450426.15,2026-07-07,UPI,Online Shopping
T06183,A0542,DEBIT,75709.2,2024-12-16,Credit Card,Education
T01807,A0138,DEBIT,198626.13,2026-03-20,Mobile Banking,Retail
T06932,A0385,DEBIT,52669.79,2025-06-18,Net Banking,Fuel
T08320,A0565,CREDIT,296249.16,2025-12-28,Mobile Banking,Fuel
T00099,A0063,CREDIT,188759.83,2026-06-30,Mobile Banking,Online Shopping
T05788,A0388,DEBIT,170867.67,2026-06-20,Credit Card,Online Shopping
T07879,A0480,DEBIT,381998.67,2025-12-26,Debit Card,Grocery
T03475,A0439,CREDIT,28135.62,2025-10-29,Debit Card,Retail
T03290,A0455,CREDIT,41588.88,2024-11-21,ATM,Entertainment
T02158,A0484,DEBIT,196574.43,2026-08-11,Mobile Banking,Fuel
T02441,A0568,DEBIT,239897.31,2025-08-14,UPI,Education
T08779,A0394,DEBIT,50508.75,2025-03-14,Debit Card,Healthcare
T06033,A0195,CREDIT,291259.66,2025-02-09,Mobile Banking,Education
T04961,A0011,CREDIT,313339.97,2026-03-22,Net Banking,Retail
T09377,A0458,CREDIT,27278.13,2025-05-02,Mobile Banking,Retail
T07346,A0548,DEBIT,427767.04,2025-01-07,Mobile Banking,Fuel
T02924,A0212,CREDIT,361215.22,2024-12-16,Mobile Banking,Healthcare
T07398,A0466,DEBIT,7858.12,2025-02-26,Mobile Banking,Healthcare
T01429,A0394,DEBIT,197260.26,2024-02-12,UPI,Restaurant
T05930,A0283,DEBIT,366408.74,2025-01-10,Net Banking,Entertainment
T00032,A0511,DEBIT,498256.24,2025-12-06,Credit Card,Healthcare
T08253,A0567,CREDIT,417123.11,2025-06-22,ATM,Healthcare
T06834,A0446,CREDIT,386610.56,2025-12-03,Debit Card,Fuel
T09257,A0454,CREDIT,311241.29,2024-11-06,Net Banking,Utilities
T02292,A0300,CREDIT,440551.91,2024-02-29,Credit Card,Healthcare
T05324,A0466,DEBIT,26287.21,2024-06-12,Debit Card,Fuel
T06939,A0512,CREDIT,5177.99,2026-06-28,UPI,Restaurant
T01334,A0487,DEBIT,253606.07,2024-09-06,ATM,Online Shopping
T07854,A0515,CREDIT,315349.35,2025-11-14,Credit Card,Online Shopping
T00252,A0455,CREDIT,303420.83,2025-02-13,Mobile Banking,Fuel
T02551,A0255,DEBIT,371913.99,2025-02-16,Credit Card,Travel
T09125,A0255,DEBIT,63003.37,2024-12-18,Net Banking,Retail
T02973,A0056,DEBIT,361368.7,2024-05-06,Net Banking,Online Shopping
T06632,A0033,DEBIT,496117.28,2026-07-27,Debit Card,Healthcare
T01822,A0092,CREDIT,56443.52,2025-02-16,UPI,Grocery
T03274,A0075,CREDIT,447487.98,2024-04-14,Net Banking,Restaurant
T04575,A0368,DEBIT,329251.62,2025-08-10,Net Banking,Online Shopping
T05023,A0063,CREDIT,409475.65,2024-12-15,Mobile Banking,Fuel
T00014,A0063,DEBIT,379620.27,2025-11-07,Mobile Banking,Grocery
T05781,A0350,DEBIT,414621.25,2025-02-19,Credit Card,Entertainment
T02032,A0420,DEBIT,475324.51,2025-04-15,ATM,Travel
T01402,A0378,CREDIT,76444.03,2026-08-12,ATM,Travel
T00238,A0218,CREDIT,100550.33,2026-02-06,ATM,Travel
T06901,A0506,DEBIT,262988.82,2025-07-18,UPI,Online Shopping
T01649,A0044,CREDIT,437427.06,2024-02-26,Net Banking,Travel
T00964,A0263,DEBIT,416292.61,2024-01-25,Debit Card,Healthcare
T03003,A0019,DEBIT,236674.09,2026-02-15,Debit Card,Education
T09372,A0297,DEBIT,189969.87,2024-04-17,Net Banking,Grocery
T04412,A0426,CREDIT,345658.78,2025-09-08,Credit Card,Grocery
T08630,A0415,DEBIT,431629.74,2026-02-11,UPI,Restaurant
T09491,A0316,CREDIT,487059.27,2024-03-13,Mobile Banking,Utilities
T03909,A0190,DEBIT,84575.08,2024-07-31,Credit Card,Retail
T01538,A0502,DEBIT,474576.59,2025-03-23,UPI,Restaurant
T00600,A0538,DEBIT,5528.42,2025-05-07,Credit Card,Travel
T09509,,CREDIT,32522.48,2023-03-03,Net Banking,Online Shopping
T01692,A0141,DEBIT,9829.3,2026-03-28,UPI,Entertainment
T02847,A0189,DEBIT,315709.8,2024-03-31,UPI,Healthcare
T00143,A0302,CREDIT,392958.06,2026-08-06,ATM,Online Shopping
T09655,A0397,CREDIT,-7030.49,2024-07-24,Debit Card,Entertainment
T03836,A0065,CREDIT,299690.47,2024-06-05,Mobile Banking,Education
T08720,A0224,CREDIT,499838.98,2026-07-08,UPI,Fuel
T06788,A0248,CREDIT,27352.25,2026-03-13,Debit Card,Healthcare
T08789,A0287,CREDIT,80609.56,2025-09-09,Mobile Banking,Entertainment
T04178,A0104,DEBIT,436369.53,2026-04-24,Debit Card,Entertainment
T03000,A0244,DEBIT,398805.47,2024-12-09,Net Banking,Utilities
T06269,A0168,CREDIT,145526.24,2025-03-29,ATM,Entertainment
T07198,A0390,CREDIT,395384.83,2024-03-03,Credit Card,Entertainment
T08507,A0186,DEBIT,132208.17,2024-06-06,Debit Card,Healthcare
T01906,A0440,CREDIT,132895.78,2025-06-07,Debit Card,Grocery
T06701,A0349,DEBIT,343290.56,2026-04-24,ATM,Retail
,A0370,CREDIT,13063.53,2023-10-30,UPI,Retail
T08706,A0339,CREDIT,347145.85,2024-05-22,Net Banking,Grocery
T00623,A0526,CREDIT,87330.99,2024-06-04,Debit Card,Fuel
T03029,A0557,CREDIT,287007.65,2024-05-24,Credit Card,Online Shopping
T01274,A0211,CREDIT,379903.66,2026-01-23,Mobile Banking,Restaurant
T06661,A0253,CREDIT,127563.39,2026-07-10,Debit Card,Education
T06770,A0456,DEBIT,223088.41,2024-07-16,Mobile Banking,Online Shopping
T03965,A0189,DEBIT,34972.57,2026-03-15,UPI,Retail
T09300,A0026,DEBIT,432154.2,2024-06-23,Debit Card,Education
T07907,A0144,DEBIT,223207.54,2024-05-24,UPI,Restaurant
T05281,A0140,CREDIT,265995.31,2025-09-09,ATM,Retail
T04185,A0554,DEBIT,198826.63,2026-02-04,Net Banking,Grocery
T09813,A0199,CREDIT,45644.46,bad-date,Mobile Banking,Online Shopping
T06360,A0182,DEBIT,256448.51,2026-07-02,Net Banking,Retail
T02564,A0013,CREDIT,181573.12,2024-11-27,ATM,Restaurant
T01530,A0196,DEBIT,345680.85,2025-08-13,ATM,Fuel
T01914,A0308,CREDIT,107304.45,2026-04-29,UPI,Fuel
T05984,A0050,DEBIT,188389.79,2026-08-29,Mobile Banking,Travel
T05279,A0376,CREDIT,40476.37,2025-07-19,Credit Card,Travel
T01696,A0238,CREDIT,468627.12,2026-08-11,Debit Card,Utilities
T03902,A0351,CREDIT,106993.2,2026-08-01,Credit Card,Travel
T08692,A0139,CREDIT,414947.78,2024-01-02,ATM,Healthcare
T03975,A0392,DEBIT,126978.82,2026-06-26,Net Banking,Utilities
T09650,A0485,DEBIT,-8149.58,2023-01-27,Mobile Banking,Education
T00460,A0205,DEBIT,164427.45,2024-11-20,Debit Card,Fuel
T04053,A0184,CREDIT,146630.82,2025-05-02,Debit Card,Retail
T05484,A0275,DEBIT,210471.93,2024-03-10,ATM,Travel
T02059,A0339,DEBIT,26631.18,2026-04-15,Credit Card,Restaurant
T01942,A0434,DEBIT,245065.65,2025-03-29,Debit Card,Education
T06728,A0482,CREDIT,483758.9,2026-06-06,ATM,Restaurant
T06320,A0505,DEBIT,441478.13,2024-04-01,Credit Card,Retail
T02182,A0183,CREDIT,32949.72,2024-07-09,Debit Card,Entertainment
T00248,A0143,CREDIT,300994.4,2026-06-08,Net Banking,Restaurant
T00836,A0119,CREDIT,237657.39,2025-04-23,Net Banking,Utilities
T05700,A0537,DEBIT,333711.74,2024-08-19,Credit Card,Retail
T09363,A0033,CREDIT,245859.94,2025-06-11,Debit Card,Retail
T05339,A0252,DEBIT,169255.07,2024-07-12,ATM,Fuel
,A0506,DEBIT,1250.51,2026-05-19,ATM,Grocery
T07517,A0185,DEBIT,195601.03,2025-05-10,ATM,Healthcare
T03258,A0114,CREDIT,2646.31,2026-04-18,Credit Card,Education
T09494,A0551,CREDIT,269961.88,2026-04-21,Debit Card,Grocery
,A0072,DEBIT,48646.65,2023-10-22,Credit Card,Entertainment
T08002,A0363,DEBIT,454882.29,2025-05-24,Credit Card,Healthcare
T08310,A0192,DEBIT,11711.8,2026-01-06,Credit Card,Healthcare
T02844,A0564,CREDIT,325675.87,2026-02-27,Debit Card,Restaurant
T00916,A0417,DEBIT,431098.27,2024-03-13,Credit Card,Restaurant
T01612,A0199,DEBIT,359118.88,2024-07-11,Net Banking,Online Shopping
T07949,A0029,DEBIT,306637.26,2026-07-26,Credit Card,Utilities
T09069,A0173,DEBIT,489305.77,2026-01-31,UPI,Grocery
T02100,A0007,DEBIT,448202.72,2024-12-08,Credit Card,Utilities
T04759,A0208,DEBIT,58465.88,2026-07-09,Credit Card,Education
T08729,A0339,CREDIT,472227.37,2025-11-01,Mobile Banking,Healthcare
T02047,A0569,CREDIT,432615.74,2025-02-26,Debit Card,Grocery
T05042,A0051,CREDIT,436191.42,2024-05-19,Credit Card,Healthcare
T08546,A0505,DEBIT,421589.91,2024-01-21,UPI,Utilities
T04901,A0498,DEBIT,442499.69,2025-08-23,Net Banking,Grocery
T01335,A0025,CREDIT,43280.13,2024-07-10,Mobile Banking,Travel
T03064,A0431,CREDIT,122421.82,2026-02-23,ATM,Grocery
T00713,A0432,CREDIT,288048.27,2025-10-09,ATM,Grocery
T02494,A0067,DEBIT,102852.66,2025-04-26,Credit Card,Utilities
T01630,A0094,CREDIT,246341.27,2024-05-17,Credit Card,Utilities
T08874,A0498,CREDIT,145127.49,2025-10-22,ATM,Grocery
T09348,A0124,CREDIT,257059.42,2024-04-15,Credit Card,Fuel
T09329,A0296,CREDIT,165102.63,2024-07-01,Mobile Banking,Restaurant
T05515,A0454,CREDIT,389878.85,2024-06-23,ATM,Retail
T03545,A0130,DEBIT,451634.66,2024-12-13,UPI,Entertainment
T09461,A0481,DEBIT,74340.48,2025-09-25,Credit Card,Entertainment
T06839,A0149,DEBIT,459680.18,2025-05-12,Mobile Banking,Entertainment
T08805,A0102,DEBIT,427318.71,2025-12-25,Net Banking,Fuel
T04246,A0118,DEBIT,383783.28,2024-05-24,Net Banking,Retail
T08819,A0167,DEBIT,457850.39,2024-08-26,UPI,Education
T05030,A0254,CREDIT,244114.24,2024-08-04,Credit Card,Restaurant
T01672,A0533,CREDIT,162956.47,2025-11-09,Net Banking,Utilities
T04694,A0228,DEBIT,266174.17,2024-03-24,Net Banking,Healthcare
T01122,A0510,DEBIT,385444.28,2025-12-16,UPI,Education
T04086,A0115,DEBIT,223769.55,2025-10-09,ATM,Entertainment
T07832,A0185,DEBIT,301430.31,2024-06-24,Mobile Banking,Entertainment
T02861,A0044,DEBIT,177494.42,2025-12-16,Credit Card,Restaurant
T09822,A0150,DEBIT,16724.47,bad-date,Credit Card,Entertainment
T01605,A0385,CREDIT,276316.41,2024-02-10,Mobile Banking,Entertainment
T03859,A0270,CREDIT,331639.84,2026-04-18,Mobile Banking,Restaurant
T08628,A0546,DEBIT,406747.2,2026-05-03,Mobile Banking,Restaurant
T09218,A0183,CREDIT,115562.71,2025-04-05,UPI,Healthcare
T04662,A0375,CREDIT,7338.04,2024-12-24,Credit Card,Travel
T01576,A0158,DEBIT,54309.02,2024-08-22,Mobile Banking,Grocery
T09201,A0182,DEBIT,169808.35,2025-12-03,UPI,Education
T01603,A0423,CREDIT,398870.3,2025-06-07,ATM,Utilities
T04545,A0513,CREDIT,189949.45,2026-02-10,Debit Card,Travel
T08051,A0268,DEBIT,440417.24,2025-07-29,Debit Card,Healthcare
T08194,A0007,DEBIT,31273.8,2024-01-22,UPI,Retail
T07672,A0123,DEBIT,133105.62,2024-12-06,Net Banking,Fuel
T06426,A0270,DEBIT,160984.49,2024-11-30,Mobile Banking,Entertainment
T03092,A0148,DEBIT,276684.3,2026-07-03,ATM,Travel
T08244,A0158,CREDIT,34659.88,2024-09-06,Net Banking,Restaurant
T09177,A0362,CREDIT,297583.39,2024-03-06,Debit Card,Fuel
T07741,A0435,DEBIT,416435.74,2024-07-08,UPI,Restaurant
T08664,A0456,DEBIT,458109.02,2024-03-09,ATM,Travel
T01057,A0086,CREDIT,50655.38,2026-04-05,Credit Card,Travel
T04717,A0555,CREDIT,345926.78,2025-05-26,UPI,Restaurant
T00169,A0472,DEBIT,288108.76,2026-01-24,UPI,Restaurant
T07724,A0014,DEBIT,365086.89,2025-01-11,UPI,Fuel
T01944,A0197,CREDIT,212633.22,2024-09-05,Debit Card,Restaurant
T04407,A0186,DEBIT,223062.51,2026-08-23,Credit Card,Fuel
T04218,A0120,DEBIT,89370.92,2026-01-11,Credit Card,Healthcare
T09368,A0520,DEBIT,290821.48,2025-03-28,Credit Card,Online Shopping
T06288,A0233,DEBIT,495689.28,2025-12-24,Net Banking,Retail
T02668,A0177,DEBIT,129854.13,2026-02-08,Credit Card,Education
T04964,A0187,CREDIT,288311.6,2026-03-20,ATM,Travel
T04737,A0152,DEBIT,89737.78,2024-07-26,Debit Card,Grocery
T08341,A0439,DEBIT,152352.89,2024-09-16,Net Banking,Grocery
T05237,A0211,CREDIT,36612.44,2024-12-10,Debit Card,Online Shopping
T03625,A0432,CREDIT,452311.36,2024-04-18,Mobile Banking,Grocery
T02859,A0256,DEBIT,324547.7,2025-04-04,UPI,Grocery
T01658,A0489,CREDIT,203787.88,2024-08-05,ATM,Utilities
T01537,A0212,DEBIT,176653.78,2026-06-09,Mobile Banking,Travel
T06250,A0250,DEBIT,20711.28,2024-07-31,Net Banking,Education
T09341,A0469,CREDIT,132060.66,2025-04-11,Debit Card,Online Shopping
T01912,A0492,CREDIT,495298.54,2026-02-09,Net Banking,Entertainment
T07647,A0251,CREDIT,347213.13,2026-01-25,Mobile Banking,Grocery
T01019,A0129,CREDIT,257415.54,2026-04-04,ATM,Travel
,A0429,DEBIT,20526.5,2023-07-04,Credit Card,Education
T07977,A0554,CREDIT,429565.17,2025-12-09,Debit Card,Fuel
T05538,A0253,CREDIT,288816.87,2026-07-24,UPI,Online Shopping
T05033,A0364,CREDIT,489560.53,2024-12-08,Net Banking,Travel
T02049,A0091,CREDIT,488704.36,2024-07-26,Debit Card,Education
T01454,A0001,CREDIT,394792.39,2026-07-07,Credit Card,Entertainment
T03671,A0207,CREDIT,18914.03,2025-08-29,Net Banking,Utilities
T00461,A0498,CREDIT,351175.19,2025-05-02,UPI,Restaurant
T09353,A0261,DEBIT,271017.62,2025-11-16,ATM,Grocery
T00973,A0307,CREDIT,280962.01,2025-03-24,ATM,Utilities
T02339,A0115,CREDIT,357458.02,2025-03-22,ATM,Grocery
T01287,A0467,DEBIT,135106.41,2025-12-20,Net Banking,Entertainment
T04008,A0461,CREDIT,415687.22,2025-08-12,Mobile Banking,Travel
T02833,A0544,CREDIT,479299.15,2024-10-05,ATM,Education
T07959,A0465,CREDIT,273569.36,2026-04-17,ATM,Online Shopping
T09308,A0012,DEBIT,235526.37,2025-10-18,Net Banking,Online Shopping
T02364,A0433,DEBIT,412778.34,2024-06-20,UPI,Education
T09358,A0233,DEBIT,468392.54,2025-12-10,Debit Card,Grocery
T08676,A0458,CREDIT,356045.43,2025-09-02,Credit Card,Utilities
T05315,A0277,DEBIT,456660.94,2025-11-29,Mobile Banking,Restaurant
T05523,A0233,CREDIT,325240.76,2025-02-06,Debit Card,Restaurant
T09622,A9999,CREDIT,42047.47,2024-12-09,Mobile Banking,Utilities
T00127,A0540,DEBIT,439206.08,2024-03-07,UPI,Grocery
T06219,A0272,DEBIT,383054.04,2025-01-13,ATM,Healthcare
T06209,A0099,DEBIT,27419.09,2025-01-25,Debit Card,Utilities
T07849,A0180,CREDIT,342650.78,2026-01-11,Mobile Banking,Education
T07696,A0426,DEBIT,32032.27,2024-01-22,Credit Card,Utilities
T07395,A0004,DEBIT,311911.58,2026-01-22,ATM,Healthcare
T06657,A0454,CREDIT,108550.18,2024-02-12,Net Banking,Retail
T05130,A0405,CREDIT,471340.5,2025-05-03,UPI,Travel
T03023,A0070,DEBIT,261126.06,2025-01-28,Mobile Banking,Online Shopping
T07840,A0206,CREDIT,236004.97,2024-08-11,Credit Card,Online Shopping
T02267,A0087,CREDIT,111488.86,2025-07-09,Net Banking,Utilities
T00584,A0283,DEBIT,95367.27,2025-08-16,Net Banking,Utilities
T07012,A0004,CREDIT,138664.37,2024-04-24,Mobile Banking,Online Shopping
T01313,A0398,DEBIT,104303.36,2025-03-14,Net Banking,Fuel
T03976,A0295,DEBIT,389958.2,2024-12-14,ATM,Online Shopping
T00515,A0302,DEBIT,372622.71,2025-05-22,Credit Card,Education
T01902,A0182,DEBIT,142130.32,2026-07-04,Mobile Banking,Education
T04494,A0269,DEBIT,236548.46,2024-07-25,ATM,Fuel
T01141,A0123,DEBIT,411456.45,2026-06-24,ATM,Online Shopping
T02667,A0333,DEBIT,335892.3,2025-01-27,UPI,Grocery
T00092,A0006,DEBIT,97384.61,2024-03-24,Net Banking,Retail
T07040,A0463,DEBIT,484434.05,2024-01-26,Mobile Banking,Healthcare
T04863,A0488,DEBIT,101172.08,2024-07-20,ATM,Retail
T02984,A0330,CREDIT,381566.97,2026-04-15,Credit Card,Entertainment
T08388,A0525,DEBIT,435573.39,2025-02-06,ATM,Online Shopping
T08023,A0069,DEBIT,295235.8,2024-08-16,Debit Card,Fuel
T01451,A0053,CREDIT,235656.95,2024-02-03,ATM,Restaurant
T03275,A0338,CREDIT,150711.02,2025-09-19,Debit Card,Grocery
T06789,A0191,CREDIT,155378.29,2025-05-11,Mobile Banking,Retail
T07300,A0360,CREDIT,26602.92,2024-05-24,Mobile Banking,Travel
T03976,A0495,CREDIT,32523.24,2025-02-26,Mobile Banking,Grocery
T00050,A0455,CREDIT,403479.82,2025-09-13,Debit Card,Healthcare
T01694,A0069,DEBIT,11465.26,2026-08-17,Net Banking,Education
T03049,A0113,CREDIT,181353.01,2025-09-16,Debit Card,Education
T03008,A0274,DEBIT,297546.8,2025-10-23,Net Banking,Travel
T03365,A0410,DEBIT,5974.18,2024-07-20,Credit Card,Travel
T03254,A0375,DEBIT,389170.64,2024-10-30,ATM,Grocery
T03319,A0386,DEBIT,350036.93,2024-03-06,Net Banking,Utilities
T09528,,DEBIT,13591.11,2024-03-05,Credit Card,Online Shopping
T09790,A0039,DEBIT,9635.88,2026-01-13,Telegram,Entertainment
T05406,A0500,DEBIT,184599.38,2026-02-17,Mobile Banking,Fuel
T03917,A0514,DEBIT,406979.81,2024-08-15,UPI,Travel
T00827,A0316,CREDIT,373729.48,2026-01-25,ATM,Restaurant
T04736,A0136,CREDIT,43459.8,2026-08-18,ATM,Utilities
T01917,A0001,DEBIT,93371.53,2024-09-11,UPI,Restaurant
T08882,A0538,DEBIT,173911.49,2025-07-08,Net Banking,Retail
T02452,A0401,CREDIT,41591.79,2026-01-13,ATM,Retail
T09075,A0484,CREDIT,306508.43,2026-07-26,ATM,Travel
T08859,A0415,DEBIT,385972.3,2024-12-20,ATM,Online Shopping
T06822,A0165,DEBIT,394824.26,2025-07-01,Net Banking,Retail
T06300,A0006,DEBIT,206593.38,2025-03-27,ATM,Utilities
T00138,A0161,DEBIT,127339.17,2024-03-27,ATM,Online Shopping
T00960,A0380,CREDIT,153185.57,2026-01-14,Debit Card,Utilities
T06479,A0037,DEBIT,229199.64,2024-11-27,ATM,Utilities
T07205,A0553,DEBIT,227325.96,2025-01-08,Credit Card,Fuel
T05987,A0425,DEBIT,209068.04,2026-06-30,ATM,Online Shopping
T07474,A0213,CREDIT,356499.34,2025-02-28,Debit Card,Retail
T02713,A0559,CREDIT,332587.16,2026-08-02,UPI,Fuel
T07155,A0428,DEBIT,39132.12,2024-03-01,Credit Card,Fuel
T00672,A0241,DEBIT,324989.05,2025-04-09,UPI,Retail
T01128,A0220,CREDIT,228671.15,2024-07-09,ATM,Utilities
T03143,A0224,CREDIT,283849.07,2026-03-12,Debit Card,Healthcare
T05852,A0070,CREDIT,343539.71,2026-02-13,ATM,Fuel
T00233,A0112,DEBIT,407132.59,2024-10-02,Mobile Banking,Travel
T02254,A0457,CREDIT,30695.85,2024-06-26,UPI,Entertainment
T09237,A0303,DEBIT,341897.71,2024-09-22,Credit Card,Restaurant
T05453,A0203,DEBIT,320622.9,2024-08-23,Credit Card,Healthcare
T04999,A0408,CREDIT,87849.35,2024-07-25,Credit Card,Online Shopping
T00048,A0535,CREDIT,375304.23,2025-05-29,UPI,Online Shopping
T09070,A0524,CREDIT,1399.64,2024-01-28,Credit Card,Grocery
T09462,A0497,CREDIT,281811.8,2025-03-30,Debit Card,Online Shopping
T05134,A0203,DEBIT,319931.88,2026-07-20,Credit Card,Healthcare
T05463,A0302,DEBIT,201496.93,2025-12-04,Net Banking,Retail
T01585,A0248,CREDIT,169622.07,2025-07-04,UPI,Restaurant
T08522,A0047,CREDIT,331386.98,2024-10-09,Debit Card,Grocery
T09268,A0515,DEBIT,279965.6,2024-07-28,UPI,Grocery
T04810,A0317,CREDIT,242814.58,2025-09-01,UPI,Fuel
T02013,A0240,DEBIT,279059.23,2025-06-16,Mobile Banking,Fuel
T04228,A0165,CREDIT,104076.34,2026-03-26,UPI,Education
T05715,A0492,CREDIT,253608.41,2025-10-27,ATM,Grocery
T02310,A0392,CREDIT,454394.94,2026-01-27,Mobile Banking,Retail
T02098,A0570,DEBIT,255267.33,2024-09-05,UPI,Grocery
T00371,A0070,DEBIT,209560.18,2026-08-11,Net Banking,Retail
T04418,A0568,DEBIT,68137.96,2024-05-15,Mobile Banking,Travel
T03076,A0280,DEBIT,27908.85,2026-06-28,Net Banking,Restaurant
T08175,A0021,CREDIT,361956.14,2026-01-15,Net Banking,Utilities
T02685,A0181,CREDIT,471852.1,2024-05-30,Credit Card,Online Shopping
T04893,A0121,DEBIT,137661.73,2026-03-24,UPI,Grocery
T03168,A0515,DEBIT,437151.94,2025-10-24,Mobile Banking,Utilities
T05612,A0141,DEBIT,155469.66,2025-11-02,Debit Card,Online Shopping
T06211,A0238,CREDIT,77478.29,2024-12-23,ATM,Healthcare
T00915,A0164,CREDIT,231159.9,2024-03-12,UPI,Retail
T08468,A0186,CREDIT,48048.68,2026-01-30,Net Banking,Fuel
T08961,A0263,DEBIT,268043.24,2025-10-15,Debit Card,Retail
T03284,A0505,DEBIT,296219.01,2024-11-09,Mobile Banking,Retail
T02122,A0135,CREDIT,33112.89,2025-01-03,Net Banking,Fuel
T04830,A0099,DEBIT,337996.09,2024-07-29,Mobile Banking,Grocery
T00891,A0474,DEBIT,105397.63,2025-12-15,ATM,Healthcare
T01208,A0454,CREDIT,253841.44,2024-03-22,ATM,Travel
T01525,A0280,CREDIT,246377.14,2024-08-31,UPI,Healthcare
T05650,A0139,CREDIT,345604.63,2024-07-12,Mobile Banking,Online Shopping
T00480,A0421,DEBIT,176170.39,2025-07-09,Credit Card,Education
T07580,A0245,DEBIT,404704.61,2024-03-13,ATM,Fuel
T00823,A0281,DEBIT,58945.51,2025-04-22,Net Banking,Online Shopping
T05345,A0317,DEBIT,98567.93,2025-07-27,Credit Card,Online Shopping
T05605,A0549,CREDIT,158297.86,2026-03-01,Debit Card,Travel
T04755,A0517,DEBIT,225884.09,2024-10-16,Debit Card,Grocery
T00914,A0182,DEBIT,250157.45,2024-04-23,Net Banking,Utilities
T05584,A0249,DEBIT,456576.03,2025-09-13,UPI,Grocery
T05794,A0050,CREDIT,408204.35,2025-01-09,UPI,Online Shopping
T01302,A0406,CREDIT,411739.34,2026-06-20,UPI,Education
T03104,A0204,DEBIT,267923.5,2025-03-30,UPI,Utilities
T02501,A0036,DEBIT,225160.1,2024-05-17,UPI,Restaurant
T03232,A0514,DEBIT,151251.47,2024-09-24,ATM,Retail
T08504,A0225,CREDIT,3817.27,2026-07-16,Net Banking,Travel
T06364,A0248,CREDIT,92769.95,2025-02-03,Credit Card,Entertainment
T08927,A0521,DEBIT,2784.34,2024-02-15,UPI,Retail
T00862,A0408,CREDIT,232514.86,2024-03-25,Debit Card,Online Shopping
T03350,A0295,DEBIT,415247.44,2024-01-23,Debit Card,Healthcare
T03470,A0379,CREDIT,158612.18,2026-08-04,UPI,Restaurant
T00564,A0273,CREDIT,33017.11,2024-04-13,Debit Card,Travel
T02139,A0525,DEBIT,181089.19,2024-03-02,Debit Card,Fuel
T03321,A0147,CREDIT,335.19,2026-03-23,Debit Card,Travel
T04120,A0045,CREDIT,424915.38,2024-08-10,Net Banking,Grocery
T01778,A0148,DEBIT,481551.33,2025-12-07,ATM,Healthcare
T04704,A0070,CREDIT,452567.2,2026-03-18,Mobile Banking,Grocery
T05336,A0021,CREDIT,290208.87,2026-03-14,Mobile Banking,Retail
T02402,A0496,DEBIT,332666.05,2025-03-08,Net Banking,Healthcare
T02895,A0007,DEBIT,124029.62,2026-08-19,Debit Card,Entertainment
T01844,A0110,DEBIT,159785.64,2026-06-03,ATM,Retail
T05411,A0248,CREDIT,378269.8,2025-05-15,Credit Card,Travel
T03318,A0350,DEBIT,49815.06,2024-05-29,ATM,Utilities
T00804,A0320,DEBIT,265389.69,2026-06-23,Net Banking,Travel
T05258,A0396,CREDIT,195148.29,2025-07-13,Credit Card,Grocery
T01171,A0530,DEBIT,90239.59,2025-03-29,UPI,Travel
T07433,A0258,DEBIT,193996.46,2025-11-22,UPI,Education
T01924,A0560,CREDIT,273397.52,2026-07-18,Mobile Banking,Retail
T08616,A0481,DEBIT,319456.53,2024-06-14,Mobile Banking,Healthcare
T04985,A0083,DEBIT,34451.26,2025-11-20,Credit Card,Entertainment
T05862,A0004,CREDIT,486097.45,2024-06-10,Credit Card,Fuel
T03628,A0101,CREDIT,361691.61,2025-07-22,Debit Card,Utilities
T05019,A0166,DEBIT,36016.69,2025-02-14,Mobile Banking,Retail
T05387,A0145,DEBIT,472280.93,2025-01-31,UPI,Online Shopping
T05286,A0199,CREDIT,357754.24,2025-06-16,ATM,Fuel
T08153,A0147,DEBIT,362058.24,2024-06-23,Mobile Banking,Retail
T09620,A9999,CREDIT,19088.93,2024-09-30,ATM,Utilities
T07570,A0224,DEBIT,125346.44,2025-10-15,UPI,Restaurant
T00504,A0146,DEBIT,131071.14,2024-07-03,UPI,Online Shopping
T08997,A0121,DEBIT,412293.66,2025-08-25,UPI,Restaurant
T01197,A0351,CREDIT,471458.84,2026-01-06,Debit Card,Education
T06794,A0208,CREDIT,467283.37,2026-04-02,Mobile Banking,Healthcare
T02974,A0538,DEBIT,217420.14,2026-01-31,Debit Card,Healthcare
T00718,A0301,CREDIT,168470.47,2026-04-24,Debit Card,Fuel
T05145,A0563,DEBIT,258034.83,2025-05-04,Mobile Banking,Retail
T04659,A0203,DEBIT,257097.61,2025-09-20,Debit Card,Restaurant
T02418,A0175,DEBIT,70057.56,2026-05-29,Debit Card,Online Shopping
T07342,A0294,DEBIT,227615.15,2024-10-20,UPI,Restaurant
T08981,A0177,CREDIT,208082.4,2026-04-27,Net Banking,Fuel
T07074,A0403,CREDIT,192314.31,2024-07-14,Debit Card,Grocery
T09435,A0166,DEBIT,108707.77,2026-03-28,Mobile Banking,Education
T05610,A0498,DEBIT,422645.73,2026-03-27,ATM,Online Shopping
T09278,A0019,CREDIT,70646.05,2024-08-10,Debit Card,Utilities
T07550,A0478,DEBIT,66203.6,2024-04-17,UPI,Utilities
T07394,A0369,DEBIT,355748.42,2024-08-01,ATM,Education
T08428,A0445,CREDIT,455534.17,2025-01-22,Debit Card,Grocery
T07186,A0405,DEBIT,463913.0,2026-07-03,Credit Card,Online Shopping
T04197,A0430,CREDIT,302993.61,2024-05-09,UPI,Education
T00487,A0118,CREDIT,428185.68,2026-08-31,UPI,Utilities
T07149,A0546,DEBIT,403071.2,2025-10-24,UPI,Entertainment
T03063,A0328,DEBIT,348196.05,2026-04-05,Debit Card,Online Shopping
T08716,A0159,CREDIT,191123.84,2024-03-07,Debit Card,Education
T04849,A0124,CREDIT,203600.16,2025-01-23,Debit Card,Education
T04083,A0343,DEBIT,379396.83,2025-07-03,ATM,Healthcare
T03241,A0390,DEBIT,430107.13,2024-07-11,Net Banking,Online Shopping
T06454,A0185,DEBIT,341623.61,2024-03-27,Mobile Banking,Education
T06420,A0435,DEBIT,417255.55,2025-08-12,Mobile Banking,Fuel
T07415,A0331,DEBIT,58375.44,2026-08-21,Credit Card,Healthcare
T06089,A0343,DEBIT,149169.84,2025-08-29,Net Banking,Retail
T07775,A0129,DEBIT,447999.55,2025-12-09,ATM,Online Shopping
T09050,A0202,DEBIT,99984.53,2025-06-08,Credit Card,Restaurant
T08696,A0214,DEBIT,291622.13,2024-11-30,Mobile Banking,Grocery
T01020,A0085,CREDIT,358662.31,2024-10-16,Net Banking,Online Shopping
T09117,A0503,CREDIT,393506.89,2024-02-20,Credit Card,Education
T06634,A0491,DEBIT,390549.75,2024-09-02,Mobile Banking,Retail
T07496,A0061,CREDIT,405687.57,2025-09-17,Mobile Banking,Education
T00446,A0245,CREDIT,498505.05,2025-09-13,UPI,Grocery
T00103,A0011,DEBIT,192021.62,2026-03-25,Credit Card,Fuel
T05976,A0110,DEBIT,264059.94,2024-04-20,ATM,Fuel
T01528,A0276,CREDIT,308230.79,2026-06-29,UPI,Healthcare
T03505,A0047,DEBIT,223473.61,2026-07-25,Mobile Banking,Entertainment
T01868,A0033,CREDIT,489913.43,2025-02-16,Credit Card,Healthcare
T06897,A0108,CREDIT,79828.61,2025-01-30,Debit Card,Fuel
T06333,A0524,DEBIT,200225.65,2024-08-17,Net Banking,Fuel
T09215,A0313,DEBIT,345013.37,2025-05-06,Mobile Banking,Restaurant
T07481,A0022,DEBIT,60308.21,2026-01-06,ATM,Entertainment
T04914,A0370,DEBIT,391948.76,2025-09-07,Mobile Banking,Travel
T06130,A0355,DEBIT,226396.39,2024-09-07,UPI,Fuel
T07973,A0196,DEBIT,383575.7,2024-05-21,Net Banking,Healthcare
T07305,A0569,DEBIT,182902.69,2024-01-19,Mobile Banking,Grocery
T00550,A0480,DEBIT,94039.92,2024-04-17,Debit Card,Travel
T05790,A0265,DEBIT,47462.88,2026-02-01,Debit Card,Utilities
T02945,A0043,DEBIT,197965.29,2025-03-20,UPI,Utilities
T05307,A0125,CREDIT,466384.26,2024-02-18,Credit Card,Education
T09485,A0457,DEBIT,321999.97,2025-12-23,Credit Card,Travel
T04321,A0362,CREDIT,335631.22,2026-08-17,Debit Card,Utilities
T01135,A0420,CREDIT,208002.1,2025-02-27,Credit Card,Restaurant
T01258,A0536,CREDIT,470067.38,2024-08-28,UPI,Utilities
T06175,A0210,DEBIT,389204.03,2026-02-20,Net Banking,Online Shopping
T03938,A0465,CREDIT,246441.68,2025-05-19,UPI,Entertainment
T03953,A0307,DEBIT,206836.92,2024-04-30,UPI,Online Shopping
T02203,A0158,CREDIT,89401.24,2024-12-28,Credit Card,Retail
T03373,A0293,DEBIT,438366.37,2025-09-05,ATM,Retail
T01103,A0206,CREDIT,175665.22,2025-10-24,Mobile Banking,Online Shopping
T00155,A0551,DEBIT,163107.15,2024-01-24,Net Banking,Retail
T03662,A0447,DEBIT,365854.2,2025-06-03,Credit Card,Utilities
T04323,A0053,CREDIT,484765.68,2024-08-05,Mobile Banking,Utilities
T08879,A0142,DEBIT,446287.54,2025-06-06,Debit Card,Utilities
T08056,A0164,CREDIT,101098.17,2024-09-29,ATM,Grocery
T00784,A0166,CREDIT,83181.87,2025-03-24,UPI,Retail
T00746,A0308,CREDIT,437532.03,2025-11-15,Credit Card,Entertainment
T08624,A0345,CREDIT,247270.53,2026-07-23,Debit Card,Education
T08332,A0437,CREDIT,391731.32,2024-12-18,Debit Card,Fuel
T02809,A0217,CREDIT,198239.39,2025-10-22,Credit Card,Travel
T01362,A0178,CREDIT,362323.89,2026-06-16,Debit Card,Travel
T04888,A0159,DEBIT,309694.96,2026-03-10,UPI,Online Shopping
T01803,A0003,CREDIT,285564.5,2025-03-26,UPI,Grocery
,A0124,CREDIT,12747.08,2024-08-16,Net Banking,Travel
T03534,A0040,DEBIT,251090.7,2026-05-20,UPI,Restaurant
T05290,A0535,DEBIT,478211.0,2025-08-05,Mobile Banking,Healthcare
T04654,A0518,DEBIT,134024.07,2024-08-06,Net Banking,Online Shopping
T03980,A0435,DEBIT,272223.79,2024-01-29,Mobile Banking,Grocery
T09094,A0187,DEBIT,108541.83,2025-08-15,ATM,Grocery
T02557,A0010,DEBIT,150170.76,2026-05-12,UPI,Education
T08648,A0014,DEBIT,63333.96,2024-01-27,Net Banking,Online Shopping
T08935,A0402,DEBIT,162165.21,2026-01-23,Credit Card,Education
T01105,A0063,CREDIT,341386.77,2024-04-07,ATM,Retail
T00250,A0528,DEBIT,330148.18,2024-01-04,Mobile Banking,Utilities
T07133,A0468,DEBIT,257063.24,2024-09-30,Mobile Banking,Grocery
T04349,A0477,DEBIT,234689.85,2025-07-14,Net Banking,Restaurant
T06874,A0125,CREDIT,258951.61,2025-04-03,UPI,Education
T03579,A0513,DEBIT,375066.77,2026-05-16,Credit Card,Travel
T00296,A0041,CREDIT,287583.01,2025-10-30,ATM,Online Shopping
T01038,A0544,CREDIT,187298.61,2024-04-12,Mobile Banking,Grocery
T03088,A0159,DEBIT,423682.53,2026-03-13,UPI,Education
T02841,A0306,CREDIT,223188.64,2024-02-19,ATM,Retail
T07827,A0462,CREDIT,490182.81,2024-10-07,Credit Card,Restaurant
T06065,A0212,CREDIT,4636.64,2025-12-26,Mobile Banking,Fuel
T01487,A0337,CREDIT,272577.12,2024-07-24,UPI,Healthcare
T03594,A0186,CREDIT,389754.23,2025-12-24,Net Banking,Online Shopping
T03390,A0433,CREDIT,42685.21,2025-08-07,Credit Card,Healthcare
T01267,A0564,CREDIT,20161.0,2025-08-26,UPI,Travel
T02608,A0315,CREDIT,168747.85,2025-08-23,Debit Card,Education
T03945,A0230,DEBIT,162366.24,2025-11-02,Mobile Banking,Fuel
T06628,A0228,DEBIT,194746.66,2024-10-21,ATM,Healthcare
T07593,A0521,CREDIT,480373.68,2024-09-27,Mobile Banking,Travel
T06460,A0394,DEBIT,425382.76,2026-06-03,Net Banking,Restaurant
T00905,A0101,DEBIT,290120.9,2025-03-04,Credit Card,Healthcare
T07544,A0156,CREDIT,128615.73,2024-04-09,Credit Card,Retail
T00295,A0185,CREDIT,277405.41,2026-03-30,Debit Card,Online Shopping
T07373,A0158,CREDIT,49907.11,2024-09-19,Mobile Banking,Retail
T05839,A0298,CREDIT,266757.57,2024-12-05,Credit Card,Fuel
T08795,A0017,CREDIT,445865.05,2024-02-13,Debit Card,Healthcare
T00434,A0344,CREDIT,119841.01,2024-06-15,Net Banking,Online Shopping
T04400,A0530,DEBIT,460702.11,2025-07-15,UPI,Fuel
T06060,A0468,CREDIT,293203.23,2024-06-08,Mobile Banking,Utilities
T09730,A0302,TRANSFER,22472.63,2024-06-18,Credit Card,Fuel
T04502,A0037,CREDIT,35144.81,2024-08-10,ATM,Utilities
T02555,A0241,CREDIT,342786.94,2024-07-25,Credit Card,Fuel
T04161,A0541,CREDIT,55412.97,2026-06-25,UPI,Entertainment
T07787,A0316,CREDIT,379673.79,2026-02-05,Debit Card,Travel
T00536,A0410,CREDIT,278269.46,2024-11-16,Credit Card,Fuel
T04624,A0547,DEBIT,183630.46,2025-10-11,UPI,Grocery
T07162,A0364,CREDIT,477923.26,2025-07-27,Credit Card,Travel
T06085,A0474,CREDIT,435560.41,2026-05-09,Net Banking,Online Shopping
T08090,A0104,DEBIT,150598.24,2024-11-08,Credit Card,Utilities
T09747,A0566,TRANSFER,32075.63,2023-09-26,Net Banking,Retail
T06367,A0435,CREDIT,344564.49,2025-12-17,UPI,Restaurant
T04380,A0452,DEBIT,19770.75,2026-03-23,Mobile Banking,Utilities
T09663,A0012,CREDIT,-3693.34,2026-06-01,UPI,Travel
T06090,A0486,CREDIT,492847.09,2025-12-11,Net Banking,Fuel
T07317,A0458,DEBIT,342837.79,2025-11-04,Net Banking,Grocery
T01111,A0320,DEBIT,53976.68,2025-11-30,ATM,Fuel
T02023,A0500,DEBIT,192609.78,2024-07-08,UPI,Online Shopping
T06681,A0324,DEBIT,332027.91,2024-11-03,ATM,Restaurant
T09170,A0344,CREDIT,42521.14,2026-01-28,Mobile Banking,Fuel
T01611,A0561,DEBIT,249273.77,2026-08-11,ATM,Education
T05231,A0381,CREDIT,255101.27,2024-05-07,ATM,Entertainment
T03916,A0537,DEBIT,280500.99,2025-11-03,Debit Card,Online Shopping
T04162,A0110,DEBIT,416090.48,2024-02-07,Debit Card,Fuel
T08286,A0435,DEBIT,99633.67,2026-03-08,ATM,Online Shopping
T02346,A0225,DEBIT,211181.94,2024-01-22,Mobile Banking,Grocery
T07745,A0055,DEBIT,281725.3,2025-02-13,Net Banking,Entertainment
T01789,A0273,DEBIT,67919.75,2024-06-07,Net Banking,Retail
T08651,A0464,DEBIT,251606.73,2024-06-30,UPI,Fuel
T04465,A0558,CREDIT,123950.78,2025-03-10,Net Banking,Fuel
T04592,A0563,CREDIT,414489.48,2025-10-24,Debit Card,Entertainment
T03344,A0398,DEBIT,81917.37,2025-03-14,Credit Card,Restaurant
T00633,A0453,DEBIT,303306.0,2026-05-10,UPI,Grocery
T08207,A0335,CREDIT,486033.47,2025-12-24,Debit Card,Grocery
T01142,A0569,DEBIT,100474.01,2025-06-14,UPI,Entertainment
T01591,A0032,CREDIT,161316.05,2026-02-14,Mobile Banking,Fuel
T06388,A0061,DEBIT,103679.06,2026-04-30,UPI,Travel
T03036,A0425,CREDIT,145655.95,2024-02-28,Debit Card,Online Shopping
T03652,A0186,CREDIT,17712.8,2024-06-27,ATM,Entertainment
T07051,A0360,DEBIT,248316.28,2024-03-04,ATM,Online Shopping
T03120,A0181,CREDIT,172753.92,2025-10-09,Net Banking,Utilities
T09235,A0320,CREDIT,285931.91,2025-09-02,ATM,Education
T09339,A0002,CREDIT,225422.71,2024-07-23,Credit Card,Grocery
T01186,A0504,DEBIT,442813.37,2024-03-28,Debit Card,Online Shopping
T03394,A0195,DEBIT,178332.88,2025-07-06,UPI,Fuel
T09417,A0198,DEBIT,384286.19,2024-11-29,ATM,Fuel
T01946,A0429,DEBIT,350329.15,2024-02-25,UPI,Healthcare
T00530,A0051,DEBIT,249375.62,2024-10-08,Credit Card,Online Shopping
T04223,A0355,CREDIT,282206.08,2025-10-20,ATM,Restaurant
T07183,A0014,DEBIT,117839.96,2024-04-13,Net Banking,Entertainment
T08456,A0103,CREDIT,243712.27,2026-01-08,Net Banking,Fuel
T01532,A0048,CREDIT,342065.68,2024-05-16,ATM,Restaurant
T06751,A0158,CREDIT,199945.26,2024-05-30,Mobile Banking,Fuel
T04356,A0201,DEBIT,37358.46,2025-06-12,Credit Card,Retail
T08485,A0562,DEBIT,136242.81,2024-01-16,Net Banking,Travel
T05308,A0560,DEBIT,246863.09,2024-12-23,Net Banking,Entertainment
T07611,A0340,DEBIT,442731.36,2025-05-21,Credit Card,Utilities
T09392,A0474,CREDIT,69149.69,2024-06-30,Mobile Banking,Fuel
T09252,A0219,DEBIT,200226.78,2025-02-08,ATM,Retail
T04215,A0398,CREDIT,390021.37,2025-06-27,Credit Card,Fuel
T04311,A0494,DEBIT,37510.8,2025-03-10,Net Banking,Utilities
T03588,A0303,CREDIT,56436.05,2025-02-10,Net Banking,Healthcare
T09219,A0395,DEBIT,114073.1,2024-08-10,Mobile Banking,Travel
T04046,A0231,CREDIT,152957.93,2024-08-24,Mobile Banking,Fuel
T08615,A0103,DEBIT,146712.04,2024-12-12,ATM,Entertainment
T07792,A0286,DEBIT,209744.68,2025-09-29,Credit Card,Entertainment
T04378,A0393,DEBIT,334507.63,2024-06-18,UPI,Restaurant
T05481,A0428,CREDIT,114851.01,2024-11-02,Debit Card,Retail
T03657,A0130,DEBIT,326887.13,2026-05-29,ATM,Restaurant
T05437,A0062,DEBIT,105932.03,2024-05-23,Debit Card,Education
,A0541,CREDIT,45949.03,2024-01-24,Net Banking,Entertainment
T00317,A0526,CREDIT,328815.71,2024-05-26,Credit Card,Fuel
T05872,A0261,CREDIT,143812.36,2025-02-25,Mobile Banking,Travel
T04969,A0335,DEBIT,250771.39,2024-02-22,Debit Card,Utilities
T04535,A0101,DEBIT,115521.05,2026-02-24,UPI,Grocery
T00620,A0035,DEBIT,21411.64,2026-07-17,Debit Card,Grocery
T01055,A0432,CREDIT,319066.15,2026-06-04,Debit Card,Restaurant
T05144,A0391,CREDIT,485126.15,2025-10-03,ATM,Entertainment
T00097,A0342,CREDIT,471779.43,2026-03-05,Net Banking,Fuel
T05382,A0075,DEBIT,478827.18,2026-06-19,Net Banking,Travel
T00012,A0031,DEBIT,72877.59,2024-01-11,Mobile Banking,Education
T05548,A0187,DEBIT,262114.79,2025-07-22,Credit Card,Travel
T05098,A0502,CREDIT,375399.54,2024-09-09,Mobile Banking,Restaurant
T02201,A0146,CREDIT,459829.36,2025-06-04,UPI,Online Shopping
T01290,A0180,CREDIT,288422.67,2024-02-15,Mobile Banking,Online Shopping
T09188,A0044,DEBIT,367491.27,2024-02-19,UPI,Fuel
T08834,A0168,CREDIT,225555.74,2025-07-07,Net Banking,Grocery
T01972,A0013,CREDIT,400617.94,2024-03-09,Net Banking,Healthcare
T02561,A0457,CREDIT,464791.6,2025-06-19,UPI,Utilities
T01655,A0147,CREDIT,491961.55,2026-05-01,Debit Card,Restaurant
T05197,A0229,DEBIT,56823.26,2025-07-22,Mobile Banking,Retail
T02242,A0184,DEBIT,174947.31,2024-06-14,Net Banking,Grocery
T07097,A0387,DEBIT,201900.77,2024-10-12,UPI,Travel
T03810,A0438,DEBIT,340786.03,2026-05-01,Credit Card,Entertainment
T03132,A0387,DEBIT,206990.08,2024-03-20,UPI,Grocery
T00175,A0506,DEBIT,496195.62,2025-07-20,UPI,Utilities
T05897,A0243,DEBIT,352437.54,2024-01-31,UPI,Online Shopping
T05228,A0479,CREDIT,141326.69,2025-06-24,UPI,Online Shopping
T00256,A0562,DEBIT,84109.62,2025-04-01,UPI,Entertainment
T02741,A0103,CREDIT,149826.4,2025-11-13,UPI,Education
T01554,A0412,DEBIT,48135.36,2025-04-28,Net Banking,Travel
T05388,A0114,DEBIT,64541.65,2026-05-31,Credit Card,Fuel
T01030,A0500,DEBIT,331657.71,2025-11-15,Debit Card,Education
T07126,A0181,CREDIT,448377.04,2026-07-28,Net Banking,Grocery
T06411,A0226,CREDIT,297525.55,2025-05-16,ATM,Online Shopping
T00637,A0089,CREDIT,314594.92,2025-11-15,UPI,Travel
T02373,A0167,DEBIT,163142.53,2025-09-08,Debit Card,Healthcare
T02075,A0454,CREDIT,422277.95,2025-04-19,Net Banking,Education
T09802,A0480,DEBIT,42921.65,2025-09-23,Telegram,Travel
T02377,A0406,DEBIT,10894.68,2024-01-04,Net Banking,Fuel
T01626,A0364,CREDIT,414279.94,2024-09-20,Net Banking,Utilities
T03397,A0522,CREDIT,141216.1,2025-02-01,Credit Card,Grocery
T07422,A0434,DEBIT,419773.16,2024-06-16,Credit Card,Online Shopping
T05741,A0393,CREDIT,281004.18,2024-12-01,Mobile Banking,Travel
T09063,A0107,CREDIT,214688.31,2026-07-14,Debit Card,Travel
T04373,A0168,CREDIT,351694.41,2025-09-24,ATM,Retail
T00242,A0104,CREDIT,30622.13,2026-02-08,UPI,Fuel
T06404,A0288,DEBIT,240674.27,2025-07-20,ATM,Utilities
T08844,A0293,DEBIT,396605.72,2025-06-26,Debit Card,Entertainment
T00548,A0362,CREDIT,329774.44,2026-01-22,ATM,Online Shopping
T04963,A0429,CREDIT,479372.53,2024-05-04,Mobile Banking,Education
T01259,A0366,DEBIT,40671.25,2024-12-17,UPI,Entertainment
T06172,A0318,CREDIT,111425.15,2024-04-15,Credit Card,Travel
T00389,A0471,CREDIT,407817.43,2024-06-29,ATM,Fuel
T07075,A0428,CREDIT,186423.66,2024-08-29,Net Banking,Education
T07657,A0423,DEBIT,380702.73,2025-08-01,ATM,Retail
T08735,A0540,DEBIT,41926.66,2025-03-17,ATM,Utilities
T09426,A0532,DEBIT,354533.41,2026-05-06,ATM,Restaurant
T01231,A0427,DEBIT,6582.5,2024-11-11,Mobile Banking,Grocery
T01704,A0045,CREDIT,215636.76,2024-10-18,UPI,Travel
T05673,A0132,CREDIT,28742.14,2025-12-08,Debit Card,Online Shopping
T00329,A0053,DEBIT,247804.38,2024-06-23,Debit Card,Online Shopping
T00384,A0011,DEBIT,109717.87,2024-10-13,ATM,Restaurant
T07339,A0180,DEBIT,176240.09,2025-02-18,Mobile Banking,Restaurant
T02716,A0036,CREDIT,86759.03,2024-06-09,Debit Card,Travel
T06382,A0246,CREDIT,25457.36,2024-01-31,Credit Card,Utilities
T02892,A0486,DEBIT,123077.85,2026-08-15,UPI,Entertainment
T08499,A0397,CREDIT,296285.63,2024-01-28,ATM,Entertainment
T04782,A0131,DEBIT,451520.86,2025-08-20,UPI,Travel
T05507,A0359,CREDIT,355728.28,2025-01-28,ATM,Utilities
T03501,A0346,CREDIT,178079.93,2026-02-20,Mobile Banking,Restaurant
T07292,A0065,DEBIT,285594.51,2024-06-23,ATM,Travel
T03030,A0394,DEBIT,66290.99,2024-04-11,Credit Card,Utilities
T02162,A0521,CREDIT,407401.5,2024-07-08,Credit Card,Fuel
T08278,A0065,DEBIT,175592.66,2025-05-17,ATM,Travel
T08181,A0073,CREDIT,105742.57,2025-05-19,Debit Card,Education
T06774,A0145,DEBIT,223433.15,2025-11-11,UPI,Utilities
T08296,A0328,DEBIT,378416.19,2025-12-25,Net Banking,Utilities
T02728,A0138,CREDIT,59040.41,2024-09-05,Credit Card,Healthcare
T02249,A0249,DEBIT,137966.39,2025-04-06,Debit Card,Travel
T00302,A0046,CREDIT,18463.3,2024-05-25,Debit Card,Travel
T02404,A0130,CREDIT,161871.28,2024-12-18,Net Banking,Fuel
T05490,A0405,CREDIT,339476.76,2024-10-25,UPI,Fuel
T09411,A0450,CREDIT,232615.41,2025-04-22,UPI,Fuel
T06739,A0524,CREDIT,159736.05,2024-09-25,Credit Card,Education
T00790,A0169,DEBIT,5009.61,2025-03-02,ATM,Grocery
T09447,A0548,DEBIT,265270.25,2024-11-06,Mobile Banking,Online Shopping
T08962,A0108,CREDIT,315543.57,2024-03-30,ATM,Education
T05583,A0399,CREDIT,362724.36,2025-01-21,Net Banking,Healthcare
T04461,A0286,CREDIT,210930.73,2024-02-02,Credit Card,Healthcare
T01566,A0091,CREDIT,462413.05,2024-10-11,UPI,Healthcare
T03242,A0245,CREDIT,18850.86,2025-10-14,Credit Card,Restaurant
T02940,A0136,DEBIT,89983.01,2024-11-30,Mobile Banking,Fuel
T07128,A0167,CREDIT,177739.68,2026-05-29,Credit Card,Utilities
T02932,A0247,CREDIT,329103.98,2024-04-24,Net Banking,Healthcare
T03381,A0395,DEBIT,38016.31,2024-08-06,Debit Card,Travel
T01666,A0339,CREDIT,147274.31,2026-03-01,Net Banking,Restaurant
T00486,A0431,CREDIT,111517.4,2025-04-10,Net Banking,Healthcare
T09617,A9999,DEBIT,15579.43,2023-06-19,Mobile Banking,Utilities
T04382,A0455,DEBIT,398131.06,2025-02-08,Mobile Banking,Fuel
T04682,A0347,CREDIT,492507.98,2024-08-31,Mobile Banking,Fuel
T02842,A0526,CREDIT,258838.93,2026-07-08,UPI,Entertainment
T01237,A0131,DEBIT,390819.4,2025-08-09,ATM,Fuel
T06847,A0545,CREDIT,48785.66,2025-04-07,Net Banking,Restaurant
T07295,A0061,DEBIT,1403.94,2026-03-08,Mobile Banking,Grocery
T09611,A9999,DEBIT,11295.1,2023-12-05,Mobile Banking,Education
T02229,A0343,CREDIT,116664.11,2024-05-28,UPI,Grocery
T05283,A0174,CREDIT,221232.46,2026-08-11,Credit Card,Entertainment
T00392,A0074,DEBIT,122702.39,2026-07-19,Mobile Banking,Healthcare
T03080,A0041,DEBIT,374498.59,2025-04-18,Net Banking,Online Shopping
T05861,A0363,CREDIT,55420.26,2025-03-27,Credit Card,Education
T04540,A0320,CREDIT,351553.47,2026-07-02,UPI,Online Shopping
T08643,A0015,CREDIT,352047.26,2025-11-21,Debit Card,Entertainment
T05176,A0382,CREDIT,338787.37,2026-07-28,UPI,Grocery
T01250,A0392,CREDIT,296963.15,2026-02-15,Debit Card,Online Shopping
T08911,A0481,DEBIT,327077.78,2025-03-24,UPI,Online Shopping
T05832,A0301,DEBIT,21035.99,2025-04-25,ATM,Healthcare
T06225,A0197,DEBIT,123340.6,2025-02-05,Debit Card,Grocery
T02960,A0290,DEBIT,199128.64,2025-02-19,ATM,Grocery
T02385,A0033,CREDIT,199295.95,2025-04-14,UPI,Healthcare
T00030,A0436,CREDIT,238178.91,2025-04-01,UPI,Utilities
T05151,A0508,DEBIT,187540.63,2026-01-10,Net Banking,Education
T04393,A0548,DEBIT,205238.2,2025-03-10,Net Banking,Fuel
T04234,A0362,DEBIT,272429.81,2024-06-01,ATM,Retail
T02507,A0487,CREDIT,372229.96,2024-09-18,Net Banking,Healthcare
T05785,A0367,CREDIT,119189.72,2026-05-06,UPI,Travel
T05335,A0146,DEBIT,90896.18,2026-03-05,Credit Card,Healthcare
T05404,A0068,DEBIT,446994.82,2024-03-03,ATM,Restaurant
T03606,A0079,DEBIT,105708.53,2026-03-31,Mobile Banking,Utilities
T07955,A0433,CREDIT,202853.25,2026-02-28,Debit Card,Restaurant
T05109,A0531,DEBIT,490263.9,2025-09-03,UPI,Utilities
T07545,A0026,DEBIT,173813.38,2025-12-22,Net Banking,Education
T09210,A0196,CREDIT,145254.02,2026-05-25,Mobile Banking,Online Shopping
T03661,A0380,CREDIT,469541.52,2026-01-25,Net Banking,Healthcare
T01166,A0211,CREDIT,108557.96,2024-07-14,Net Banking,Travel
T07438,A0213,DEBIT,254281.33,2026-08-23,Net Banking,Utilities
T01180,A0311,CREDIT,401187.73,2024-06-12,ATM,Grocery
T00202,A0022,CREDIT,154493.43,2026-01-25,Credit Card,Travel
T03869,A0455,CREDIT,150361.45,2025-04-21,UPI,Restaurant
T02730,A0285,CREDIT,32876.71,2024-01-16,Credit Card,Grocery
T01999,A0064,CREDIT,448880.76,2024-10-23,Debit Card,Travel
T00928,A0302,CREDIT,371892.21,2025-12-12,ATM,Grocery
T06011,A0143,CREDIT,207217.61,2024-08-29,UPI,Grocery
T04679,A0001,DEBIT,293744.0,2024-03-01,ATM,Entertainment
T01945,A0415,DEBIT,391661.23,2026-05-24,Mobile Banking,Grocery
T01320,A0036,DEBIT,154975.81,2026-03-06,Mobile Banking,Entertainment
T06331,A0130,CREDIT,476170.69,2024-03-04,Mobile Banking,Healthcare
T08510,A0033,CREDIT,357793.15,2026-07-18,Net Banking,Fuel
T06018,A0285,CREDIT,496990.99,2026-05-09,Mobile Banking,Restaurant
T01388,A0389,DEBIT,480331.47,2025-12-03,Net Banking,Travel
T03827,A0533,DEBIT,218003.37,2025-12-11,UPI,Online Shopping
T01331,A0022,DEBIT,317452.52,2024-04-18,Credit Card,Entertainment
T08743,A0256,DEBIT,316960.11,2025-08-29,Credit Card,Education
T06591,A0056,CREDIT,390296.12,2024-09-06,Credit Card,Education
T05182,A0193,DEBIT,332179.36,2024-09-18,ATM,Travel
T01326,A0204,DEBIT,243175.1,2024-01-06,Credit Card,Grocery
T08761,A0220,CREDIT,221702.61,2025-02-02,Credit Card,Online Shopping
T00848,A0470,DEBIT,82754.51,2024-01-01,Mobile Banking,Grocery
T09526,,CREDIT,37884.51,2023-03-28,Mobile Banking,Healthcare
T07334,A0192,DEBIT,189135.34,2025-04-05,Debit Card,Utilities
T01533,A0116,CREDIT,325961.31,2026-01-04,UPI,Retail
T03450,A0141,DEBIT,260004.41,2024-12-23,Net Banking,Restaurant
T02143,A0172,DEBIT,94967.39,2026-05-16,ATM,Healthcare
T08174,A0159,DEBIT,168168.18,2024-08-09,Credit Card,Online Shopping
T09228,A0048,DEBIT,292742.25,2026-04-27,Credit Card,Healthcare
T00359,A0429,CREDIT,159988.46,2024-02-18,ATM,Retail
T07439,A0082,CREDIT,170238.68,2026-02-19,UPI,Fuel
T00468,A0095,DEBIT,171075.37,2026-02-10,Debit Card,Grocery
T00933,A0538,DEBIT,87776.14,2026-07-07,Credit Card,Retail
T03525,A0436,DEBIT,441496.8,2024-06-26,Credit Card,Retail
T00066,A0297,CREDIT,371.41,2026-08-13,Credit Card,Restaurant
T02985,A0386,CREDIT,129217.82,2025-03-25,Credit Card,Travel
T04778,A0374,DEBIT,406880.1,2026-01-04,Credit Card,Online Shopping
T05927,A0212,DEBIT,129385.7,2025-08-25,Mobile Banking,Entertainment
T06199,A0067,DEBIT,435601.86,2025-11-14,ATM,Restaurant
T02698,A0470,CREDIT,126977.21,2024-10-13,Credit Card,Fuel
T02318,A0510,DEBIT,159521.5,2024-06-23,ATM,Utilities
T06198,A0497,CREDIT,262036.41,2024-08-14,ATM,Utilities
T00160,A0033,DEBIT,13516.57,2024-07-22,UPI,Healthcare
T02979,A0486,CREDIT,271076.24,2024-09-07,UPI,Online Shopping
T05978,A0569,DEBIT,123204.65,2026-02-25,Debit Card,Education
T04433,A0280,DEBIT,294707.04,2026-01-01,Net Banking,Education
T09124,A0416,DEBIT,416428.77,2025-05-27,Mobile Banking,Entertainment
T08675,A0524,DEBIT,362616.05,2026-04-23,Mobile Banking,Fuel
T09168,A0041,CREDIT,11536.88,2025-10-04,Net Banking,Online Shopping
T07099,A0437,DEBIT,301301.59,2024-01-09,Net Banking,Entertainment
T08264,A0496,CREDIT,325880.13,2024-12-07,Net Banking,Entertainment
T09132,A0049,CREDIT,183315.37,2024-08-12,Credit Card,Travel
T01949,A0463,DEBIT,482170.55,2025-05-04,Mobile Banking,Entertainment
T00036,A0113,CREDIT,184856.02,2024-10-23,UPI,Education
T00690,A0565,DEBIT,476651.31,2025-03-27,ATM,Restaurant
T02636,A0174,DEBIT,334597.93,2024-10-27,ATM,Grocery
T04573,A0252,DEBIT,356845.14,2026-03-03,ATM,Education
T06407,A0222,CREDIT,223179.47,2024-01-17,Credit Card,Healthcare
T02177,A0228,DEBIT,231453.27,2024-05-15,Net Banking,Healthcare
T03641,A0445,DEBIT,154339.72,2024-01-15,UPI,Education
T09155,A0196,CREDIT,198843.95,2025-08-26,ATM,Healthcare
T01617,A0474,CREDIT,411036.26,2024-10-25,Mobile Banking,Healthcare
T08571,A0099,CREDIT,338555.64,2024-12-21,Net Banking,Fuel
T07629,A0435,CREDIT,155426.32,2025-11-21,Mobile Banking,Healthcare
T06457,A0505,CREDIT,390592.07,2025-04-13,Mobile Banking,Utilities
T05289,A0070,DEBIT,96935.65,2025-10-05,Mobile Banking,Restaurant
T05256,A0400,DEBIT,397182.41,2024-09-08,UPI,Restaurant
T06353,A0336,DEBIT,278548.72,2025-12-14,Credit Card,Restaurant
T07807,A0081,CREDIT,465891.96,2025-04-13,ATM,Grocery
T08496,A0488,CREDIT,291860.38,2026-08-06,Net Banking,Restaurant
T05921,A0561,CREDIT,135564.58,2024-11-08,UPI,Retail
T01500,A0031,DEBIT,426767.76,2026-03-22,Credit Card,Online Shopping
T04060,A0350,DEBIT,152843.66,2024-03-21,Net Banking,Fuel
T03830,A0450,CREDIT,187426.5,2026-06-21,Net Banking,Healthcare
T04511,A0465,DEBIT,375589.49,2024-06-06,Debit Card,Entertainment
T04698,A0433,CREDIT,76933.75,2025-08-28,ATM,Travel
T01829,A0103,CREDIT,142296.77,2026-03-19,Net Banking,Healthcare
,A0140,CREDIT,10708.8,2023-02-20,UPI,Retail
T08903,A0433,DEBIT,381050.21,2025-09-08,Net Banking,Healthcare
T01261,A0562,CREDIT,407200.64,2025-04-04,ATM,Online Shopping
T04401,A0145,CREDIT,426947.2,2026-04-03,Debit Card,Entertainment
T04485,A0177,CREDIT,392908.37,2026-01-25,Debit Card,Restaurant
T02328,A0042,CREDIT,136378.42,2025-07-01,ATM,Grocery
T07488,A0326,DEBIT,107803.92,2026-05-19,Mobile Banking,Retail
T04988,A0084,DEBIT,174850.91,2026-07-10,Mobile Banking,Restaurant
T09231,A0139,DEBIT,386282.19,2026-03-08,Net Banking,Travel
T02678,A0027,CREDIT,237185.26,2025-08-14,Credit Card,Online Shopping
T08020,A0323,CREDIT,65863.71,2025-09-03,Debit Card,Restaurant
T04087,A0216,DEBIT,210045.48,2024-01-19,Credit Card,Education
T07554,A0554,DEBIT,451622.62,2026-06-13,Net Banking,Fuel
T00157,A0401,DEBIT,102181.89,2025-02-04,UPI,Education
T04314,A0421,CREDIT,235184.73,2024-03-16,ATM,Healthcare
T01955,A0131,CREDIT,437321.94,2024-06-26,Net Banking,Fuel
T09687,A0449,CREDIT,-6489.03,2024-05-21,Credit Card,Retail
T06081,A0327,CREDIT,314810.67,2026-05-06,Debit Card,Healthcare
T00697,A0334,DEBIT,414586.01,2025-11-28,Credit Card,Online Shopping
T03904,A0566,CREDIT,345039.36,2024-08-09,Credit Card,Healthcare
T02547,A0281,DEBIT,93827.08,2026-01-01,UPI,Grocery
T06024,A0257,CREDIT,370865.46,2026-05-16,Net Banking,Grocery
T07738,A0372,DEBIT,68679.31,2025-01-16,ATM,Retail
T05477,A0173,DEBIT,378899.91,2026-02-03,Net Banking,Education
T00917,A0551,CREDIT,357925.85,2025-09-13,Mobile Banking,Education
T07791,A0166,DEBIT,170293.58,2026-01-01,UPI,Online Shopping
T09433,A0210,CREDIT,272348.18,2025-06-14,Credit Card,Fuel
T03895,A0130,CREDIT,478461.34,2026-03-26,ATM,Online Shopping
T08495,A0469,DEBIT,164981.56,2025-07-04,Net Banking,Travel
T09286,A0333,DEBIT,158673.7,2024-06-06,Credit Card,Fuel
T07549,A0077,DEBIT,479309.33,2024-05-24,ATM,Grocery
T08622,A0298,DEBIT,136509.05,2024-04-30,ATM,Travel
T00419,A0249,CREDIT,413928.12,2024-02-27,Mobile Banking,Grocery
T00474,A0325,CREDIT,396029.21,2025-11-21,Credit Card,Restaurant
T02117,A0340,DEBIT,433129.7,2025-11-04,UPI,Education
T04130,A0419,CREDIT,191679.07,2024-01-26,Debit Card,Entertainment
T03134,A0138,CREDIT,66906.39,2025-12-16,ATM,Restaurant
T03852,A0314,CREDIT,491996.86,2025-03-18,Net Banking,Entertainment
T00301,A0536,DEBIT,303125.45,2025-06-06,ATM,Online Shopping
T06518,A0524,CREDIT,345517.78,2024-05-27,Credit Card,Education
T03193,A0164,DEBIT,439090.65,2026-03-07,Debit Card,Healthcare
,A0406,CREDIT,27007.46,2024-08-29,Net Banking,Healthcare
T08033,A0280,CREDIT,44597.11,2026-01-03,Debit Card,Grocery
T07418,A0466,DEBIT,290052.79,2025-01-06,ATM,Healthcare
T06551,A0059,DEBIT,295372.39,2024-09-26,Mobile Banking,Education
T07674,A0389,CREDIT,301173.57,2024-03-09,ATM,Healthcare
T03247,A0417,DEBIT,407092.96,2024-12-11,ATM,Utilities
T07706,A0197,DEBIT,253217.55,2024-04-16,UPI,Fuel
T04579,A0480,CREDIT,337600.37,2025-06-18,Net Banking,Restaurant
T08053,A0088,CREDIT,366219.4,2026-01-23,Credit Card,Education
T06689,A0062,CREDIT,180265.13,2025-01-16,Credit Card,Restaurant
T03718,A0375,CREDIT,171044.04,2024-07-03,ATM,Grocery
T04900,A0295,DEBIT,108835.51,2025-06-12,Debit Card,Entertainment
T07460,A0195,CREDIT,21601.02,2024-03-07,Debit Card,Healthcare
T00170,A0468,DEBIT,350188.24,2025-12-29,Debit Card,Healthcare
T04092,A0540,DEBIT,224775.24,2024-03-11,Net Banking,Utilities
T02612,A0165,DEBIT,155569.94,2025-11-03,Mobile Banking,Restaurant
T03267,A0305,CREDIT,744.28,2024-04-04,UPI,Education
T04217,A0017,DEBIT,477269.4,2024-08-29,Credit Card,Grocery
T09775,A0413,DEBIT,13123.09,2023-11-23,Telegram,Utilities
T08339,A0207,DEBIT,201185.53,2025-12-31,Credit Card,Restaurant
T04377,A0317,DEBIT,415725.14,2024-06-20,Debit Card,Grocery
T09758,A0215,TRANSFER,41923.76,2026-03-09,Net Banking,Restaurant
T02376,A0422,DEBIT,295173.81,2024-11-07,UPI,Entertainment
T08444,A0419,DEBIT,40622.88,2024-05-24,Net Banking,Restaurant
T02845,A0540,DEBIT,376157.73,2024-01-31,Mobile Banking,Retail
T06366,A0532,DEBIT,471443.15,2026-07-02,Credit Card,Online Shopping
T01266,A0020,DEBIT,246164.41,2025-11-16,Mobile Banking,Healthcare
T05155,A0368,CREDIT,305482.63,2026-04-22,Debit Card,Education
T07045,A0088,DEBIT,176837.41,2024-12-16,Credit Card,Entertainment
T01206,A0543,CREDIT,238074.45,2024-07-21,Mobile Banking,Entertainment
T09238,A0068,CREDIT,203164.33,2026-01-14,Net Banking,Restaurant
T04145,A0275,CREDIT,111319.81,2026-05-28,Credit Card,Restaurant
T08590,A0505,DEBIT,393034.5,2025-10-18,Mobile Banking,Restaurant
T02056,A0562,CREDIT,494864.25,2024-09-14,Debit Card,Education
T05867,A0257,DEBIT,407060.5,2026-03-18,ATM,Education
T05683,A0333,DEBIT,417941.81,2025-11-24,Credit Card,Online Shopping
T04845,A0265,DEBIT,438776.88,2024-08-30,Credit Card,Utilities
T00282,A0386,DEBIT,339754.69,2024-06-21,UPI,Online Shopping
T07451,A0377,DEBIT,369458.28,2024-07-01,Mobile Banking,Restaurant
T07343,A0381,CREDIT,164537.47,2026-02-02,Credit Card,Travel
T04137,A0320,CREDIT,474393.79,2024-12-16,UPI,Travel
T07110,A0118,CREDIT,279958.5,2025-10-24,Debit Card,Education
T00730,A0109,CREDIT,333250.16,2024-05-24,UPI,Travel
T00464,A0371,DEBIT,489282.56,2024-08-06,UPI,Travel
T05003,A0485,CREDIT,72072.3,2026-01-11,Debit Card,Online Shopping
T04731,A0397,CREDIT,384387.15,2025-07-07,Credit Card,Healthcare
T07016,A0166,DEBIT,404934.52,2026-03-10,Net Banking,Online Shopping
T04508,A0211,CREDIT,11560.83,2026-06-27,ATM,Restaurant
T00574,A0234,CREDIT,377520.74,2026-03-04,UPI,Online Shopping
T04413,A0465,DEBIT,331777.78,2024-03-06,Mobile Banking,Fuel
T05273,A0119,CREDIT,224367.82,2024-07-16,Mobile Banking,Online Shopping
T07795,A0400,CREDIT,394630.85,2024-03-01,Debit Card,Retail
T01510,A0308,CREDIT,347983.8,2026-04-15,Credit Card,Grocery
T04946,A0249,DEBIT,293759.01,2024-07-08,UPI,Travel
T01814,A0113,DEBIT,33297.58,2026-05-05,ATM,Travel
T03430,A0111,DEBIT,285270.47,2025-04-28,Net Banking,Online Shopping
T05229,A0197,CREDIT,46712.94,2025-03-12,Debit Card,Travel
T03495,A0362,DEBIT,315027.53,2026-05-25,Credit Card,Entertainment
T01039,A0232,CREDIT,270456.7,2025-09-16,Credit Card,Travel
T06930,A0398,DEBIT,321452.15,2024-03-01,UPI,Education
T03696,A0502,DEBIT,175204.04,2025-01-20,Credit Card,Retail
T09631,A9999,CREDIT,8890.79,2026-06-13,ATM,Education
T07500,A0344,DEBIT,311348.94,2026-03-30,Debit Card,Restaurant
T04423,A0504,CREDIT,268494.17,2025-10-12,Mobile Banking,Grocery
T01376,A0325,CREDIT,86003.98,2026-04-24,Credit Card,Travel
T02810,A0023,DEBIT,235554.5,2026-03-21,UPI,Education
T04303,A0324,CREDIT,320995.12,2024-01-03,Credit Card,Education
T05209,A0529,DEBIT,228070.66,2025-12-16,Net Banking,Education
T03876,A0041,CREDIT,219220.89,2024-02-06,Credit Card,Entertainment
T02510,A0177,DEBIT,49929.42,2025-06-30,Net Banking,Retail
T07880,A0186,CREDIT,49472.7,2024-07-09,Mobile Banking,Restaurant
T04169,A0319,CREDIT,192424.93,2025-02-17,Debit Card,Travel
T05215,A0287,CREDIT,471311.14,2024-01-24,Mobile Banking,Restaurant
T04098,A0340,CREDIT,120189.19,2025-04-25,Mobile Banking,Entertainment
T07561,A0314,DEBIT,196233.52,2024-08-09,UPI,Education
T01747,A0227,CREDIT,171728.19,2025-09-14,Mobile Banking,Utilities
T07671,A0506,DEBIT,98095.29,2024-04-14,Mobile Banking,Online Shopping
T03806,A0171,DEBIT,387171.75,2026-08-19,Mobile Banking,Education
T07389,A0275,CREDIT,253339.89,2024-02-06,Debit Card,Healthcare
T08768,A0451,CREDIT,425335.3,2024-11-12,Credit Card,Entertainment
T08421,A0061,DEBIT,480903.15,2024-03-03,UPI,Grocery
T00445,A0369,DEBIT,20102.45,2025-12-30,Mobile Banking,Healthcare
T07096,A0306,CREDIT,279952.89,2026-01-24,Net Banking,Grocery
T01406,A0286,DEBIT,122969.88,2024-06-28,Mobile Banking,Online Shopping
T02679,A0336,DEBIT,214589.25,2024-09-20,UPI,Utilities
T08273,A0034,CREDIT,327211.67,2026-01-25,Debit Card,Travel
T01296,A0554,CREDIT,160423.55,2025-10-16,Debit Card,Healthcare
T06463,A0490,DEBIT,333073.07,2025-11-20,Credit Card,Healthcare
T00484,A0017,DEBIT,51927.28,2026-02-06,Net Banking,Education
T05836,A0228,CREDIT,114446.14,2024-04-07,UPI,Online Shopping
T09283,A0275,CREDIT,91820.79,2024-03-16,Net Banking,Restaurant
T00502,A0053,DEBIT,41573.39,2024-05-27,Mobile Banking,Retail
T03171,A0419,DEBIT,18430.42,2024-11-18,UPI,Restaurant
T04297,A0373,DEBIT,225274.69,2026-02-13,ATM,Entertainment
T01800,A0225,CREDIT,404140.09,2024-10-23,ATM,Retail
T03028,A0456,CREDIT,100745.17,2026-04-03,UPI,Retail
T02029,A0446,CREDIT,1542.78,2025-08-14,ATM,Grocery
,A0119,DEBIT,42703.04,2024-04-08,Debit Card,Fuel
T00868,A0082,CREDIT,3577.67,2026-08-28,Mobile Banking,Fuel
T06486,A0487,DEBIT,285935.12,2025-11-19,Net Banking,Education
T01490,A0300,DEBIT,207846.27,2026-07-16,Credit Card,Travel
T00353,A0186,CREDIT,496276.58,2025-08-28,Mobile Banking,Grocery
T07861,A0244,CREDIT,160110.97,2026-03-06,UPI,Healthcare
T08154,A0369,DEBIT,130436.13,2024-05-30,Debit Card,Restaurant
T03613,A0117,CREDIT,321536.67,2024-01-14,Credit Card,Online Shopping
T00561,A0194,DEBIT,88404.89,2024-10-09,Net Banking,Fuel
T08262,A0546,DEBIT,328354.52,2024-09-22,ATM,Education
T03990,A0043,CREDIT,263582.82,2024-11-15,Debit Card,Online Shopping
T03517,A0537,DEBIT,248005.5,2025-06-25,ATM,Education
T05835,A0289,CREDIT,315881.05,2025-03-19,ATM,Restaurant
T04023,A0232,DEBIT,464055.08,2025-10-24,UPI,Restaurant
T08311,A0437,CREDIT,468177.97,2025-08-12,Mobile Banking,Utilities
T03189,A0068,DEBIT,244013.85,2026-07-07,Credit Card,Grocery
T03679,A0429,DEBIT,363975.02,2024-01-01,Mobile Banking,Utilities
T03496,A0222,DEBIT,489320.84,2026-04-29,Debit Card,Education
T06326,A0298,CREDIT,390595.09,2026-01-10,UPI,Entertainment
T06073,A0381,CREDIT,441800.24,2024-11-29,Net Banking,Entertainment
T06392,A0144,DEBIT,324786.19,2025-06-12,UPI,Fuel
T04319,A0415,CREDIT,453072.75,2024-06-21,ATM,Education
T07868,A0096,CREDIT,106177.17,2026-07-07,ATM,Retail
T09234,A0420,DEBIT,178513.07,2025-04-29,Credit Card,Utilities
T06239,A0156,DEBIT,234984.14,2025-04-07,ATM,Travel
T07416,A0189,DEBIT,447146.19,2025-12-14,Net Banking,Restaurant
T03149,A0563,DEBIT,240607.46,2024-07-03,Net Banking,Education
T07254,A0042,DEBIT,174289.84,2025-06-22,ATM,Healthcare
T02103,A0247,DEBIT,335551.13,2026-06-22,ATM,Retail
T03301,A0030,DEBIT,87141.17,2025-05-25,Net Banking,Healthcare
T02335,A0044,DEBIT,88912.92,2026-08-08,Net Banking,Entertainment
T02983,A0415,DEBIT,129612.23,2024-07-09,Net Banking,Grocery
T06016,A0431,CREDIT,282057.8,2025-01-06,UPI,Grocery
T04165,A0287,CREDIT,116257.82,2025-11-12,Mobile Banking,Education
T02722,A0292,CREDIT,311928.44,2026-02-12,ATM,Travel
T09244,A0096,DEBIT,66340.25,2026-01-05,UPI,Entertainment
T00093,A0232,DEBIT,478892.06,2026-07-28,ATM,Travel
T03396,A0379,CREDIT,182436.54,2024-09-02,ATM,Fuel
T05346,A0391,CREDIT,251916.61,2025-12-20,Credit Card,Healthcare
T08475,A0328,DEBIT,46110.99,2025-01-10,Net Banking,Travel
T02016,A0185,DEBIT,226821.79,2024-03-20,Net Banking,Entertainment
T02638,A0039,DEBIT,301272.16,2026-02-20,Credit Card,Education
T04042,A0309,CREDIT,225859.89,2025-05-15,ATM,Utilities
T08208,A0086,CREDIT,457975.51,2026-05-03,Debit Card,Education
T04389,A0455,DEBIT,132840.1,2024-01-28,Net Banking,Fuel
T01377,A0555,CREDIT,477241.21,2024-04-03,Net Banking,Fuel
T04002,A0411,DEBIT,37831.1,2026-01-29,Mobile Banking,Education
T09691,A0139,CREDIT,-847.59,2026-08-15,ATM,Fuel
T00316,A0565,DEBIT,238483.25,2024-05-10,Debit Card,Retail
T05202,A0314,CREDIT,383626.96,2025-08-20,ATM,Entertainment
T06229,A0195,DEBIT,95721.74,2024-06-07,Debit Card,Utilities
T01594,A0027,CREDIT,494202.61,2024-11-16,Credit Card,Online Shopping
T08855,A0420,DEBIT,219103.41,2026-01-01,Debit Card,Grocery
T04397,A0282,CREDIT,438804.45,2024-02-10,ATM,Grocery
T07436,A0194,CREDIT,321397.19,2025-04-15,Debit Card,Online Shopping
T09007,A0190,CREDIT,432867.01,2026-03-18,ATM,Travel
T09544,,CREDIT,22526.05,2025-12-10,UPI,Travel
T04556,A0557,CREDIT,34909.63,2025-02-25,Mobile Banking,Restaurant
T01014,A0095,DEBIT,494096.93,2024-04-25,Credit Card,Entertainment
T05744,A0220,CREDIT,471757.11,2024-06-10,UPI,Fuel
T07688,A0216,CREDIT,358774.03,2024-02-02,Debit Card,Entertainment
T07910,A0322,DEBIT,345155.48,2025-05-18,Debit Card,Retail
T02237,A0417,CREDIT,176566.36,2025-12-16,ATM,Entertainment
T01501,A0525,DEBIT,106258.75,2024-07-13,Net Banking,Entertainment
T02639,A0361,DEBIT,129864.84,2025-11-13,Credit Card,Retail
T00049,A0545,CREDIT,481192.15,2024-10-08,ATM,Travel
T07366,A0462,CREDIT,54686.9,2025-06-16,Mobile Banking,Travel
,A0354,DEBIT,11032.73,2023-02-28,Mobile Banking,Travel
T07194,A0387,DEBIT,105476.53,2024-02-08,Net Banking,Healthcare
T05267,A0404,CREDIT,108881.55,2025-01-15,UPI,Travel
T05723,A0056,DEBIT,201463.89,2025-04-10,Net Banking,Retail
T07377,A0214,CREDIT,362308.07,2025-02-11,Debit Card,Online Shopping
T04936,A0031,DEBIT,379590.26,2024-02-22,Debit Card,Travel
T02796,A0226,DEBIT,266861.9,2024-09-25,Mobile Banking,Healthcare
T07747,A0447,DEBIT,39020.28,2024-08-04,Debit Card,Retail
T04897,A0144,CREDIT,379055.95,2025-12-10,Credit Card,Education
T07134,A0474,DEBIT,258683.07,2026-05-15,UPI,Grocery
T08521,A0444,DEBIT,302284.8,2026-06-29,Debit Card,Fuel
T00600,A0480,DEBIT,213891.82,2025-03-06,Credit Card,Entertainment
T08378,A0460,DEBIT,245507.88,2024-06-04,UPI,Travel
T00742,A0290,CREDIT,99366.63,2026-06-15,UPI,Education
T01782,A0178,CREDIT,368549.38,2024-07-13,UPI,Grocery
T08946,A0501,CREDIT,8719.17,2025-05-01,ATM,Education
T00148,A0416,CREDIT,236054.8,2025-06-08,ATM,Healthcare
T04831,A0424,CREDIT,408596.43,2025-08-23,Credit Card,Education
T07617,A0026,CREDIT,411502.4,2025-09-26,Mobile Banking,Entertainment
T02007,A0380,DEBIT,433765.12,2025-12-26,UPI,Travel
T00634,A0329,CREDIT,349392.99,2025-01-21,ATM,Fuel
T09438,A0205,CREDIT,158528.88,2024-05-13,Net Banking,Restaurant
T04800,A0101,CREDIT,483439.08,2024-07-04,UPI,Retail
T07385,A0263,CREDIT,445801.95,2026-08-07,Mobile Banking,Utilities
T02454,A0084,CREDIT,304916.33,2025-05-18,Net Banking,Online Shopping
T03767,A0244,DEBIT,162835.61,2026-06-26,Debit Card,Online Shopping
T07820,A0481,CREDIT,66224.11,2026-06-28,Debit Card,Healthcare
T04025,A0032,CREDIT,283855.31,2024-01-10,Net Banking,Online Shopping
T05582,A0073,DEBIT,315988.99,2024-01-14,Credit Card,Healthcare
T01973,A0253,CREDIT,127539.47,2026-01-01,Mobile Banking,Travel
T08348,A0559,DEBIT,394622.53,2024-10-27,Credit Card,Entertainment
T07893,A0558,CREDIT,344699.93,2024-05-30,UPI,Healthcare
T05329,A0383,DEBIT,393205.45,2024-07-01,Credit Card,Fuel
T08234,A0308,CREDIT,192434.79,2024-11-30,Net Banking,Restaurant
T04657,A0024,DEBIT,104015.57,2026-05-29,Mobile Banking,Grocery
T08738,A0109,CREDIT,85387.06,2026-07-21,Net Banking,Retail
T02010,A0016,DEBIT,386525.49,2026-02-17,ATM,Healthcare
T09714,A0146,TRANSFER,6105.06,2026-08-09,Credit Card,Entertainment
T03109,A0434,DEBIT,476894.04,2026-04-13,UPI,Online Shopping
T00133,A0521,DEBIT,375678.89,2025-10-22,Net Banking,Utilities
T09610,A9999,DEBIT,27989.38,2025-06-22,Debit Card,Grocery
T02463,A0323,DEBIT,60719.16,2026-01-10,Credit Card,Retail
T00262,A0067,DEBIT,188567.46,2026-01-04,Mobile Banking,Healthcare
T09055,A0438,DEBIT,242773.92,2025-10-02,UPI,Travel
T01688,A0201,DEBIT,321072.4,2025-10-04,ATM,Retail
T04709,A0236,CREDIT,97913.96,2024-07-05,Debit Card,Utilities
T09571,A9999,CREDIT,45319.68,2024-10-16,Net Banking,Online Shopping
T00145,A0202,DEBIT,125086.82,2026-02-02,Mobile Banking,Restaurant
T08766,A0109,DEBIT,287089.27,2025-09-10,ATM,Travel
T00900,A0564,DEBIT,176077.11,2024-08-10,Credit Card,Fuel
T01958,A0436,CREDIT,73722.65,2024-04-23,ATM,Retail
T00010,A0543,DEBIT,393629.15,2024-05-21,Credit Card,Healthcare
T08822,A0044,DEBIT,148028.11,2025-09-07,Credit Card,Education
T08199,A0006,DEBIT,457955.23,2025-03-22,Net Banking,Education
T00812,A0035,DEBIT,320872.86,2025-02-11,UPI,Restaurant
T01416,A0450,DEBIT,243439.24,2025-04-22,Mobile Banking,Entertainment
T07928,A0436,DEBIT,251326.14,2025-11-04,ATM,Fuel
T02155,A0479,DEBIT,458077.19,2025-07-31,Mobile Banking,Restaurant
T00150,A0529,DEBIT,361282.92,2025-04-17,Debit Card,Online Shopping
T01993,A0216,CREDIT,258588.84,2025-06-11,UPI,Fuel
T06158,A0354,DEBIT,192966.96,2024-01-17,Debit Card,Fuel
T02665,A0101,DEBIT,159093.28,2024-08-21,Net Banking,Retail
T08672,A0314,DEBIT,440845.72,2025-12-23,ATM,Utilities
T01106,A0542,CREDIT,2430.05,2025-01-28,Debit Card,Retail
T09659,A0194,CREDIT,-1325.35,2023-01-23,Debit Card,Travel
T01233,A0133,DEBIT,170614.51,2025-01-17,Mobile Banking,Grocery
T01615,A0418,DEBIT,79380.57,2024-09-05,Credit Card,Grocery
T08027,A0256,CREDIT,61337.92,2024-10-21,Net Banking,Healthcare
T06586,A0072,DEBIT,437509.82,2024-06-21,Mobile Banking,Retail
T07604,A0131,CREDIT,209133.62,2024-12-30,Mobile Banking,Healthcare
T05725,A0156,DEBIT,424622.71,2025-09-29,Debit Card,Education
T04767,A0569,DEBIT,302128.2,2024-04-15,Debit Card,Grocery
T00094,A0169,DEBIT,155471.85,2025-10-03,Mobile Banking,Online Shopping
T03828,A0519,CREDIT,137369.69,2026-03-23,ATM,Travel
T04432,A0554,DEBIT,216452.36,2024-02-12,Debit Card,Fuel
T01675,A0146,DEBIT,170735.73,2025-07-16,ATM,Healthcare
T03693,A0020,CREDIT,10965.66,2024-03-22,ATM,Entertainment
T06047,A0433,CREDIT,200574.09,2024-07-20,Net Banking,Fuel
T00009,A0382,DEBIT,180385.64,2025-11-11,ATM,Grocery
T02003,A0414,CREDIT,1853.8,2026-04-16,Debit Card,Utilities
T01084,A0191,DEBIT,313664.83,2026-06-28,Credit Card,Restaurant
T05146,A0281,CREDIT,325391.68,2024-08-25,Debit Card,Entertainment
T08727,A0420,CREDIT,337119.08,2025-08-29,ATM,Healthcare
T07106,A0168,DEBIT,138705.14,2024-02-26,Credit Card,Utilities
T07239,A0155,DEBIT,358894.29,2025-03-04,UPI,Online Shopping
T00606,A0342,CREDIT,410987.87,2025-08-02,Credit Card,Utilities
T01873,A0004,DEBIT,124720.33,2025-12-25,UPI,Utilities
T03802,A0486,CREDIT,319838.4,2026-04-19,Net Banking,Utilities
T00376,A0164,CREDIT,296097.17,2024-01-10,Net Banking,Entertainment
T07462,A0247,CREDIT,373745.35,2024-07-09,ATM,Utilities
T03261,A0419,CREDIT,336190.68,2026-04-03,UPI,Entertainment
T05746,A0168,CREDIT,99750.61,2025-03-30,ATM,Restaurant
T01552,A0350,CREDIT,240561.52,2024-07-10,UPI,Restaurant
T01327,A0386,CREDIT,151208.09,2024-08-16,Debit Card,Fuel
T09515,,CREDIT,20077.37,2024-04-11,UPI,Utilities
T07360,A0038,CREDIT,429784.49,2024-07-17,Mobile Banking,Online Shopping
T03834,A0274,DEBIT,316532.73,2024-05-21,Credit Card,Grocery
T07725,A0277,CREDIT,262401.82,2024-03-11,Credit Card,Education
T01085,A0373,DEBIT,215714.22,2025-01-08,ATM,Utilities
T09754,A0535,TRANSFER,13326.84,2026-06-29,Net Banking,Online Shopping
T04975,A0479,CREDIT,183885.76,2024-04-19,Debit Card,Healthcare
T03757,A0161,CREDIT,344599.78,2026-06-16,Debit Card,Fuel
T06569,A0401,DEBIT,368625.62,2025-11-30,UPI,Utilities
T05210,A0551,CREDIT,322207.8,2026-07-08,Mobile Banking,Grocery
T00698,A0437,DEBIT,71625.43,2024-11-30,Net Banking,Utilities
T01805,A0540,DEBIT,359410.43,2024-08-07,Credit Card,Utilities
T03576,A0484,CREDIT,308455.95,2024-12-18,Debit Card,Healthcare
T01129,A0075,CREDIT,247688.08,2025-08-07,Mobile Banking,Fuel
T08243,A0081,DEBIT,374372.56,2025-06-25,UPI,Healthcare
T09675,A0054,CREDIT,-5560.94,2023-12-08,ATM,Education
,A0395,CREDIT,30694.36,2024-12-28,ATM,Travel
T05139,A0505,CREDIT,141900.28,2025-04-18,ATM,Utilities
T01161,A0377,CREDIT,215925.12,2024-11-03,ATM,Retail
T02589,A0268,DEBIT,32020.88,2023-01-16,ATM,Travel
T07221,A0377,CREDIT,151362.26,2025-12-19,ATM,Retail
T04015,A0395,CREDIT,172978.93,2024-03-22,Net Banking,Education
T07255,A0144,DEBIT,238440.62,2024-07-29,ATM,Online Shopping
T05448,A0419,DEBIT,394555.67,2024-01-13,UPI,Travel
T04566,A0327,CREDIT,117194.02,2025-11-21,UPI,Healthcare
,A0124,CREDIT,13884.89,2024-07-07,ATM,Travel
T00803,A0403,DEBIT,386982.42,2025-12-24,Credit Card,Utilities
T03032,A0285,DEBIT,249681.19,2026-08-07,Net Banking,Healthcare
T01308,A0001,CREDIT,247651.94,2026-07-26,UPI,Restaurant
T07751,A0116,CREDIT,308016.46,2024-10-16,Credit Card,Utilities
T05338,A0048,CREDIT,15509.99,2026-07-12,Debit Card,Online Shopping
T01300,A0462,CREDIT,444881.48,2024-12-17,Net Banking,Grocery
T01268,A0236,DEBIT,3675.47,2025-12-19,UPI,Fuel
T00503,A0106,CREDIT,229617.95,2025-09-02,UPI,Online Shopping
T05892,A0154,DEBIT,417130.29,2025-07-20,UPI,Travel
T02804,A0035,CREDIT,74661.44,2025-05-01,Mobile Banking,Grocery
T00372,A0171,DEBIT,348383.44,2024-05-12,Debit Card,Retail
T02025,A0413,CREDIT,217927.65,2024-06-30,ATM,Grocery
T05441,A0297,DEBIT,401732.33,2025-10-15,ATM,Travel
T08587,A0439,DEBIT,203979.81,2024-12-21,Credit Card,Retail
T02482,A0194,CREDIT,67770.92,2024-08-07,UPI,Restaurant
T03176,A0144,CREDIT,47893.33,2025-11-10,Mobile Banking,Fuel
T09685,A0148,DEBIT,-2780.11,2023-03-20,Credit Card,Grocery
T05152,A0305,DEBIT,329345.41,2025-09-16,Net Banking,Healthcare
T07560,A0064,DEBIT,219234.48,2024-08-16,Mobile Banking,Entertainment
T07833,A0183,CREDIT,202770.07,2024-10-25,ATM,Grocery
T00476,A0100,CREDIT,109389.52,2024-07-11,Credit Card,Education
T08680,A0148,CREDIT,464822.85,2026-08-25,Mobile Banking,Online Shopping
T00075,A0570,DEBIT,381256.37,2025-07-05,UPI,Online Shopping
T00102,A0302,DEBIT,200901.36,2025-09-24,Credit Card,Travel
T00339,A0374,DEBIT,446107.47,2025-07-03,Debit Card,Online Shopping
T00237,A0203,DEBIT,91073.97,2026-08-29,UPI,Entertainment
T00962,A0414,CREDIT,484343.11,2024-12-28,Mobile Banking,Grocery
T03231,A0041,CREDIT,146059.84,2024-05-04,ATM,Restaurant
T01455,A0111,DEBIT,296725.74,2025-09-22,Net Banking,Online Shopping
T01482,A0405,DEBIT,2242.08,2024-08-22,UPI,Travel
T08342,A0118,DEBIT,108913.72,2025-07-25,Mobile Banking,Grocery
T06933,A0008,DEBIT,372090.31,2026-05-13,Net Banking,Online Shopping
T03026,A0528,DEBIT,343380.59,2025-09-30,Debit Card,Fuel
T01396,A0153,DEBIT,70902.86,2025-03-22,Debit Card,Grocery
T03840,A0465,DEBIT,437388.46,2025-07-16,ATM,Online Shopping
T06302,A0090,DEBIT,399907.38,2024-09-01,Debit Card,Grocery
T05247,A0131,DEBIT,30107.16,2024-04-19,Debit Card,Fuel
T07357,A0540,DEBIT,402606.24,2025-01-27,Debit Card,Utilities
T00083,A0215,CREDIT,98123.79,2026-04-20,Mobile Banking,Healthcare
T03607,A0417,CREDIT,47446.98,2025-02-21,ATM,Online Shopping
T07396,A0398,CREDIT,289044.72,2024-10-22,UPI,Restaurant
T06370,A0502,DEBIT,90031.1,2026-03-14,UPI,Restaurant
T01864,A0342,CREDIT,499879.39,2026-04-02,ATM,Fuel
T09619,A9999,CREDIT,25424.8,2025-03-16,UPI,Restaurant
T02173,A0095,DEBIT,159235.99,2024-08-02,Debit Card,Restaurant
T07370,A0105,DEBIT,496909.01,2026-04-10,Mobile Banking,Entertainment
T06690,A0568,CREDIT,279824.21,2024-11-15,ATM,Entertainment
T07764,A0183,DEBIT,169525.23,2025-06-05,Net Banking,Restaurant
T07980,A0028,CREDIT,907.45,2026-08-02,UPI,Utilities
T09195,A0085,CREDIT,106994.88,2025-10-23,ATM,Retail
T00635,A0570,CREDIT,97939.4,2025-05-17,Credit Card,Restaurant
T00557,A0464,DEBIT,132862.8,2026-08-07,Net Banking,Online Shopping
T04478,A0513,CREDIT,387443.53,2024-03-17,Credit Card,Utilities
T08129,A0088,CREDIT,466999.92,2025-08-02,Credit Card,Entertainment
T09514,,DEBIT,13051.8,2026-03-12,Net Banking,Entertainment
T05949,A0360,CREDIT,331595.48,2024-07-08,Credit Card,Online Shopping
T05669,A0506,CREDIT,393752.75,2025-05-29,Net Banking,Entertainment
T06910,A0320,CREDIT,37467.16,2026-07-26,Debit Card,Healthcare
T00996,A0390,CREDIT,223461.51,2025-02-12,ATM,Travel
T02111,A0097,DEBIT,53297.36,2024-04-24,Net Banking,Healthcare
T06945,A0053,CREDIT,72659.15,2025-09-24,UPI,Healthcare
T00980,A0525,DEBIT,8199.01,2025-03-23,UPI,Education
T09759,A0057,TRANSFER,33986.46,2025-07-24,UPI,Utilities
T04570,A0291,DEBIT,224290.95,2024-03-17,Mobile Banking,Travel
T06684,A0278,CREDIT,216784.04,2024-01-25,UPI,Utilities
T01498,A0167,CREDIT,171116.38,2025-06-18,Mobile Banking,Education
T05526,A0466,DEBIT,121263.08,2026-01-12,ATM,Education
T04769,A0303,CREDIT,128536.6,2024-09-26,ATM,Retail
T06439,A0549,DEBIT,175568.32,2025-01-04,Credit Card,Retail
T04419,A0064,DEBIT,14208.61,2025-03-04,Debit Card,Fuel
T03636,A0221,DEBIT,96135.53,2025-03-15,Credit Card,Retail
T02778,A0290,CREDIT,482502.3,2024-11-02,ATM,Travel
T07809,A0519,CREDIT,366962.8,2025-05-13,Debit Card,Grocery
T07148,A0185,DEBIT,314832.17,2026-04-18,Credit Card,Grocery
T00519,A0434,DEBIT,407964.51,2025-09-29,UPI,Fuel
T09250,A0424,DEBIT,220755.89,2026-05-31,Mobile Banking,Travel
T00892,A0262,DEBIT,16230.03,2026-05-22,Net Banking,Online Shopping
T03323,A0477,CREDIT,142503.43,2025-01-20,Debit Card,Entertainment
T01159,A0157,DEBIT,268273.69,2025-01-03,ATM,Grocery
T05124,A0105,DEBIT,156154.38,2024-10-06,Mobile Banking,Fuel
T06149,A0501,DEBIT,316483.67,2025-05-31,Mobile Banking,Education
T00677,A0033,DEBIT,468618.22,2026-07-20,Net Banking,Utilities
T05726,A0074,DEBIT,80070.79,2026-01-10,Net Banking,Education
T07920,A0438,DEBIT,255920.04,2026-07-04,Debit Card,Travel
T05702,A0357,DEBIT,235277.91,2025-10-18,Mobile Banking,Utilities
T06267,A0189,DEBIT,265534.3,2025-03-04,Debit Card,Retail
T09590,A9999,CREDIT,46442.24,2024-05-06,Debit Card,Online Shopping
T00347,A0160,DEBIT,250050.47,2026-02-24,Mobile Banking,Travel
T08728,A0184,DEBIT,415450.32,2025-06-16,Mobile Banking,Education
T03307,A0104,DEBIT,32166.44,2024-04-03,Credit Card,Travel
T06200,A0279,DEBIT,200748.67,2024-09-10,Mobile Banking,Fuel
T00572,A0361,DEBIT,291621.11,2025-05-15,ATM,Entertainment
T05563,A0426,CREDIT,200635.65,2026-03-29,Net Banking,Education
T09053,A0066,CREDIT,206669.3,2024-08-24,Credit Card,Restaurant
T03418,A0537,CREDIT,97466.21,2026-03-08,Debit Card,Retail
T03812,A0332,CREDIT,239867.04,2024-10-02,Mobile Banking,Restaurant
T07621,A0048,DEBIT,200344.25,2026-06-28,Debit Card,Grocery
T01923,A0067,CREDIT,350127.28,2025-08-31,Net Banking,Fuel
T03219,A0399,CREDIT,84987.15,2026-03-15,Net Banking,Retail
T06760,A0176,DEBIT,264219.12,2024-11-11,Mobile Banking,Fuel
T04601,A0181,DEBIT,173871.82,2026-05-22,Credit Card,Restaurant
,A0148,CREDIT,34929.81,2026-08-13,Credit Card,Fuel
T07386,A0243,CREDIT,381945.28,2026-07-05,UPI,Online Shopping
T07693,A0075,DEBIT,338258.01,2026-05-20,Credit Card,Education
T07489,A0509,CREDIT,249681.47,2024-03-17,ATM,Grocery
T02606,A0505,CREDIT,273396.32,2024-03-23,Net Banking,Grocery
T01539,A0004,DEBIT,231844.9,2024-03-03,UPI,Entertainment
T06765,A0175,DEBIT,316885.12,2026-07-17,Mobile Banking,Grocery
T04881,A0008,DEBIT,438832.69,2025-09-27,ATM,Entertainment
T09809,A0041,DEBIT,45502.57,2025-12-02,Telegram,Restaurant
T08017,A0272,DEBIT,489534.06,2026-06-18,ATM,Entertainment
T05932,A0193,CREDIT,177367.65,2026-01-01,Net Banking,Retail
T07638,A0300,CREDIT,111430.16,2025-03-28,ATM,Restaurant
T07480,A0535,CREDIT,172847.01,2024-03-14,Debit Card,Healthcare
T06371,A0155,CREDIT,304639.84,2024-07-08,UPI,Entertainment
T06455,A0234,CREDIT,254293.4,2026-03-02,UPI,Online Shopping
T08845,A0563,DEBIT,197299.23,2024-11-02,Debit Card,Online Shopping
T09318,A0417,CREDIT,136513.08,2026-01-27,ATM,Grocery
T08245,A0165,CREDIT,56666.04,2025-07-12,Credit Card,Healthcare
T08393,A0503,DEBIT,118048.3,2024-08-18,ATM,Restaurant
T08813,A0206,DEBIT,31211.73,2026-08-01,Debit Card,Online Shopping
T09412,A0522,DEBIT,203755.33,2024-12-26,ATM,Restaurant
T08933,A0186,DEBIT,404443.28,2026-04-24,Debit Card,Fuel
T07651,A0002,DEBIT,214354.81,2025-11-04,Mobile Banking,Grocery
T07539,A0077,DEBIT,124241.66,2025-11-08,Mobile Banking,Entertainment
T04880,A0219,DEBIT,464855.32,2024-12-02,Mobile Banking,Restaurant
T08218,A0012,DEBIT,456018.62,2025-09-21,UPI,Retail
T03964,A0417,CREDIT,188186.63,2025-05-23,Credit Card,Fuel
T09356,A0084,CREDIT,254207.27,2024-04-06,Net Banking,Healthcare
T00995,A0385,CREDIT,222031.84,2026-01-31,Mobile Banking,Travel
T00887,A0100,CREDIT,112489.9,2025-12-27,Debit Card,Travel
T03356,A0142,CREDIT,65582.11,2024-04-22,Debit Card,Healthcare
T07483,A0553,DEBIT,57517.65,2024-12-08,UPI,Online Shopping
T03412,A0145,DEBIT,70492.06,2024-10-29,Mobile Banking,Restaurant
T01028,A0270,DEBIT,58997.78,2024-10-13,Mobile Banking,Education
T03603,A0503,CREDIT,55278.39,2025-07-13,Credit Card,Utilities
T02882,A0313,CREDIT,426468.24,2026-06-10,Debit Card,Fuel
T08177,A0360,DEBIT,27888.45,2024-07-27,ATM,Retail
T03626,A0193,DEBIT,405567.94,2024-05-04,Mobile Banking,Education
T04057,A0099,CREDIT,243788.1,2024-04-01,Debit Card,Utilities
T08349,A0081,CREDIT,154030.85,2024-06-18,Debit Card,Travel
T01211,A0405,DEBIT,300816.83,2025-06-02,Mobile Banking,Restaurant
T03347,A0226,CREDIT,244555.57,2026-05-04,Debit Card,Healthcare
T09578,A9999,CREDIT,45935.83,2025-09-11,ATM,Travel
T02659,A0473,CREDIT,113618.67,2025-01-27,UPI,Grocery
T07329,A0031,CREDIT,429341.39,2025-11-21,UPI,Retail
T07473,A0301,CREDIT,499596.31,2024-10-17,Net Banking,Fuel
T08104,A0440,CREDIT,80681.36,2025-09-02,Net Banking,Education
T03727,A0524,DEBIT,334497.9,2024-10-14,Mobile Banking,Entertainment
T05776,A0022,CREDIT,255315.67,2025-02-21,ATM,Grocery
T01425,A0356,DEBIT,142535.09,2024-02-22,Net Banking,Fuel
T08569,A0429,DEBIT,130162.02,2024-07-29,UPI,Utilities
T05856,A0125,DEBIT,382003.28,2024-09-17,Credit Card,Fuel
T02357,A0413,CREDIT,198884.93,2024-04-17,ATM,Healthcare
T02800,A0085,DEBIT,421636.35,2026-05-26,Debit Card,Healthcare
T00279,A0469,CREDIT,288620.99,2025-03-28,Mobile Banking,Entertainment
T01371,A0072,DEBIT,53820.07,2025-07-02,Debit Card,Grocery
T04544,A0389,DEBIT,454892.47,2024-06-28,Mobile Banking,Healthcare
T08993,A0448,CREDIT,249103.11,2024-11-23,Credit Card,Restaurant
T05122,A0076,CREDIT,231729.22,2026-08-20,Net Banking,Online Shopping
T07087,A0135,CREDIT,28794.84,2025-10-18,ATM,Healthcare
T03327,A0349,CREDIT,172365.97,2025-11-05,Credit Card,Healthcare
T04746,A0278,DEBIT,444564.04,2024-08-19,Mobile Banking,Online Shopping
T08097,A0267,CREDIT,307661.78,2025-05-14,Credit Card,Entertainment
T00659,A0449,CREDIT,448583.65,2026-07-14,Debit Card,Utilities
T00154,A0364,DEBIT,112822.77,2025-03-11,Mobile Banking,Healthcare
T00617,A0505,DEBIT,333883.06,2025-02-04,Credit Card,Online Shopping
T02825,A0209,CREDIT,231878.91,2025-04-13,Mobile Banking,Retail
T05321,A0078,CREDIT,27395.23,2025-10-23,Credit Card,Entertainment
T04013,A0471,DEBIT,348025.98,2024-04-23,Debit Card,Grocery
T03616,A0124,CREDIT,38533.18,2025-09-20,Net Banking,Utilities
T03432,A0424,DEBIT,426546.58,2025-11-26,ATM,Grocery
T01493,A0246,CREDIT,389354.57,2026-03-24,Debit Card,Grocery
T01132,A0400,CREDIT,185954.71,2026-05-07,Credit Card,Retail
T01246,A0303,CREDIT,367773.89,2024-07-18,Net Banking,Education
T01851,A0445,CREDIT,55369.06,2025-07-22,UPI,Online Shopping
T06017,A0396,DEBIT,133801.42,2024-08-16,Debit Card,Travel
T09019,A0096,CREDIT,217058.42,2025-07-29,Net Banking,Healthcare
T08912,A0237,CREDIT,186994.44,2026-02-11,Mobile Banking,Healthcare
T01687,A0330,CREDIT,226623.14,2026-03-03,ATM,Education
T06350,A0248,CREDIT,332913.92,2026-05-11,Mobile Banking,Entertainment
T03175,A0134,CREDIT,332453.13,2024-02-18,Debit Card,Healthcare
T04839,A0531,DEBIT,327945.74,2025-01-31,Credit Card,Fuel
T05881,A0499,CREDIT,239483.53,2026-03-10,Debit Card,Fuel
T02513,A0409,DEBIT,347259.84,2024-06-22,UPI,Grocery
T00614,A0267,DEBIT,429671.01,2025-09-23,UPI,Healthcare
T09615,A9999,CREDIT,12011.48,2024-03-15,Debit Card,Education
T03393,A0029,DEBIT,484826.32,2025-07-03,ATM,Utilities
T05354,A0537,CREDIT,61424.22,2025-07-30,UPI,Retail
T03946,A0466,CREDIT,421395.0,2025-10-16,Credit Card,Travel
T07167,A0152,DEBIT,303539.11,2025-01-15,Credit Card,Utilities
T06470,A0130,DEBIT,288475.22,2025-10-26,Net Banking,Travel
T01691,A0460,CREDIT,363038.0,2026-02-20,Credit Card,Grocery
T04358,A0011,CREDIT,37227.93,2026-05-09,Mobile Banking,Healthcare
T05757,A0034,DEBIT,257888.73,2024-11-09,UPI,Online Shopping
T03741,A0018,CREDIT,458170.32,2024-08-19,Net Banking,Entertainment
T04391,A0149,DEBIT,368345.09,2024-04-21,UPI,Online Shopping
T01187,A0182,CREDIT,312053.15,2025-11-24,Credit Card,Grocery
T01703,A0331,CREDIT,70511.48,2025-02-09,Debit Card,Education
T06556,A0512,DEBIT,177125.07,2025-05-16,UPI,Education
T01304,A0564,CREDIT,369881.66,2025-12-01,Mobile Banking,Utilities
T04927,A0385,DEBIT,62050.06,2024-06-07,ATM,Entertainment
T05808,A0091,DEBIT,55139.84,2025-06-21,Mobile Banking,Healthcare
T00067,A0257,DEBIT,499621.01,2026-05-12,Mobile Banking,Travel
T00513,A0142,CREDIT,41813.04,2025-12-09,ATM,Restaurant
T01110,A0153,DEBIT,15267.8,2024-02-09,Net Banking,Online Shopping
T02774,A0016,DEBIT,114211.76,2024-06-26,ATM,Restaurant
T00855,A0404,CREDIT,173498.91,2025-11-16,Mobile Banking,Fuel
T04673,A0400,DEBIT,196701.3,2025-09-14,Mobile Banking,Grocery
T03202,A0151,DEBIT,282796.83,2025-08-27,Mobile Banking,Travel
T09565,,DEBIT,31198.05,2026-01-23,ATM,Healthcare
T07514,A0334,CREDIT,339636.6,2025-01-25,Mobile Banking,Healthcare
T01774,A0334,DEBIT,34714.36,2024-01-06,Debit Card,Utilities
T02749,A0441,DEBIT,47727.97,2026-06-12,Net Banking,Retail
T09588,A9999,DEBIT,45647.3,2026-05-08,UPI,Retail
T09026,A0512,DEBIT,309286.66,2024-08-11,UPI,Education
T09306,A0065,DEBIT,277381.83,2024-10-15,Mobile Banking,Retail
T08106,A0164,CREDIT,496117.01,2025-06-27,Debit Card,Education
T08417,A0004,DEBIT,419166.55,2024-11-18,Debit Card,Entertainment
T04430,A0082,CREDIT,82707.15,2026-05-25,Net Banking,Education
T02696,A0199,DEBIT,443558.27,2024-02-10,Debit Card,Retail
T08892,A0216,DEBIT,254863.08,2024-02-02,Debit Card,Restaurant
T03884,A0354,CREDIT,376665.45,2025-09-18,UPI,Online Shopping
T07021,A0534,DEBIT,201891.86,2024-06-07,Net Banking,Entertainment
T08863,A0260,DEBIT,419075.55,2026-04-07,UPI,Online Shopping
T00276,A0357,DEBIT,195592.44,2025-06-24,Mobile Banking,Restaurant
T04126,A0073,CREDIT,434166.34,2024-08-28,Credit Card,Online Shopping
T09846,A0460,CREDIT,17348.58,bad-date,Net Banking,Entertainment
T05276,A0025,CREDIT,106717.3,2024-08-01,Credit Card,Grocery
T00286,A0177,DEBIT,387947.32,2026-03-25,Mobile Banking,Online Shopping
T03243,A0114,DEBIT,61144.9,2025-08-14,Debit Card,Grocery
T06462,A0297,DEBIT,280118.93,2025-10-21,Credit Card,Travel
T02390,A0495,DEBIT,333411.97,2025-07-07,Net Banking,Travel
T06433,A0264,CREDIT,151680.42,2024-02-04,Debit Card,Education
T00644,A0511,CREDIT,25834.36,2025-07-07,Debit Card,Retail
T01872,A0242,CREDIT,410291.67,2025-07-30,Mobile Banking,Restaurant
T09832,A0134,CREDIT,31631.32,bad-date,Mobile Banking,Education
T08415,A0472,DEBIT,9627.52,2024-03-18,ATM,Grocery
T02618,A0051,CREDIT,44823.78,2024-10-09,UPI,Retail
T00405,A0087,CREDIT,302292.74,2024-07-01,Credit Card,Education
T08487,A0192,DEBIT,320769.12,2026-08-22,UPI,Utilities
T03822,A0212,DEBIT,368225.35,2026-04-17,ATM,Retail
T03042,A0464,CREDIT,479169.91,2025-02-22,ATM,Retail
T07707,A0292,DEBIT,82790.22,2024-11-30,ATM,Fuel
T04805,A0265,CREDIT,36718.42,2024-09-09,Credit Card,Fuel
T07803,A0128,DEBIT,236440.98,2026-03-22,ATM,Fuel
T04518,A0407,DEBIT,343240.79,2024-09-08,Mobile Banking,Grocery
T09314,A0304,CREDIT,198594.95,2025-10-30,Mobile Banking,Online Shopping
T05604,A0103,CREDIT,184549.01,2024-08-11,Net Banking,Restaurant
T08255,A0232,CREDIT,43950.23,2024-09-09,UPI,Retail
T00455,A0044,CREDIT,370547.18,2024-09-07,Mobile Banking,Education
T00198,A0550,CREDIT,126044.88,2024-04-07,Net Banking,Utilities
T07033,A0219,CREDIT,29736.8,2024-09-05,Credit Card,Healthcare
T06314,A0300,DEBIT,497000.93,2026-06-27,Debit Card,Healthcare
T04761,A0375,CREDIT,277054.06,2025-06-23,ATM,Education
T08168,A0335,DEBIT,257614.19,2025-08-22,Credit Card,Education
T00972,A0333,DEBIT,412172.92,2026-06-13,ATM,Fuel
T09165,A0474,CREDIT,396545.1,2026-02-26,Credit Card,Education
T07018,A0190,DEBIT,344218.69,2025-07-01,ATM,Retail
T07596,A0208,CREDIT,381260.09,2024-03-10,Debit Card,Healthcare
T07057,A0448,CREDIT,256302.5,2025-01-19,Debit Card,Utilities
T07245,A0221,DEBIT,465535.7,2024-10-07,Net Banking,Travel
T01391,A0435,CREDIT,218737.44,2024-12-22,ATM,Restaurant
T07150,A0524,CREDIT,417860.67,2024-09-11,Net Banking,Restaurant
T02761,A0252,DEBIT,43686.04,2025-08-06,Net Banking,Grocery
T04718,A0040,CREDIT,136660.25,2025-07-31,Debit Card,Restaurant
T02746,A0185,CREDIT,151325.31,2025-07-09,Credit Card,Entertainment
T04396,A0215,CREDIT,409385.25,2025-04-09,Mobile Banking,Travel
T09014,A0435,DEBIT,419952.9,2025-04-05,Credit Card,Utilities
T04110,A0232,CREDIT,245910.13,2026-01-01,Debit Card,Online Shopping
T04522,A0203,CREDIT,91384.58,2024-11-01,ATM,Retail
T05818,A0553,CREDIT,159216.97,2026-07-08,Net Banking,Travel
T08724,A0055,DEBIT,141507.78,2026-05-17,ATM,Entertainment
T01328,A0506,CREDIT,356942.59,2026-04-07,Mobile Banking,Online Shopping
T02344,A0417,DEBIT,287726.12,2025-06-23,UPI,Grocery
,A0363,CREDIT,37923.5,2023-11-12,ATM,Fuel
T08942,A0426,DEBIT,233457.85,2026-03-02,Mobile Banking,Restaurant
T00367,A0198,DEBIT,462757.77,2024-03-17,Net Banking,Fuel
T01199,A0327,CREDIT,11601.43,2024-05-11,UPI,Travel
T02266,A0194,DEBIT,347911.9,2025-02-10,Credit Card,Travel
T07472,A0064,DEBIT,84857.3,2024-07-15,Mobile Banking,Online Shopping
T03832,A0280,DEBIT,440387.52,2024-12-19,ATM,Fuel
T02858,A0463,DEBIT,411476.74,2026-08-07,Mobile Banking,Retail
T03914,A0432,DEBIT,344552.54,2024-03-08,Mobile Banking,Healthcare
T00217,A0551,CREDIT,276470.78,2024-06-28,Debit Card,Healthcare
T09695,A0422,DEBIT,-7248.47,2026-04-05,Mobile Banking,Fuel
T07287,A0374,CREDIT,334596.79,2024-05-03,Net Banking,Education
T02219,A0016,CREDIT,311412.4,2025-10-29,Credit Card,Online Shopping
T00594,A0255,DEBIT,211339.39,2026-07-14,UPI,Restaurant
T03426,A0010,CREDIT,252009.29,2024-05-17,Credit Card,Utilities
T03259,A0432,CREDIT,130412.44,2026-03-17,Mobile Banking,Education
T00805,A0171,DEBIT,355702.7,2026-05-10,Credit Card,Education
T07969,A0402,CREDIT,153151.83,2024-01-18,Mobile Banking,Grocery
T05184,A0068,CREDIT,402414.32,2024-10-28,Credit Card,Retail
T04390,A0448,CREDIT,91410.41,2025-01-17,ATM,Utilities
T06311,A0537,CREDIT,200582.0,2026-01-16,Net Banking,Travel
T01497,A0257,CREDIT,455468.87,2025-09-27,UPI,Online Shopping
T05456,A0559,CREDIT,110417.55,2025-05-13,ATM,Grocery
T00020,A0130,DEBIT,106945.88,2025-06-07,Net Banking,Restaurant
T00125,A0141,DEBIT,327469.11,2026-06-25,UPI,Utilities
T00331,A0307,DEBIT,146843.17,2024-08-06,UPI,Fuel
T00414,A0547,DEBIT,266283.97,2026-04-21,ATM,Healthcare
T02677,A0343,DEBIT,388732.65,2024-09-22,UPI,Utilities
T06049,A0476,CREDIT,354029.23,2025-07-21,Mobile Banking,Grocery
T00869,A0265,CREDIT,257496.65,2025-09-21,Mobile Banking,Entertainment
T05416,A0109,DEBIT,445668.5,2024-09-09,Net Banking,Travel
T03979,A0136,DEBIT,166577.37,2024-01-31,Credit Card,Education
T03546,A0219,CREDIT,254665.89,2026-05-12,Credit Card,Grocery
T02879,A0087,CREDIT,495521.96,2025-02-16,UPI,Retail
T07575,A0415,DEBIT,494108.22,2024-07-06,Mobile Banking,Education
T04938,A0329,CREDIT,46835.51,2026-01-05,Net Banking,Entertainment
T05190,A0568,DEBIT,357685.63,2026-07-16,Credit Card,Entertainment
T06038,A0182,DEBIT,120749.38,2025-10-22,Mobile Banking,Retail
T01192,A0245,DEBIT,131630.38,2025-03-19,Debit Card,Retail
T04249,A0010,CREDIT,103250.02,2024-01-02,Debit Card,Utilities
T04515,A0324,DEBIT,488279.22,2024-02-01,ATM,Fuel
T02834,A0525,DEBIT,329378.61,2024-09-08,UPI,Grocery
T02548,A0068,CREDIT,99731.0,2026-01-14,Credit Card,Grocery
T09414,A0391,CREDIT,129855.79,2025-10-24,Net Banking,Healthcare
T00774,A0238,DEBIT,184973.83,2025-07-30,UPI,Restaurant
T05946,A0495,CREDIT,167798.18,2024-02-25,Debit Card,Healthcare
T02198,A0188,CREDIT,481832.38,2025-05-19,Mobile Banking,Healthcare
T02876,A0382,DEBIT,6277.42,2024-05-04,ATM,Restaurant
T06151,A0049,DEBIT,227882.66,2025-08-17,Mobile Banking,Education
T02903,A0042,CREDIT,149205.17,2024-07-07,Debit Card,Restaurant
T00927,A0315,CREDIT,283863.2,2024-11-08,Credit Card,Entertainment
T07956,A0043,CREDIT,183133.55,2026-02-01,Net Banking,Travel
T01047,A0127,CREDIT,102994.96,2024-05-25,Mobile Banking,Restaurant
T04273,A0091,CREDIT,340341.65,2026-03-15,Credit Card,Fuel
T03651,A0028,CREDIT,159221.2,2024-11-23,Net Banking,Restaurant
T04037,A0489,CREDIT,491470.76,2024-09-12,Net Banking,Retail
T03417,A0304,CREDIT,303667.1,2026-01-10,Mobile Banking,Healthcare
T03085,A0018,DEBIT,199356.98,2024-06-03,ATM,Fuel
T02181,A0334,CREDIT,18279.64,2026-07-31,ATM,Entertainment
T09460,A0464,DEBIT,272976.14,2024-12-04,Debit Card,Healthcare
T06415,A0141,CREDIT,448088.46,2024-10-20,Debit Card,Education
T08610,A0191,CREDIT,453193.88,2025-12-24,Mobile Banking,Healthcare
T02079,A0312,CREDIT,101711.39,2026-07-07,Net Banking,Online Shopping
T03993,A0408,DEBIT,264960.66,2025-09-26,ATM,Online Shopping
T01816,A0357,CREDIT,46328.28,2024-07-22,Credit Card,Restaurant
T00375,A0400,DEBIT,303648.47,2024-07-30,ATM,Retail
T08292,A0394,DEBIT,308017.24,2024-04-16,Mobile Banking,Grocery
T02562,A0095,DEBIT,347182.01,2024-12-03,Net Banking,Grocery
T03361,A0470,CREDIT,101885.54,2025-10-27,Net Banking,Education
T05858,A0566,CREDIT,146424.13,2026-02-15,Net Banking,Grocery
T09779,A0494,DEBIT,33853.73,2025-10-02,Telegram,Grocery
T02326,A0527,CREDIT,323188.93,2025-07-18,Debit Card,Online Shopping
T09018,A0241,CREDIT,283009.4,2024-10-12,Credit Card,Restaurant
T06686,A0417,CREDIT,494512.16,2025-09-22,ATM,Travel
T00404,A0289,DEBIT,38237.34,2024-12-07,UPI,Utilities
T02028,A0355,DEBIT,186486.92,2026-05-03,UPI,Utilities
T01121,A0107,DEBIT,280670.37,2025-09-16,Credit Card,Restaurant
T06114,A0446,CREDIT,294177.19,2025-04-02,Net Banking,Education
T00120,A0076,DEBIT,15105.79,2024-04-27,ATM,Restaurant
T04183,A0370,DEBIT,2550.8,2026-06-13,ATM,Fuel
T09736,A0385,TRANSFER,19345.6,2025-02-01,ATM,Entertainment
T00859,A0046,CREDIT,151038.77,2024-04-05,Debit Card,Healthcare
T07222,A0408,DEBIT,340741.05,2026-03-08,Credit Card,Entertainment
T01714,A0505,DEBIT,201450.42,2026-08-07,UPI,Entertainment
T05972,A0115,CREDIT,468964.93,2025-03-02,UPI,Healthcare
T00327,A0044,DEBIT,482327.23,2025-11-21,Net Banking,Travel
T09455,A0486,CREDIT,69681.76,2026-06-29,Debit Card,Entertainment
T03944,A0476,DEBIT,428868.55,2024-01-10,Credit Card,Restaurant
T03424,A0505,CREDIT,41399.75,2026-08-25,Debit Card,Retail
T01373,A0062,CREDIT,55804.88,2025-10-01,Mobile Banking,Restaurant
T09472,A0035,CREDIT,67501.2,2025-08-30,ATM,Utilities
T09642,A0432,CREDIT,-2117.86,2023-07-24,Mobile Banking,Retail
T08710,A0510,DEBIT,459682.39,2024-09-06,Net Banking,Entertainment
T06978,A0357,DEBIT,12347.01,2025-03-22,Net Banking,Online Shopping
T01175,A0499,DEBIT,305217.99,2026-02-20,Net Banking,Education
T05005,A0564,DEBIT,20930.48,2025-08-15,UPI,Utilities
T03800,A0471,CREDIT,478520.88,2024-08-26,Debit Card,Entertainment
T06546,A0072,CREDIT,286130.08,2024-12-01,Net Banking,Healthcare
T07585,A0539,CREDIT,23007.29,2024-07-23,Net Banking,Utilities
T08331,A0252,CREDIT,119720.78,2024-05-20,Mobile Banking,Entertainment
T03264,A0144,CREDIT,71498.34,2024-05-31,ATM,Grocery
T07711,A0196,CREDIT,60666.59,2024-05-29,Net Banking,Restaurant
T06607,A0329,CREDIT,448563.07,2024-05-01,Net Banking,Education
T08005,A0406,DEBIT,299578.39,2026-03-03,Net Banking,Healthcare
T01950,A0319,DEBIT,67254.85,2024-11-19,Net Banking,Online Shopping
T09504,,DEBIT,35917.83,2026-05-17,Net Banking,Utilities
T00159,A0312,CREDIT,85794.69,2025-11-22,Net Banking,Grocery
T05675,A0248,DEBIT,350556.63,2025-03-09,UPI,Travel
T05517,A0024,DEBIT,472717.37,2024-01-13,Debit Card,Travel
T04486,A0010,CREDIT,291416.5,2026-03-02,Credit Card,Travel
T05752,A0258,CREDIT,295212.76,2026-01-30,Debit Card,Restaurant
T04621,A0008,DEBIT,71373.21,2024-07-31,Debit Card,Retail
T01907,A0067,DEBIT,5906.46,2025-07-28,Debit Card,Online Shopping
T09834,A0333,CREDIT,12749.91,bad-date,Net Banking,Healthcare
T06886,A0004,DEBIT,49821.17,2025-09-02,Mobile Banking,Grocery
T01477,A0561,DEBIT,269442.25,2026-02-12,Credit Card,Retail
T06425,A0551,CREDIT,284228.27,2026-02-10,Credit Card,Education
T02337,A0398,DEBIT,140956.31,2026-06-10,Credit Card,Restaurant
T06132,A0400,CREDIT,459417.61,2024-09-05,Net Banking,Utilities
T04238,A0406,DEBIT,33204.58,2025-10-01,Mobile Banking,Utilities
T06189,A0448,CREDIT,115555.83,2024-10-18,UPI,Restaurant
T08325,A0106,CREDIT,482611.19,2025-03-17,Mobile Banking,Entertainment
T08631,A0260,DEBIT,103451.91,2025-09-20,Credit Card,Utilities
T08010,A0048,CREDIT,392600.32,2024-11-02,Mobile Banking,Healthcare
T01879,A0222,DEBIT,143398.85,2024-02-20,Credit Card,Entertainment
T01352,A0041,DEBIT,138766.98,2024-10-14,Credit Card,Utilities
T02565,A0423,DEBIT,15082.67,2024-11-25,Credit Card,Fuel
T07117,A0422,CREDIT,201936.79,2024-08-26,ATM,Education
T07850,A0286,DEBIT,130088.72,2025-05-25,Credit Card,Grocery
T04537,A0173,DEBIT,240444.86,2024-02-08,UPI,Restaurant
T00322,A0082,CREDIT,365003.52,2026-08-25,UPI,Grocery
T07417,A0418,DEBIT,399942.86,2024-10-19,UPI,Education
T07654,A0483,CREDIT,218529.74,2025-03-19,ATM,Healthcare
T07267,A0122,CREDIT,228122.94,2024-02-17,Credit Card,Education
T09728,A0474,TRANSFER,10688.77,2024-09-06,Credit Card,Education
T02957,A0289,DEBIT,462871.86,2024-08-18,Net Banking,Online Shopping
T04293,A0112,DEBIT,15593.18,2026-03-30,Mobile Banking,Restaurant
T07068,A0030,DEBIT,464061.17,2026-04-27,UPI,Healthcare
T05912,A0461,CREDIT,470450.53,2025-01-29,Debit Card,Entertainment
T09840,A0040,CREDIT,39440.41,bad-date,Net Banking,Retail
T05221,A0161,DEBIT,231675.65,2024-02-18,Mobile Banking,Restaurant
T03479,A0201,CREDIT,61833.25,2026-01-18,ATM,Utilities
T05704,A0171,DEBIT,400213.8,2024-01-02,Debit Card,Retail
T01910,A0515,CREDIT,133032.52,2025-02-13,Net Banking,Education
T07713,A0316,CREDIT,78859.31,2026-02-07,Mobile Banking,Retail
T04240,A0373,CREDIT,16277.31,2024-04-27,Net Banking,Restaurant
T00065,A0434,DEBIT,20991.86,2026-04-12,Credit Card,Fuel
T04993,A0491,DEBIT,61839.01,2024-02-11,Credit Card,Online Shopping
T02372,A0142,DEBIT,224163.86,2024-11-11,Net Banking,Education
T04583,A0517,CREDIT,30269.28,2025-08-13,Credit Card,Utilities
T02920,A0245,DEBIT,457677.74,2025-07-11,Net Banking,Healthcare
T09577,A9999,CREDIT,49785.13,2026-02-19,Net Banking,Education
T00426,A0294,CREDIT,78028.08,2026-06-21,Mobile Banking,Retail
T01895,A0328,DEBIT,333325.36,2026-04-28,ATM,Travel
T03499,A0298,CREDIT,79618.15,2026-06-24,Mobile Banking,Healthcare
T08713,A0301,CREDIT,65205.27,2026-02-27,Credit Card,Healthcare
T08517,A0350,DEBIT,55349.8,2024-04-05,UPI,Retail
T02886,A0393,DEBIT,79968.47,2026-03-15,Mobile Banking,Grocery
T02951,A0162,CREDIT,383719.55,2025-04-16,Debit Card,Fuel
T08687,A0076,CREDIT,455615.62,2025-02-19,Debit Card,Utilities
T04495,A0443,CREDIT,446257.64,2025-03-13,Net Banking,Healthcare
T04712,A0441,CREDIT,422924.65,2026-06-21,Net Banking,Healthcare
T01657,A0541,DEBIT,390143.61,2024-12-16,Debit Card,Travel
T08458,A0315,DEBIT,365257.84,2024-03-27,Debit Card,Travel
T08872,A0532,CREDIT,16034.2,2026-02-22,Net Banking,Restaurant
T07446,A0101,DEBIT,273901.37,2026-01-27,Debit Card,Healthcare
T07914,A0279,CREDIT,113424.55,2026-06-12,Credit Card,Grocery
T02429,A0187,DEBIT,468175.91,2025-06-09,Credit Card,Education
T08689,A0444,DEBIT,329591.47,2025-02-03,Credit Card,Grocery
T09794,A0208,CREDIT,47156.66,2023-01-07,Telegram,Retail
T00227,A0371,CREDIT,348765.96,2025-10-22,ATM,Restaurant
T04340,A0456,DEBIT,90997.35,2026-03-09,UPI,Utilities
T09436,A0115,DEBIT,217220.12,2024-03-17,UPI,Grocery
T04887,A0473,DEBIT,217913.32,2026-05-15,Mobile Banking,Utilities
T09543,,DEBIT,49214.92,2024-01-23,Credit Card,Education
T07609,A0338,CREDIT,199715.19,2024-11-01,Mobile Banking,Grocery
T03951,A0095,DEBIT,193569.66,2026-05-27,Debit Card,Restaurant
T01052,A0478,DEBIT,292530.79,2026-06-16,Mobile Banking,Entertainment
T01984,A0468,DEBIT,437079.32,2026-01-22,Credit Card,Fuel
T04347,A0437,DEBIT,220036.36,2025-12-12,Mobile Banking,Restaurant
T09421,A0553,DEBIT,339463.61,2024-02-18,ATM,Grocery
T05212,A0284,CREDIT,384537.35,2025-09-25,Debit Card,Entertainment
T08119,A0026,CREDIT,340376.26,2026-02-20,Credit Card,Travel
T02764,A0269,DEBIT,414032.81,2024-02-23,Net Banking,Utilities
T08368,A0137,DEBIT,335337.81,2025-02-11,Credit Card,Education
T09104,A0133,DEBIT,58663.87,2024-06-25,Net Banking,Travel
T04541,A0425,DEBIT,59219.55,2024-11-10,Credit Card,Retail
T04369,A0423,CREDIT,334878.48,2024-12-01,UPI,Online Shopping
T03307,A0093,DEBIT,79050.02,2025-05-12,Debit Card,Grocery
,A0056,DEBIT,23285.79,2023-02-17,UPI,Restaurant
T05606,A0058,CREDIT,170565.97,2026-04-07,Credit Card,Retail
T09285,A0328,CREDIT,81446.28,2025-02-10,Mobile Banking,Education
T07311,A0346,DEBIT,268063.46,2025-05-10,Debit Card,Fuel
T01843,A0423,CREDIT,65080.8,2026-05-30,Debit Card,Education
T04233,A0086,CREDIT,318374.68,2024-08-23,Mobile Banking,Healthcare
T02515,A0425,CREDIT,35132.21,2025-01-04,ATM,Healthcare
T05547,A0195,CREDIT,29753.42,2026-07-28,Debit Card,Fuel
T08566,A0437,DEBIT,29719.33,2026-05-01,ATM,Grocery
T08029,A0099,CREDIT,157322.97,2024-01-03,Debit Card,Utilities
T02274,A0288,DEBIT,376656.29,2024-02-21,ATM,Online Shopping
T09727,A0449,TRANSFER,11071.83,2023-08-28,UPI,Utilities
T09457,A0255,CREDIT,331078.44,2026-06-26,ATM,Entertainment
T09034,A0207,DEBIT,186892.23,2026-03-17,Mobile Banking,Retail
T04194,A0415,DEBIT,64015.57,2025-11-21,ATM,Online Shopping
T03158,A0053,CREDIT,50042.65,2025-12-14,Net Banking,Entertainment
T01752,A0008,CREDIT,153379.01,2025-09-30,UPI,Education
T00510,A0560,CREDIT,79278.3,2026-01-29,Debit Card,Online Shopping
T02837,A0228,CREDIT,171935.54,2025-10-22,Net Banking,Fuel
T00657,A0389,CREDIT,276292.73,2024-02-23,Credit Card,Healthcare
T05275,A0450,CREDIT,264588.91,2024-05-15,ATM,Restaurant
T09547,,DEBIT,47805.89,2023-08-27,Mobile Banking,Grocery
T05712,A0097,CREDIT,251308.05,2024-03-21,Credit Card,Entertainment
T00701,A0063,DEBIT,20544.66,2024-05-29,ATM,Online Shopping
T01347,A0029,CREDIT,335860.82,2026-08-11,Debit Card,Healthcare
T05174,A0266,CREDIT,13472.85,2026-04-13,Net Banking,Online Shopping
T00132,A0084,DEBIT,395519.51,2025-09-21,UPI,Grocery
T02856,A0418,CREDIT,292824.88,2026-08-19,ATM,Travel
T07632,A0129,DEBIT,247068.2,2025-10-29,Net Banking,Healthcare
T03523,A0257,DEBIT,47824.63,2026-05-13,ATM,Online Shopping
T08711,A0162,DEBIT,275692.25,2025-04-24,Credit Card,Entertainment
T04744,A0236,DEBIT,331974.43,2024-09-05,ATM,Grocery
T08138,A0398,CREDIT,430508.1,2026-08-06,ATM,Online Shopping
T03352,A0429,DEBIT,191600.45,2026-08-09,Debit Card,Online Shopping
T00427,A0178,CREDIT,5532.7,2026-05-02,Credit Card,Entertainment
T06009,A0393,DEBIT,190507.15,2024-07-19,ATM,Utilities
T07623,A0115,DEBIT,222770.92,2025-04-12,ATM,Entertainment
T04953,A0315,DEBIT,424128.95,2024-09-20,Credit Card,Education
T02898,A0014,CREDIT,248150.7,2025-05-22,ATM,Grocery
T05328,A0495,CREDIT,194550.24,2024-03-10,Net Banking,Entertainment
T00472,A0149,DEBIT,332065.06,2026-04-23,Mobile Banking,Utilities
T07352,A0053,DEBIT,272797.41,2024-01-03,Net Banking,Education
T07941,A0290,CREDIT,243884.06,2026-04-26,ATM,Restaurant
T08222,A0445,DEBIT,422186.83,2025-09-04,UPI,Retail
T09334,A0536,DEBIT,488178.37,2025-06-04,Credit Card,Travel
T01079,A0085,DEBIT,499719.5,2025-03-29,UPI,Travel
T01885,A0176,CREDIT,44602.51,2024-02-26,ATM,Retail
T02802,A0240,DEBIT,276771.0,2026-04-08,UPI,Utilities
T02569,A0143,CREDIT,344390.29,2024-06-04,ATM,Travel
T07160,A0131,CREDIT,344008.9,2024-09-17,Mobile Banking,Retail
T02071,A0061,CREDIT,79038.55,2025-03-03,Mobile Banking,Retail
T05420,A0162,DEBIT,309403.18,2026-01-28,Net Banking,Fuel
T06127,A0450,DEBIT,242396.23,2026-01-07,ATM,Healthcare
T06787,A0003,DEBIT,259874.06,2025-09-21,UPI,Grocery
T08745,A0117,CREDIT,346655.6,2024-12-10,Credit Card,Travel
T03582,A0213,DEBIT,49312.95,2025-07-11,Net Banking,Entertainment
T03121,A0558,DEBIT,325185.84,2026-08-01,Mobile Banking,Entertainment
T04653,A0210,CREDIT,85088.93,2026-01-17,ATM,Restaurant
T08746,A0084,DEBIT,247639.85,2025-01-26,Credit Card,Retail
T01370,A0186,CREDIT,180731.33,2026-03-31,UPI,Retail
T09099,A0140,CREDIT,371970.13,2025-11-15,Credit Card,Retail
T01618,A0161,DEBIT,473076.24,2025-01-17,Debit Card,Retail
T09112,A0172,CREDIT,239648.65,2025-07-28,ATM,Utilities
T06712,A0563,DEBIT,171746.56,2025-09-05,Mobile Banking,Education
T03773,A0415,CREDIT,208759.88,2025-05-30,ATM,Grocery
T00107,A0263,DEBIT,210561.4,2026-01-12,Net Banking,Entertainment
T02840,A0118,DEBIT,27294.17,2025-09-05,ATM,Healthcare
T06299,A0371,CREDIT,277084.4,2025-09-04,Mobile Banking,Retail
T03019,A0198,DEBIT,469529.51,2024-11-03,ATM,Grocery
T08120,A0115,DEBIT,96438.41,2024-05-16,Debit Card,Travel
,A0326,DEBIT,44071.07,2025-07-09,Net Banking,Travel
T07924,A0233,DEBIT,346188.29,2024-07-19,Credit Card,Healthcare
T01224,A0155,CREDIT,108575.19,2024-01-17,Credit Card,Entertainment
T09553,,CREDIT,2926.98,2025-10-04,Net Banking,Fuel
T09303,A0475,DEBIT,407420.3,2026-02-16,Debit Card,Online Shopping
T02680,A0197,DEBIT,205805.79,2024-02-29,Mobile Banking,Entertainment
T06989,A0442,CREDIT,466310.41,2026-04-09,Mobile Banking,Online Shopping
T04031,A0112,CREDIT,376095.85,2024-07-07,ATM,Healthcare
T09425,A0291,DEBIT,456099.93,2026-08-27,ATM,Entertainment
T00990,A0157,CREDIT,386518.7,2024-07-30,Debit Card,Grocery
T04006,A0134,CREDIT,59667.12,2025-07-29,ATM,Education
T08313,A0431,DEBIT,186288.87,2026-05-30,Mobile Banking,Travel
T05059,A0481,CREDIT,88804.13,2024-05-28,UPI,Online Shopping
T09393,A0137,DEBIT,262638.93,2025-09-28,Net Banking,Grocery
T00277,A0290,CREDIT,350584.22,2025-07-15,Credit Card,Online Shopping
T01823,A0186,CREDIT,60566.3,2026-01-08,UPI,Entertainment
T02371,A0394,CREDIT,305856.62,2024-12-28,Net Banking,Online Shopping
T02018,A0090,CREDIT,215863.32,2025-12-19,Debit Card,Entertainment
T06852,A0503,CREDIT,443251.24,2025-01-17,UPI,Retail
T00478,A0015,DEBIT,406908.3,2024-01-17,Debit Card,Restaurant
T05500,A0505,DEBIT,217738.05,2024-04-28,UPI,Entertainment
T00840,A0367,DEBIT,81456.55,2025-07-13,ATM,Retail
T04626,A0476,CREDIT,220000.09,2025-08-29,Net Banking,Utilities
T07507,A0530,CREDIT,331644.53,2025-04-11,Credit Card,Education
T02314,A0011,DEBIT,306963.45,2025-01-21,Net Banking,Utilities
T08730,A0239,CREDIT,120339.2,2024-04-16,ATM,Entertainment
T06799,A0454,DEBIT,337399.03,2024-04-16,Net Banking,Fuel
T05058,A0342,DEBIT,108158.46,2024-08-28,Debit Card,Healthcare
T05909,A0104,DEBIT,160205.31,2025-04-18,ATM,Travel
T09020,A0346,DEBIT,26193.39,2024-09-08,Mobile Banking,Education
T00780,A0417,CREDIT,134145.63,2024-08-02,Net Banking,Entertainment
T00365,A0394,CREDIT,443608.18,2024-05-13,Mobile Banking,Fuel
T06671,A0328,DEBIT,270302.14,2025-10-13,UPI,Travel
T06631,A0287,DEBIT,476167.58,2025-07-19,UPI,Utilities
T07915,A0388,DEBIT,168216.27,2024-12-19,Credit Card,Healthcare
T07620,A0008,DEBIT,349469.95,2025-06-11,Net Banking,Healthcare
T02670,A0308,CREDIT,224402.57,2025-03-14,Debit Card,Grocery
T07206,A0022,CREDIT,402797.5,2024-08-18,Credit Card,Entertainment
T08493,A0384,DEBIT,216439.38,2024-02-26,Debit Card,Retail
T06545,A0034,DEBIT,169547.01,2024-03-25,Debit Card,Travel
T03436,A0511,CREDIT,145120.12,2024-02-10,UPI,Grocery
T05301,A0286,DEBIT,90075.84,2025-09-02,Mobile Banking,Utilities
T08437,A0454,CREDIT,350643.29,2025-05-08,UPI,Education
T06358,A0038,DEBIT,28421.81,2025-07-05,Credit Card,Utilities
T08513,A0342,DEBIT,270273.98,2025-07-27,Mobile Banking,Retail
T02189,A0219,CREDIT,74264.46,2024-06-03,Mobile Banking,Entertainment
T09803,A0174,DEBIT,4320.9,2026-07-10,Telegram,Restaurant
T05498,A0302,DEBIT,264846.63,2024-09-20,ATM,Education
T02140,A0294,DEBIT,150321.5,2024-02-07,Credit Card,Healthcare
T00393,A0103,CREDIT,363409.64,2026-04-07,UPI,Fuel
T08846,A0184,DEBIT,68859.11,2025-08-04,ATM,Restaurant
T02816,A0516,DEBIT,493706.97,2024-01-25,Mobile Banking,Utilities
T08361,A0407,DEBIT,140790.73,2025-03-22,Mobile Banking,Utilities
T04146,A0265,DEBIT,1954.61,2026-08-23,ATM,Travel
T01634,A0011,CREDIT,104430.91,2024-01-28,UPI,Fuel
T06408,A0427,DEBIT,30520.89,2026-06-30,Mobile Banking,Healthcare
T04968,A0209,DEBIT,246020.71,2024-11-04,Mobile Banking,Education
T01683,A0401,DEBIT,31396.22,2024-02-26,UPI,Healthcare
T05430,A0258,CREDIT,411873.71,2026-02-05,Net Banking,Healthcare
T02602,A0561,CREDIT,473742.39,2024-06-03,UPI,Utilities
T09458,A0173,DEBIT,134612.21,2024-10-19,Mobile Banking,Fuel
T05113,A0183,CREDIT,42913.61,2025-08-21,UPI,Online Shopping
T08736,A0505,CREDIT,496654.13,2024-05-01,Credit Card,Restaurant
T04235,A0484,CREDIT,3391.09,2025-09-23,Credit Card,Retail
T06068,A0037,DEBIT,421200.27,2025-02-07,Credit Card,Healthcare
T03941,A0005,DEBIT,46702.01,2025-02-05,Debit Card,Education
T09087,A0142,DEBIT,79442.81,2025-03-19,ATM,Entertainment
T03939,A0028,CREDIT,16425.9,2025-02-24,Net Banking,Entertainment
T02630,A0482,CREDIT,64976.26,2024-07-26,Mobile Banking,Fuel
T08552,A0384,DEBIT,321212.58,2025-11-03,Debit Card,Utilities
T09564,,CREDIT,9895.44,2025-04-22,Net Banking,Healthcare
T06436,A0264,CREDIT,488138.96,2024-01-14,UPI,Restaurant
T07249,A0435,DEBIT,193881.46,2024-04-06,Net Banking,Entertainment
T09783,A0297,DEBIT,2050.68,2026-04-08,Telegram,Retail
T06423,A0354,DEBIT,274411.66,2025-11-08,Net Banking,Retail
T03427,A0214,DEBIT,422363.28,2026-07-20,Debit Card,Fuel
T03880,A0435,DEBIT,200961.94,2024-09-12,Debit Card,Travel
T08204,A0520,DEBIT,60859.3,2025-04-01,ATM,Online Shopping
T07626,A0088,CREDIT,371052.09,2026-01-09,Credit Card,Travel
T05094,A0394,CREDIT,151013.78,2026-08-21,Debit Card,Utilities
T03367,A0156,CREDIT,410870.86,2026-05-11,UPI,Education
T02389,A0569,CREDIT,437479.52,2026-04-03,UPI,Utilities
T04051,A0349,CREDIT,314572.74,2026-05-08,Mobile Banking,Travel
T00087,A0281,CREDIT,423848.82,2024-01-24,Mobile Banking,Education
T05587,A0086,DEBIT,290696.03,2024-04-14,UPI,Grocery
T04562,A0338,DEBIT,69180.27,2024-03-27,Mobile Banking,Entertainment
T01319,A0466,DEBIT,374551.21,2024-09-04,Net Banking,Entertainment
T03891,A0374,CREDIT,194976.97,2024-01-26,Net Banking,Grocery
T09711,A0539,TRANSFER,26975.38,2026-08-09,ATM,Healthcare
T00590,A0501,DEBIT,2644.61,2024-12-26,Mobile Banking,Retail
T07883,A0029,CREDIT,128761.08,2024-07-27,UPI,Entertainment
T07120,A0529,DEBIT,151649.18,2025-09-16,Debit Card,Healthcare
T07098,A0398,DEBIT,243503.5,2026-02-23,Net Banking,Education
T05917,A0357,DEBIT,437846.34,2024-07-16,Credit Card,Travel
T03687,A0172,DEBIT,400788.49,2024-05-07,Debit Card,Retail
T01937,A0058,DEBIT,242805.51,2024-02-20,UPI,Fuel
T06098,A0065,DEBIT,398268.87,2026-02-09,UPI,Entertainment
T03821,A0438,CREDIT,467689.11,2024-01-09,UPI,Fuel
T07437,A0361,CREDIT,429548.0,2025-07-20,Mobile Banking,Travel
T06772,A0385,DEBIT,157855.4,2025-11-25,Net Banking,Healthcare
T02642,A0092,DEBIT,27553.86,2024-04-28,Credit Card,Restaurant
T05201,A0245,DEBIT,360174.31,2024-02-03,Debit Card,Restaurant
T02637,A0219,DEBIT,482007.98,2024-06-15,UPI,Healthcare
T09006,A0107,DEBIT,257720.05,2026-01-29,Mobile Banking,Online Shopping
T08556,A0404,DEBIT,363264.44,2026-05-15,Net Banking,Retail
T07378,A0414,CREDIT,296249.93,2025-07-14,Mobile Banking,Entertainment
T02573,A0233,DEBIT,318623.02,2024-07-16,Credit Card,Restaurant
T00540,A0175,CREDIT,95660.73,2026-07-12,Debit Card,Education
T06465,A0330,CREDIT,137165.57,2024-05-31,Debit Card,Online Shopping
T01746,A0183,DEBIT,194599.36,2025-08-12,ATM,Healthcare
T09216,A0126,DEBIT,170458.56,2024-12-18,Net Banking,Grocery
T05880,A0404,DEBIT,457686.81,2025-06-26,Credit Card,Utilities
T05742,A0420,CREDIT,352766.07,2025-05-19,Net Banking,Retail
T01813,A0398,CREDIT,407354.9,2026-05-25,Net Banking,Utilities
T04675,A0258,DEBIT,297472.83,2024-06-30,UPI,Grocery
T06102,A0006,CREDIT,383912.61,2025-07-14,Mobile Banking,Grocery
T02518,A0342,CREDIT,13095.83,2025-04-17,ATM,Fuel
T09091,A0265,DEBIT,141588.18,2024-04-02,Credit Card,Healthcare
T05953,A0005,DEBIT,117232.43,2025-10-12,ATM,Restaurant
T02442,A0240,DEBIT,81946.54,2025-12-22,UPI,Education
T04206,A0412,DEBIT,455763.51,2024-06-28,Credit Card,Fuel
T06101,A0331,DEBIT,334123.63,2026-06-09,Credit Card,Travel
T00412,A0507,DEBIT,240696.15,2025-02-27,Net Banking,Utilities
T07756,A0566,CREDIT,404117.46,2024-08-25,ATM,Online Shopping
T08354,A0239,CREDIT,489482.3,2025-03-27,Mobile Banking,Entertainment
T06687,A0550,DEBIT,68999.56,2025-01-01,Mobile Banking,Restaurant
T05383,A0514,DEBIT,356338.32,2024-04-01,Mobile Banking,Travel
T02161,A0023,CREDIT,286385.99,2026-08-05,Net Banking,Restaurant
T06036,A0253,DEBIT,331727.11,2026-03-21,Net Banking,Restaurant
T09750,A0334,TRANSFER,4715.07,2025-01-06,Net Banking,Healthcare
T01107,A0384,CREDIT,477860.28,2024-07-12,Mobile Banking,Fuel
T01545,A0241,DEBIT,192352.37,2026-08-29,Net Banking,Education
T00785,A0435,DEBIT,85443.97,2026-04-02,Net Banking,Entertainment
T01728,A0559,DEBIT,481218.75,2026-02-08,UPI,Entertainment
T08592,A0344,DEBIT,337981.19,2026-02-15,Debit Card,Entertainment
T04049,A0343,DEBIT,99144.2,2026-04-27,Net Banking,Online Shopping
T06625,A0422,CREDIT,219525.15,2024-06-01,Debit Card,Online Shopping
T01983,A0329,CREDIT,321860.33,2024-05-06,ATM,Education
T07136,A0248,CREDIT,119587.59,2024-12-02,Credit Card,Fuel
T04011,A0440,CREDIT,401055.93,2025-10-23,Credit Card,Online Shopping
T06858,A0439,CREDIT,315055.25,2025-01-04,Net Banking,Entertainment
T05129,A0129,CREDIT,440715.82,2026-06-16,Mobile Banking,Restaurant
T01262,A0268,CREDIT,119708.76,2025-10-22,Mobile Banking,Education
T05544,A0042,CREDIT,442166.59,2025-11-12,ATM,Education
T00941,A0273,DEBIT,45770.46,2024-07-13,Mobile Banking,Online Shopping
T05366,A0073,DEBIT,181942.01,2024-10-21,Net Banking,Fuel
T08112,A0277,CREDIT,280724.75,2025-05-23,Mobile Banking,Education
T08951,A0552,DEBIT,499345.09,2025-03-23,UPI,Retail
T01938,A0309,CREDIT,149426.82,2025-08-17,Debit Card,Grocery
T04089,A0455,DEBIT,51709.78,2024-09-18,Debit Card,Restaurant
T00758,A0342,DEBIT,383444.34,2025-07-20,UPI,Retail
T01709,A0105,CREDIT,130623.07,2026-08-10,Credit Card,Grocery
T06579,A0155,CREDIT,181253.93,2025-04-08,ATM,Utilities
T04328,A0387,CREDIT,474025.28,2025-03-10,Net Banking,Retail
T09095,A0275,DEBIT,417930.91,2025-11-09,Net Banking,Travel
T05270,A0367,CREDIT,342870.96,2024-09-05,Credit Card,Online Shopping
T05525,A0008,CREDIT,248825.55,2024-06-16,Credit Card,Grocery
T03386,A0269,CREDIT,45696.12,2026-08-07,Net Banking,Retail
T03781,A0196,DEBIT,469643.88,2024-05-28,Net Banking,Utilities
T03240,A0219,DEBIT,238270.79,2025-06-06,Debit Card,Entertainment
T06058,A0404,DEBIT,174850.53,2025-11-06,ATM,Fuel
T03737,A0497,DEBIT,225588.51,2024-09-06,ATM,Education
T03635,A0096,DEBIT,200290.0,2024-03-06,UPI,Travel
T02831,A0461,CREDIT,496942.56,2025-09-05,ATM,Online Shopping
T02393,A0458,DEBIT,457607.77,2024-02-18,UPI,Travel
T05180,A0457,CREDIT,91940.01,2024-03-06,Debit Card,Fuel
T05664,A0342,CREDIT,374595.13,2025-12-18,Net Banking,Restaurant
T01678,A0016,DEBIT,404390.2,2024-04-10,Mobile Banking,Grocery
T01303,A0558,CREDIT,259832.47,2025-08-12,UPI,Restaurant
T02027,A0271,DEBIT,133273.88,2024-05-15,UPI,Education
T08143,A0372,CREDIT,191858.16,2025-04-10,Mobile Banking,Restaurant
T03921,A0021,DEBIT,392335.26,2024-09-13,Net Banking,Retail
T04749,A0494,CREDIT,344618.43,2024-11-07,UPI,Grocery
T05926,A0181,DEBIT,374604.16,2024-11-08,ATM,Entertainment
T06116,A0398,DEBIT,121194.22,2024-08-12,ATM,Restaurant
T00501,A0199,CREDIT,363183.68,2026-04-06,Credit Card,Restaurant
T03100,A0490,CREDIT,258337.49,2025-12-28,Debit Card,Restaurant
T09592,A9999,DEBIT,2398.69,2026-05-27,Mobile Banking,Healthcare
T07289,A0341,CREDIT,228086.71,2024-06-06,Net Banking,Healthcare
T05284,A0494,DEBIT,91361.94,2025-10-01,ATM,Utilities
T07710,A0556,DEBIT,30716.69,2026-07-22,UPI,Fuel
T09548,,CREDIT,12641.76,2025-04-27,Debit Card,Restaurant
T07157,A0466,CREDIT,319624.63,2024-06-08,Debit Card,Travel
T05101,A0428,CREDIT,398073.53,2024-09-12,Net Banking,Education
T00986,A0541,DEBIT,444709.55,2025-02-15,Net Banking,Restaurant
T07091,A0370,CREDIT,371716.83,2026-01-06,ATM,Restaurant
T04983,A0193,CREDIT,416494.54,2025-12-27,Net Banking,Education
T04821,A0092,DEBIT,490622.34,2025-05-07,ATM,Education
T03446,A0286,CREDIT,167617.95,2026-06-20,Net Banking,Grocery
T05274,A0505,DEBIT,340558.89,2026-06-02,Mobile Banking,Grocery
T06105,A0420,DEBIT,242263.71,2024-06-09,Credit Card,Education
T07234,A0230,CREDIT,487084.86,2025-10-28,ATM,Entertainment
T06168,A0067,CREDIT,267411.18,2024-11-21,Credit Card,Education
T03006,A0415,CREDIT,402444.64,2025-11-09,Debit Card,Healthcare
T00800,A0094,CREDIT,71752.33,2025-05-01,UPI,Utilities
T09808,A0050,CREDIT,16442.78,2024-02-23,Telegram,Retail
T04666,A0134,CREDIT,329624.53,2025-02-02,Credit Card,Utilities
T04458,A0073,CREDIT,141783.4,2025-09-08,Debit Card,Utilities
T00745,A0390,CREDIT,318893.54,2025-05-10,Net Banking,Grocery
T09288,A0056,DEBIT,79573.46,2025-07-27,Net Banking,Restaurant
T03809,A0215,CREDIT,218451.12,2025-06-06,Net Banking,Utilities
T01358,A0196,DEBIT,486173.11,2024-07-15,Debit Card,Education
T01867,A0066,CREDIT,415363.45,2025-12-17,Credit Card,Retail
T03136,A0434,CREDIT,445562.53,2025-05-14,Debit Card,Fuel
T00683,A0136,CREDIT,140422.0,2025-11-29,Debit Card,Online Shopping
T00466,A0146,CREDIT,137025.27,2024-03-24,Debit Card,Entertainment
T09082,A0552,CREDIT,38852.27,2025-10-28,ATM,Restaurant
T00245,A0440,DEBIT,185455.48,2026-06-30,Debit Card,Utilities
T08649,A0465,DEBIT,353947.8,2024-10-10,ATM,Utilities
T06167,A0195,CREDIT,204432.12,2025-03-01,Credit Card,Grocery
T00679,A0445,DEBIT,391328.08,2026-08-08,Mobile Banking,Retail
T05505,A0390,CREDIT,12601.08,2026-05-31,Net Banking,Travel
T09171,A0120,CREDIT,368888.87,2025-04-19,Credit Card,Online Shopping
T03889,A0533,CREDIT,98089.0,2026-02-25,Mobile Banking,Retail
T02777,A0118,CREDIT,321492.77,2026-03-22,Net Banking,Restaurant
T06595,A0450,DEBIT,409708.35,2026-04-22,Mobile Banking,Education
T00342,A0195,DEBIT,20224.13,2025-02-08,Credit Card,Utilities
T04580,A0075,CREDIT,243871.86,2025-08-13,UPI,Online Shopping
T05123,A0254,DEBIT,228585.36,2025-11-15,Debit Card,Fuel
T03633,A0476,CREDIT,314855.91,2026-07-25,Mobile Banking,Retail
T03962,A0562,DEBIT,16981.63,2026-02-24,Credit Card,Entertainment
T02830,A0116,DEBIT,179460.39,2025-08-02,Net Banking,Healthcare
T05665,A0322,DEBIT,328439.99,2024-10-27,Debit Card,Healthcare
T07681,A0274,DEBIT,103866.23,2024-03-01,UPI,Fuel
T04628,A0554,CREDIT,446833.35,2025-10-30,Mobile Banking,Healthcare
T00274,A0054,CREDIT,428403.72,2026-01-14,Credit Card,Restaurant
T00328,A0180,CREDIT,183588.76,2024-05-16,Net Banking,Utilities
T02362,A0542,DEBIT,162750.88,2026-08-18,Mobile Banking,Retail
T08865,A0243,DEBIT,231610.32,2024-04-19,Mobile Banking,Utilities
T07324,A0041,DEBIT,448147.7,2025-04-04,ATM,Restaurant
T02691,A0009,CREDIT,292298.62,2026-04-05,ATM,Grocery
T03287,A0368,CREDIT,259958.97,2026-03-31,Net Banking,Healthcare
T03333,A0139,CREDIT,99291.41,2025-05-12,UPI,Education
T07347,A0357,DEBIT,281967.61,2024-06-16,ATM,Fuel
T01363,A0211,DEBIT,91620.61,2025-10-25,Credit Card,Utilities
T06494,A0295,CREDIT,293250.84,2025-02-02,ATM,Healthcare
T02364,A0349,DEBIT,18336.03,2023-10-14,UPI,Grocery
T00130,A0194,DEBIT,394814.94,2024-12-01,ATM,Retail
T00318,A0274,CREDIT,459228.98,2025-10-16,Debit Card,Travel
T07705,A0283,DEBIT,152279.66,2025-11-03,UPI,Grocery
T07095,A0025,CREDIT,269092.76,2025-10-01,Mobile Banking,Restaurant
T09503,,CREDIT,28925.48,2026-04-08,Net Banking,Fuel
T07678,A0077,DEBIT,412266.78,2024-01-14,UPI,Online Shopping
T08867,A0270,DEBIT,478406.81,2025-01-18,Debit Card,Grocery
T00815,A0107,CREDIT,184829.98,2025-09-19,Mobile Banking,Grocery
T03711,A0026,DEBIT,436072.45,2024-01-24,Credit Card,Healthcare
T05368,A0500,CREDIT,234063.03,2024-11-02,Mobile Banking,Restaurant
T06816,A0065,DEBIT,53193.42,2026-01-14,UPI,Travel
T03991,A0154,CREDIT,73655.07,2024-06-12,Mobile Banking,Retail
T08062,A0532,DEBIT,329438.6,2026-01-03,ATM,Utilities
T02675,A0442,DEBIT,303729.99,2025-02-20,Mobile Banking,Retail
T00251,A0018,DEBIT,436729.9,2026-04-06,Mobile Banking,Utilities
T04220,A0075,CREDIT,87687.03,2024-11-23,Debit Card,Fuel
T09304,A0332,DEBIT,304976.9,2026-04-30,ATM,Grocery
T06798,A0122,CREDIT,230114.57,2026-05-10,Net Banking,Entertainment
T05599,A0174,DEBIT,369959.82,2025-12-26,Net Banking,Restaurant
T01967,A0459,DEBIT,384898.49,2025-09-21,Mobile Banking,Entertainment
T06402,A0128,CREDIT,333907.99,2026-04-10,ATM,Fuel
T01002,A0370,DEBIT,418283.66,2025-03-20,Mobile Banking,Restaurant
T00759,A0532,CREDIT,181112.67,2024-07-22,ATM,Education
T02475,A0138,CREDIT,235821.24,2024-07-05,Credit Card,Retail
T03539,A0066,CREDIT,359195.94,2024-10-26,Net Banking,Retail
T06476,A0035,DEBIT,402498.92,2026-05-16,Credit Card,Retail
T00281,A0010,DEBIT,363006.16,2025-08-12,UPI,Grocery
T06572,A0469,DEBIT,378910.66,2024-04-23,Mobile Banking,Education
T00200,A0494,CREDIT,167619.1,2025-09-15,Net Banking,Entertainment
T03504,A0053,DEBIT,98617.16,2024-06-25,Net Banking,Travel
T04923,A0272,CREDIT,218244.81,2024-05-15,ATM,Fuel
T06128,A0447,DEBIT,102572.42,2025-03-27,Mobile Banking,Education
T03177,A0048,CREDIT,57024.51,2024-07-31,Debit Card,Education
T03493,A0440,DEBIT,177032.52,2026-06-13,Net Banking,Travel
T01333,A0067,CREDIT,131461.51,2026-08-29,Mobile Banking,Utilities
T00072,A0280,CREDIT,331172.29,2024-11-25,Debit Card,Travel
T04468,A0469,DEBIT,418868.83,2024-07-21,Debit Card,Healthcare
T06031,A0534,DEBIT,93431.98,2024-04-12,Debit Card,Education
T00439,A0290,DEBIT,250158.02,2024-11-18,Credit Card,Utilities
T07228,A0547,DEBIT,263037.19,2025-03-19,Debit Card,Healthcare
T01702,A0559,DEBIT,153618.41,2025-08-29,UPI,Grocery
T00959,A0427,DEBIT,114438.93,2024-09-26,Credit Card,Restaurant
T01738,A0400,DEBIT,363871.53,2024-12-05,Mobile Banking,Entertainment
T03454,A0444,DEBIT,464941.3,2025-09-11,Credit Card,Fuel
T09162,A0297,DEBIT,176997.93,2024-12-31,Mobile Banking,Education
T04984,A0488,DEBIT,205437.22,2024-07-28,ATM,Entertainment
T01413,A0385,DEBIT,186874.35,2024-11-18,Credit Card,Travel
T00756,A0212,CREDIT,473944.11,2025-09-20,Net Banking,Utilities
T04158,A0467,DEBIT,2063.97,2024-03-14,Credit Card,Entertainment
T05148,A0241,CREDIT,410327.26,2026-01-12,Credit Card,Fuel
T07962,A0386,DEBIT,495701.73,2025-11-12,Net Banking,Online Shopping
T08382,A0372,CREDIT,489932.23,2024-03-08,ATM,Retail
T00349,A0445,DEBIT,144804.37,2025-05-12,UPI,Healthcare
T05316,A0411,CREDIT,53112.16,2026-06-16,Credit Card,Restaurant
T01292,A0279,CREDIT,117485.77,2025-04-03,UPI,Retail
T06565,A0518,CREDIT,147477.03,2026-06-14,UPI,Entertainment
T07203,A0108,CREDIT,228104.48,2026-01-22,Debit Card,Healthcare
T06154,A0057,DEBIT,138792.95,2025-01-07,Mobile Banking,Retail
T07284,A0426,DEBIT,277593.17,2024-05-12,Net Banking,Retail
T09001,A0296,CREDIT,322585.67,2025-12-28,Credit Card,Restaurant
T09158,A0028,DEBIT,139116.77,2025-06-12,UPI,Retail
T08526,A0530,CREDIT,202007.75,2025-12-30,Debit Card,Education
T04004,A0374,CREDIT,361211.2,2025-08-02,Credit Card,Entertainment
T02291,A0094,DEBIT,358877.89,2024-06-16,Mobile Banking,Grocery
T05213,A0070,CREDIT,391167.34,2024-10-29,Credit Card,Online Shopping
T08459,A0243,CREDIT,5337.84,2025-05-23,UPI,Grocery
T03354,A0428,DEBIT,89743.63,2026-08-25,ATM,Utilities
T05070,A0202,DEBIT,373029.7,2024-05-05,Credit Card,Travel
T00724,A0287,CREDIT,116208.55,2025-05-20,Debit Card,Retail
T06664,A0031,DEBIT,351646.06,2026-02-04,Mobile Banking,Healthcare
T04719,A0288,DEBIT,15015.57,2025-02-17,UPI,Fuel
T07218,A0398,CREDIT,342610.05,2026-06-05,UPI,Education
T01652,A0103,CREDIT,383820.56,2024-09-17,Debit Card,Utilities
T09332,A0002,DEBIT,387574.4,2024-06-27,Net Banking,Entertainment
T04539,A0260,CREDIT,184998.74,2024-07-01,Net Banking,Online Shopping
T08594,A0131,DEBIT,75430.44,2026-06-07,Debit Card,Travel
T08502,A0051,CREDIT,218483.85,2025-03-02,Mobile Banking,Grocery
T03476,A0005,CREDIT,131018.94,2025-08-31,Mobile Banking,Grocery
T02904,A0282,DEBIT,143376.92,2025-09-15,UPI,Restaurant
T05924,A0433,DEBIT,484498.76,2024-02-11,Credit Card,Fuel
T03678,A0267,DEBIT,51404.25,2025-02-05,Credit Card,Utilities
T00348,A0054,DEBIT,214889.56,2025-09-03,Mobile Banking,Retail
T04019,A0314,CREDIT,314869.32,2024-12-16,Debit Card,Fuel
T05153,A0203,DEBIT,228088.7,2025-05-31,Credit Card,Healthcare
T02966,A0517,DEBIT,13683.85,2025-01-18,ATM,Retail
T03535,A0156,CREDIT,72710.31,2025-09-14,ATM,Healthcare
T08833,A0382,DEBIT,77462.88,2026-06-24,ATM,Retail
T03070,A0554,CREDIT,147521.03,2024-05-30,Credit Card,Utilities
T01721,A0179,CREDIT,490852.85,2024-05-22,Debit Card,Fuel
T08248,A0141,CREDIT,435889.48,2025-01-14,UPI,Retail
T00729,A0450,CREDIT,442686.05,2024-10-22,Debit Card,Fuel
T05044,A0473,DEBIT,411657.98,2026-05-21,Credit Card,Retail
T09081,A0093,DEBIT,275350.58,2025-06-28,Mobile Banking,Fuel
T03683,A0530,DEBIT,9421.41,2026-08-06,Debit Card,Utilities
T05765,A0112,CREDIT,479532.47,2024-12-24,Debit Card,Grocery
T00673,A0511,CREDIT,135222.26,2025-08-25,Credit Card,Restaurant
T07599,A0159,DEBIT,206218.27,2025-06-07,ATM,Utilities
T05105,A0500,DEBIT,199740.08,2025-01-27,Net Banking,Retail
T06450,A0254,CREDIT,292010.8,2025-02-15,Credit Card,Retail
T09444,A0442,DEBIT,256584.76,2024-01-27,ATM,Online Shopping
T00806,A0453,DEBIT,347580.37,2024-09-13,Mobile Banking,Online Shopping
T00411,A0331,CREDIT,91017.98,2025-01-29,Debit Card,Utilities
T02568,A0564,CREDIT,133571.58,2025-10-21,Mobile Banking,Retail
T06052,A0418,DEBIT,298115.68,2025-02-08,ATM,Utilities
T01297,A0179,DEBIT,186117.75,2024-12-21,Debit Card,Grocery
T06337,A0264,DEBIT,94243.61,2026-08-05,ATM,Online Shopping
T00386,A0565,CREDIT,408441.83,2024-08-13,Debit Card,Restaurant
T08807,A0265,DEBIT,416226.58,2026-03-25,Credit Card,Entertainment
T03716,A0519,CREDIT,121159.86,2024-10-24,Mobile Banking,Restaurant
T08124,A0508,DEBIT,467276.72,2024-03-20,UPI,Grocery
T07765,A0386,CREDIT,223045.4,2026-04-11,Debit Card,Entertainment
T06159,A0351,DEBIT,34654.93,2025-07-09,Credit Card,Restaurant
T04322,A0379,DEBIT,405658.13,2024-12-14,Net Banking,Utilities
T05947,A0479,CREDIT,490543.26,2024-02-15,Mobile Banking,Travel
T05503,A0244,CREDIT,430537.68,2025-07-12,Mobile Banking,Travel
T07224,A0529,CREDIT,495.41,2025-06-27,UPI,Entertainment
T06498,A0492,CREDIT,104159.03,2025-05-04,Mobile Banking,Retail
T07523,A0370,CREDIT,345951.39,2025-08-27,Net Banking,Retail
T08093,A0547,DEBIT,149065.69,2024-11-21,UPI,Education
T02407,A0221,DEBIT,219844.46,2024-01-31,Debit Card,Entertainment
T08188,A0459,DEBIT,304847.81,2025-05-17,Debit Card,Healthcare
T02006,A0276,CREDIT,37005.49,2026-07-15,Mobile Banking,Healthcare
T08251,A0142,CREDIT,338699.72,2024-12-09,Credit Card,Fuel
T05397,A0043,DEBIT,449528.55,2026-01-18,Credit Card,Grocery
T09131,A0053,CREDIT,233918.22,2024-03-31,Net Banking,Online Shopping
T00563,A0114,CREDIT,57682.43,2026-07-05,UPI,Fuel
T08252,A0297,CREDIT,223289.79,2025-02-26,Mobile Banking,Travel
T06560,A0415,DEBIT,395507.82,2024-01-20,Net Banking,Education
T09149,A0067,DEBIT,299097.4,2024-12-20,Debit Card,Travel
T02262,A0342,DEBIT,432173.14,2025-06-25,Mobile Banking,Fuel
T09390,A0379,CREDIT,397395.31,2024-10-04,Net Banking,Education
T05054,A0435,DEBIT,373529.07,2026-06-19,Mobile Banking,Education
T03887,A0231,DEBIT,239944.06,2026-03-01,Mobile Banking,Fuel
T02430,A0548,CREDIT,406061.32,2025-07-24,UPI,Utilities
T03357,A0381,CREDIT,93104.63,2026-03-17,ATM,Restaurant
T00007,A0207,DEBIT,484821.37,2026-02-26,UPI,Travel
T04644,A0151,DEBIT,190628.71,2024-06-05,UPI,Utilities
T05357,A0465,DEBIT,35628.49,2026-04-29,Mobile Banking,Restaurant
T00963,A0468,DEBIT,9837.86,2025-12-22,ATM,Travel
T07093,A0483,DEBIT,164285.09,2025-04-07,Net Banking,Online Shopping
T02129,A0237,DEBIT,228513.34,2024-12-30,Credit Card,Fuel
T06723,A0217,DEBIT,51476.97,2026-03-25,UPI,Healthcare
T02166,A0377,CREDIT,132920.97,2025-01-29,UPI,Restaurant
T05262,A0023,DEBIT,12276.22,2024-06-09,Debit Card,Restaurant
T09370,A0228,CREDIT,249458.62,2025-08-26,UPI,Grocery
T06700,A0161,CREDIT,455675.74,2024-11-18,ATM,Grocery
T05841,A0107,CREDIT,255773.91,2025-06-23,Credit Card,Online Shopping
T04372,A0050,CREDIT,174072.99,2024-10-22,Net Banking,Entertainment
T04758,A0323,DEBIT,147784.28,2024-07-09,ATM,Utilities
T03366,A0144,DEBIT,100310.58,2024-04-25,UPI,Grocery
T03033,A0331,DEBIT,375828.78,2025-01-02,Credit Card,Utilities
T08081,A0341,CREDIT,316529.78,2024-04-12,UPI,Travel
T05600,A0468,DEBIT,329883.08,2025-12-15,Credit Card,Travel
T09429,A0397,DEBIT,284268.74,2025-08-14,Mobile Banking,Restaurant
T03179,A0179,DEBIT,90849.58,2025-01-22,UPI,Travel
T02706,A0228,DEBIT,326143.48,2024-11-01,Net Banking,Healthcare
T03214,A0308,CREDIT,107694.25,2026-04-20,Net Banking,Restaurant
T08971,A0001,DEBIT,347623.99,2024-11-03,UPI,Education
T04641,A0507,DEBIT,235568.52,2026-06-10,Debit Card,Fuel
T01276,A0259,CREDIT,255598.58,2024-11-13,UPI,Travel
T05860,A0074,DEBIT,393090.58,2024-07-04,UPI,Education
T05475,A0108,CREDIT,176783.68,2026-08-17,Debit Card,Fuel
T02520,A0176,CREDIT,46852.74,2024-07-28,Net Banking,Healthcare
T06264,A0034,CREDIT,161606.78,2025-05-06,Net Banking,Fuel
T04072,A0158,CREDIT,157264.71,2025-07-29,Mobile Banking,Healthcare
T04207,A0247,DEBIT,291628.36,2025-09-11,Net Banking,Fuel
T04527,A0145,DEBIT,275249.77,2024-12-11,Mobile Banking,Restaurant
T02624,A0537,DEBIT,433681.12,2026-08-01,UPI,Online Shopping
T00394,A0103,DEBIT,192056.88,2024-04-22,UPI,Retail
T02278,A0168,CREDIT,407551.86,2025-09-16,Debit Card,Healthcare
T00612,A0518,DEBIT,195417.88,2026-08-06,UPI,Restaurant
T04005,A0495,CREDIT,13951.62,2024-05-12,Debit Card,Online Shopping
T04937,A0082,DEBIT,44488.33,2026-07-21,Debit Card,Entertainment
T04587,A0470,CREDIT,28347.4,2025-07-27,Net Banking,Online Shopping
T09046,A0091,DEBIT,203911.86,2026-08-24,Debit Card,Utilities
T07042,A0051,DEBIT,179930.91,2025-04-30,Debit Card,Online Shopping
T09388,A0011,CREDIT,375775.98,2024-10-02,ATM,Online Shopping
T01989,A0554,DEBIT,355265.25,2024-06-28,Debit Card,Grocery
T08573,A0064,CREDIT,305070.7,2025-09-29,Mobile Banking,Entertainment
T05560,A0107,DEBIT,212120.98,2024-09-08,Debit Card,Retail
T06896,A0484,DEBIT,231380.17,2025-09-04,UPI,Travel
T06458,A0095,DEBIT,457732.71,2024-11-02,Net Banking,Fuel
T09664,A0052,CREDIT,-196.85,2023-01-16,ATM,Fuel
T00073,A0471,DEBIT,8035.72,2025-12-09,ATM,Retail
T00309,A0128,CREDIT,342021.23,2025-02-20,UPI,Utilities
T04687,A0322,DEBIT,374629.16,2026-02-23,UPI,Grocery
T00044,A0420,DEBIT,116487.86,2025-02-08,Debit Card,Education
T09301,A0458,DEBIT,316528.23,2024-11-11,UPI,Restaurant
T05891,A0202,DEBIT,234993.2,2024-03-12,Credit Card,Utilities
T02900,A0430,CREDIT,378808.91,2026-02-19,Mobile Banking,Grocery
T04867,A0420,CREDIT,92946.17,2025-04-23,UPI,Healthcare
T07362,A0307,CREDIT,70056.84,2025-10-05,Net Banking,Restaurant
T03674,A0387,DEBIT,214906.77,2025-08-26,Net Banking,Fuel
T06496,A0352,CREDIT,172199.81,2024-04-11,Credit Card,Fuel
T04296,A0056,DEBIT,406206.24,2025-12-21,Net Banking,Healthcare
T03957,A0156,CREDIT,193761.84,2025-08-13,ATM,Restaurant
T02479,A0079,CREDIT,446661.34,2025-09-30,Mobile Banking,Entertainment
T01120,A0414,DEBIT,188595.77,2025-05-17,UPI,Entertainment
T03839,A0329,CREDIT,278585.69,2026-05-31,UPI,Entertainment
T03816,A0090,CREDIT,352906.47,2024-10-25,Net Banking,Healthcare
T05894,A0528,CREDIT,377957.33,2024-08-13,UPI,Travel
T06516,A0361,CREDIT,79054.43,2025-03-30,Net Banking,Fuel
T05602,A0511,DEBIT,287433.27,2025-11-06,Net Banking,Education
T08501,A0258,CREDIT,84251.63,2024-04-13,UPI,Fuel
T04084,A0491,CREDIT,262050.3,2024-01-13,Credit Card,Grocery
T01168,A0315,CREDIT,196475.5,2025-04-26,UPI,Education
T08910,A0308,DEBIT,448832.49,2026-04-17,Debit Card,Restaurant
T02688,A0059,DEBIT,78891.55,2026-06-23,Net Banking,Utilities
T03925,A0401,DEBIT,477246.89,2025-04-18,Debit Card,Grocery
T01207,A0191,DEBIT,144102.94,2025-11-23,Net Banking,Retail
T07213,A0403,DEBIT,174821.99,2024-09-25,Credit Card,Utilities
T02236,A0437,CREDIT,128540.09,2024-12-04,UPI,Retail
T06062,A0241,DEBIT,116083.66,2025-03-18,Credit Card,Utilities
T03922,A0499,CREDIT,114811.08,2024-05-13,Debit Card,Online Shopping
T09593,A9999,CREDIT,5408.64,2025-02-10,ATM,Healthcare
T02457,A0324,CREDIT,280180.98,2025-03-11,Credit Card,Fuel
T05423,A0135,CREDIT,110601.54,2026-07-30,UPI,Fuel
T04267,A0020,CREDIT,10034.04,2026-07-19,Debit Card,Education
T07929,A0270,DEBIT,117812.34,2026-04-01,UPI,Fuel
T00026,A0242,CREDIT,175233.53,2024-10-18,Mobile Banking,Fuel
T08503,A0241,DEBIT,225063.97,2025-10-09,Net Banking,Online Shopping
T06817,A0391,CREDIT,13264.0,2026-07-13,Credit Card,Fuel
T04334,A0488,CREDIT,456191.01,2025-01-26,ATM,Online Shopping
T05189,A0134,CREDIT,244611.75,2026-03-24,UPI,Education
T02493,A0208,DEBIT,473560.8,2025-08-27,Net Banking,Education
T05885,A0002,CREDIT,218234.58,2025-08-31,ATM,Education
T08031,A0064,CREDIT,423463.4,2025-01-05,Net Banking,Entertainment
T06021,A0052,DEBIT,211072.18,2025-05-13,Mobile Banking,Restaurant
T02827,A0176,DEBIT,293697.4,2024-06-10,UPI,Travel
T08500,A0433,DEBIT,248595.27,2026-07-20,Debit Card,Grocery
T09848,A0148,DEBIT,29438.16,bad-date,UPI,Travel
T05834,A0320,CREDIT,257831.78,2026-04-09,Debit Card,Entertainment
T01606,A0055,DEBIT,104037.47,2025-02-24,Net Banking,Fuel
T03897,A0111,DEBIT,394880.08,2025-07-13,Net Banking,Grocery
T07392,A0570,DEBIT,441491.66,2025-09-19,Net Banking,Entertainment
T01104,A0348,DEBIT,375932.51,2025-06-20,Debit Card,Retail
T08760,A0107,DEBIT,44735.74,2024-03-29,ATM,Retail
T09844,A0093,DEBIT,11568.51,bad-date,ATM,Fuel
T09302,A0250,DEBIT,9320.11,2025-11-14,UPI,Fuel
T04350,A0015,DEBIT,1901.4,2025-12-14,Mobile Banking,Fuel
T07916,A0059,DEBIT,44597.34,2024-05-12,Debit Card,Retail
T01783,A0205,CREDIT,439344.15,2025-10-22,UPI,Restaurant
T00091,A0049,DEBIT,459203.91,2025-06-29,Credit Card,Utilities
T06609,A0521,CREDIT,271015.43,2024-07-03,Credit Card,Restaurant
T05349,A0448,DEBIT,61057.35,2024-06-01,Debit Card,Education
T06195,A0042,CREDIT,394276.42,2025-02-07,ATM,Education
T07972,A0329,CREDIT,303641.62,2025-09-07,Mobile Banking,Retail
T05887,A0289,CREDIT,153137.45,2025-08-17,ATM,Utilities
T06935,A0166,DEBIT,407396.05,2025-04-17,Credit Card,Utilities
T07233,A0383,CREDIT,194075.82,2026-07-11,Credit Card,Retail
T05373,A0313,DEBIT,430434.09,2025-03-18,ATM,Fuel
T01985,A0436,CREDIT,442411.13,2026-02-21,Mobile Banking,Fuel
T07739,A0224,CREDIT,441867.0,2024-10-14,UPI,Travel
T04342,A0171,CREDIT,31163.54,2024-07-17,ATM,Grocery
T03007,A0269,DEBIT,364491.36,2024-10-16,Net Banking,Entertainment
T07361,A0138,DEBIT,10016.87,2024-11-22,Mobile Banking,Entertainment
T07644,A0215,CREDIT,396696.13,2025-02-04,Debit Card,Utilities
T08202,A0184,CREDIT,371867.94,2025-01-06,UPI,Fuel
T03513,A0081,CREDIT,55926.5,2024-09-01,Mobile Banking,Utilities
T06790,A0429,CREDIT,418863.81,2026-08-31,Debit Card,Travel
T09374,A0411,CREDIT,140003.89,2024-02-06,Net Banking,Fuel
T04090,A0562,CREDIT,205886.89,2026-07-02,UPI,Restaurant
T09013,A0386,DEBIT,228029.99,2026-07-15,Debit Card,Education
T05027,A0038,DEBIT,302192.8,2025-05-20,Mobile Banking,Travel
T04317,A0565,CREDIT,463593.06,2025-09-03,UPI,Grocery
T00665,A0491,CREDIT,328329.48,2024-03-19,Debit Card,Education
T02448,A0474,CREDIT,410018.84,2024-11-02,Net Banking,Education
T01706,A0482,CREDIT,463849.21,2026-07-15,Credit Card,Entertainment
T04572,A0289,CREDIT,349455.55,2026-05-23,Debit Card,Grocery
T02610,A0430,CREDIT,496536.9,2025-02-18,Debit Card,Retail
T06575,A0448,CREDIT,264784.12,2025-03-14,Credit Card,Entertainment
T07966,A0325,CREDIT,391190.4,2025-03-09,Debit Card,Restaurant
T06730,A0091,DEBIT,383532.8,2026-04-28,Net Banking,Restaurant
T04727,A0354,CREDIT,22543.63,2025-02-04,Debit Card,Entertainment
T03178,A0315,CREDIT,111891.22,2024-04-13,ATM,Travel
T03605,A0548,CREDIT,497450.95,2026-07-01,UPI,Healthcare
T03336,A0086,DEBIT,422916.97,2025-09-12,Debit Card,Travel
T04733,A0410,DEBIT,241610.12,2024-02-17,UPI,Healthcare
T02805,A0113,CREDIT,388557.78,2024-11-11,Debit Card,Retail
T01951,A0400,CREDIT,51917.78,2024-06-30,Debit Card,Online Shopping
T02333,A0113,DEBIT,131145.72,2025-07-04,UPI,Healthcare
T08987,A0246,CREDIT,446837.94,2026-05-03,ATM,Entertainment
T06179,A0298,CREDIT,405460.84,2024-11-22,Mobile Banking,Entertainment
T07015,A0209,CREDIT,462928.07,2025-05-01,Mobile Banking,Grocery
T03791,A0442,CREDIT,110356.74,2025-07-26,Credit Card,Education
T08636,A0194,DEBIT,433838.04,2024-11-02,ATM,Restaurant
T03792,A0521,DEBIT,364029.82,2025-01-25,Debit Card,Healthcare
T05767,A0070,CREDIT,43384.62,2026-07-13,Net Banking,Retail
,A0474,CREDIT,43895.26,2025-01-11,Debit Card,Travel
T01625,A0059,DEBIT,119484.67,2026-07-27,ATM,Travel
T07937,A0021,CREDIT,184153.4,2026-08-01,Credit Card,Healthcare
T03584,A0390,CREDIT,151032.76,2026-03-17,Credit Card,Healthcare
T04956,A0096,DEBIT,221869.04,2026-05-25,Debit Card,Restaurant
T08983,A0012,CREDIT,399899.82,2024-12-24,Net Banking,Retail
T04864,A0438,CREDIT,131866.52,2024-08-08,Debit Card,Entertainment
T00944,A0075,CREDIT,239201.69,2025-03-28,UPI,Entertainment
T06705,A0219,DEBIT,564.59,2024-05-30,Debit Card,Retail
T06550,A0009,DEBIT,84653.58,2024-11-13,Credit Card,Restaurant
T00573,A0113,CREDIT,409481.33,2025-08-03,Mobile Banking,Restaurant
T03292,A0071,DEBIT,293914.17,2025-07-19,UPI,Grocery
T02485,A0119,CREDIT,296029.64,2026-03-24,ATM,Retail
T03364,A0277,DEBIT,32109.24,2026-08-02,Credit Card,Entertainment
T07513,A0017,CREDIT,223163.71,2026-07-28,ATM,Fuel
T01245,A0205,CREDIT,478867.08,2025-09-03,Net Banking,Online Shopping
T01284,A0305,CREDIT,449271.0,2024-11-05,ATM,Restaurant
T08436,A0414,DEBIT,228508.26,2025-03-30,Net Banking,Healthcare
T07426,A0066,DEBIT,216145.13,2025-08-31,ATM,Grocery
T00043,A0461,DEBIT,74576.4,2026-01-15,Debit Card,Online Shopping
T01568,A0028,CREDIT,490354.38,2025-08-08,UPI,Restaurant
T03105,A0403,CREDIT,371852.92,2025-08-19,Mobile Banking,Entertainment
T04680,A0413,DEBIT,220703.92,2025-04-15,Credit Card,Fuel
T02031,A0051,CREDIT,316095.92,2024-08-12,Mobile Banking,Utilities
T01724,A0296,CREDIT,476548.14,2024-05-09,UPI,Utilities
T02315,A0074,DEBIT,94814.3,2025-11-29,Credit Card,Entertainment
T02107,A0166,CREDIT,356875.76,2025-07-17,UPI,Grocery
T01881,A0188,CREDIT,368510.29,2025-06-11,Mobile Banking,Fuel
T02846,A0469,CREDIT,258218.44,2025-11-06,Net Banking,Utilities
T01934,A0073,DEBIT,39395.3,2025-11-30,Mobile Banking,Retail
T09232,A0188,CREDIT,83345.65,2026-03-19,ATM,Grocery
T05306,A0290,CREDIT,232482.0,2024-01-13,ATM,Restaurant
T04926,A0462,DEBIT,223431.07,2025-10-01,Mobile Banking,Retail
T08497,A0500,DEBIT,112953.28,2024-06-04,Net Banking,Fuel
T07216,A0483,CREDIT,410115.5,2025-10-11,ATM,Retail
T05831,A0215,CREDIT,198373.19,2024-09-06,UPI,Education
T02516,A0557,CREDIT,5087.2,2025-04-21,Credit Card,Fuel
T09662,A0245,DEBIT,-7088.84,2024-02-27,UPI,Restaurant
T03144,A0343,DEBIT,291365.65,2024-06-10,Mobile Banking,Grocery
T04965,A0140,DEBIT,191915.96,2025-05-17,ATM,Grocery
T00648,A0483,DEBIT,326650.68,2024-02-03,Debit Card,Healthcare
T05310,A0347,CREDIT,151900.02,2024-02-14,Debit Card,Fuel
T05300,A0490,CREDIT,435718.37,2026-08-24,UPI,Education
T06615,A0523,DEBIT,336276.17,2026-03-04,Debit Card,Retail
T02538,A0432,CREDIT,107025.56,2025-01-23,UPI,Retail
T01725,A0035,CREDIT,331190.56,2025-07-09,Credit Card,Fuel
T00826,A0223,DEBIT,230228.51,2026-06-17,Mobile Banking,Travel
T00462,A0466,CREDIT,272586.1,2026-08-29,Credit Card,Grocery
T09279,A0194,CREDIT,59170.7,2024-12-12,ATM,Restaurant
T03959,A0011,DEBIT,478323.47,2025-01-24,Net Banking,Utilities
T04408,A0516,DEBIT,294881.17,2025-07-08,Net Banking,Entertainment
T05918,A0064,DEBIT,107330.82,2026-07-09,Credit Card,Travel
T03708,A0343,CREDIT,293757.84,2026-05-18,ATM,Entertainment
T01992,A0512,CREDIT,196009.4,2026-04-16,ATM,Fuel
T05051,A0378,DEBIT,120155.05,2026-08-07,Mobile Banking,Fuel
T09422,A0191,DEBIT,28369.45,2025-06-11,UPI,Fuel
T08386,A0255,CREDIT,38904.36,2024-11-02,Mobile Banking,Grocery
T07986,A0543,CREDIT,287128.0,2024-01-27,ATM,Grocery
T01170,A0053,CREDIT,108667.35,2025-07-18,ATM,Healthcare
T07716,A0306,CREDIT,458442.53,2026-05-15,Mobile Banking,Retail
T01526,A0217,DEBIT,96316.65,2025-06-24,Debit Card,Utilities
T00664,A0287,DEBIT,10555.63,2023-05-17,UPI,Education
T01935,A0233,DEBIT,103650.05,2024-11-17,ATM,Healthcare
T03933,A0492,DEBIT,169102.16,2024-09-16,Credit Card,Fuel
T09323,A0265,CREDIT,497625.19,2025-12-04,Credit Card,Fuel
T00380,A0277,CREDIT,321242.32,2024-09-11,ATM,Education
T01255,A0183,DEBIT,306579.72,2026-02-17,UPI,Restaurant
T01310,A0196,CREDIT,8208.38,2024-10-29,UPI,Travel
T06054,A0260,CREDIT,282574.69,2025-02-11,Credit Card,Online Shopping
T06330,A0406,DEBIT,72332.48,2026-07-20,Net Banking,Grocery
T04454,A0071,DEBIT,394378.61,2025-03-07,Mobile Banking,Restaurant
T05816,A0190,DEBIT,120402.42,2025-08-16,Debit Card,Online Shopping
T03690,A0386,DEBIT,257129.7,2026-03-19,UPI,Healthcare
T08162,A0538,DEBIT,418886.93,2024-01-28,Net Banking,Education
T02125,A0225,CREDIT,65379.19,2025-03-25,Credit Card,Utilities
T02268,A0050,CREDIT,148382.04,2024-07-06,ATM,Healthcare
T07902,A0280,CREDIT,113335.75,2025-11-29,UPI,Entertainment
T08609,A0362,CREDIT,104106.28,2025-03-08,Net Banking,Restaurant
T06180,A0493,CREDIT,176960.42,2024-01-13,Debit Card,Retail
T05394,A0079,CREDIT,339869.69,2025-09-27,Debit Card,Grocery
T08732,A0039,CREDIT,237968.11,2026-08-07,ATM,Grocery
T06955,A0191,CREDIT,273040.2,2026-07-18,Net Banking,Utilities
T05088,A0073,DEBIT,305686.69,2026-08-18,Net Banking,Online Shopping
T00888,A0066,DEBIT,364109.17,2025-09-15,Credit Card,Fuel
T06520,A0540,DEBIT,430321.22,2024-03-22,ATM,Education
T02187,A0181,CREDIT,300506.43,2024-07-09,Net Banking,Entertainment
T02042,A0233,DEBIT,26714.73,2025-08-06,ATM,Travel
T02839,A0146,CREDIT,164350.93,2024-07-23,Credit Card,Retail
T02490,A0465,CREDIT,422944.57,2024-05-06,Credit Card,Restaurant
T00511,A0198,CREDIT,268023.49,2025-06-14,Net Banking,Grocery
T02539,A0513,DEBIT,156049.58,2024-09-22,UPI,Education
T07749,A0463,CREDIT,350320.15,2025-12-24,Credit Card,Travel
T06912,A0477,DEBIT,71498.54,2025-05-17,ATM,Retail
T05362,A0410,DEBIT,408229.15,2026-01-06,Credit Card,Healthcare
T02862,A0514,CREDIT,349986.17,2026-04-14,Credit Card,Utilities
T02169,A0219,CREDIT,226457.31,2025-02-26,ATM,Entertainment
T02144,A0138,DEBIT,441043.89,2024-04-30,UPI,Restaurant
T04100,A0508,DEBIT,54221.86,2026-03-12,ATM,Healthcare
T04196,A0478,CREDIT,314102.01,2025-02-26,Debit Card,Utilities
T05154,A0129,CREDIT,118916.3,2026-08-14,UPI,Utilities
T08355,A0466,DEBIT,155765.57,2024-04-07,UPI,Education
T01023,A0274,CREDIT,164039.21,2025-01-18,Mobile Banking,Grocery
T03796,A0284,DEBIT,451285.14,2024-03-22,Net Banking,Fuel
T03720,A0038,DEBIT,233260.88,2026-05-25,Net Banking,Online Shopping
T07923,A0152,CREDIT,167118.84,2025-10-24,Mobile Banking,Restaurant
T08511,A0359,CREDIT,272283.42,2024-12-01,Credit Card,Utilities
T08076,A0095,DEBIT,476538.75,2024-01-09,Mobile Banking,Retail
T07579,A0436,CREDIT,37943.79,2024-03-04,Net Banking,Travel
T03766,A0328,DEBIT,203447.94,2026-05-09,Mobile Banking,Healthcare
T04909,A0337,DEBIT,130974.71,2025-05-28,Credit Card,Healthcare
T01494,A0117,DEBIT,168831.17,2025-05-27,Net Banking,Entertainment
T08649,A0047,CREDIT,36723.34,2023-01-26,Mobile Banking,Grocery
T09156,A0395,DEBIT,8702.54,2026-07-26,Mobile Banking,Travel
T02226,A0487,DEBIT,176273.2,2026-05-10,Mobile Banking,Travel
T07179,A0130,CREDIT,126116.37,2026-03-23,Net Banking,Retail
T04967,A0277,CREDIT,490626.11,2025-11-22,Mobile Banking,Online Shopping
T07912,A0464,DEBIT,163169.36,2024-01-02,Debit Card,Healthcare
T07382,A0045,DEBIT,365137.77,2026-03-24,Mobile Banking,Restaurant
T05983,A0026,DEBIT,496985.18,2025-07-20,Mobile Banking,Online Shopping
T08926,A0342,CREDIT,86163.93,2026-06-30,UPI,Online Shopping
T09710,A0427,CREDIT,-2950.42,2025-04-27,Credit Card,Online Shopping
T03994,A0057,DEBIT,202954.79,2024-05-14,Credit Card,Utilities
T08105,A0569,DEBIT,469009.0,2024-08-02,ATM,Utilities
T09595,A9999,DEBIT,39399.46,2026-01-10,Net Banking,Healthcare
T02058,A0392,DEBIT,203005.51,2024-05-21,Net Banking,Retail
T00537,A0049,DEBIT,149292.06,2025-04-10,Credit Card,Online Shopping
T04856,A0288,DEBIT,133312.29,2026-03-18,Credit Card,Healthcare
T02051,A0265,DEBIT,22797.43,2024-12-26,Net Banking,Fuel
T03262,A0139,CREDIT,3953.07,2025-02-21,ATM,Travel
T09552,,CREDIT,10619.11,2023-04-30,Debit Card,Grocery
T06926,A0105,DEBIT,70892.3,2025-01-21,Credit Card,Utilities
T04231,A0524,DEBIT,111663.5,2026-07-19,ATM,Online Shopping
T01791,A0392,CREDIT,364805.17,2025-02-05,UPI,Education
T09123,A0453,CREDIT,186702.85,2025-08-19,UPI,Travel
T09556,,CREDIT,8804.2,2024-02-16,Debit Card,Entertainment
T07866,A0005,DEBIT,413987.71,2024-11-27,ATM,Fuel
T00417,A0486,CREDIT,460459.96,2024-03-02,Debit Card,Utilities
T00580,A0510,CREDIT,122259.47,2026-01-28,Mobile Banking,Healthcare
T08780,A0400,DEBIT,228829.48,2024-12-09,Credit Card,Online Shopping
T00951,A0451,CREDIT,488616.78,2026-08-26,ATM,Entertainment
T07301,A0246,DEBIT,181685.0,2025-06-21,Net Banking,Utilities
T00214,A0082,DEBIT,199182.41,2024-06-20,Credit Card,Entertainment
T03230,A0122,DEBIT,457997.72,2024-02-03,Mobile Banking,Online Shopping
T03697,A0222,DEBIT,163841.2,2024-05-30,UPI,Travel
T08337,A0424,CREDIT,267548.7,2026-06-08,Mobile Banking,Travel
T00666,A0211,DEBIT,352657.07,2026-04-12,Debit Card,Travel
T02409,A0334,DEBIT,298684.13,2025-09-07,Credit Card,Utilities
T01589,A0083,DEBIT,230503.51,2025-11-28,Debit Card,Utilities
T01651,A0396,CREDIT,342485.56,2024-03-15,Debit Card,Travel
T03244,A0256,CREDIT,59573.3,2024-10-17,UPI,Online Shopping
T06814,A0222,CREDIT,186912.73,2025-08-06,Credit Card,Travel
T00643,A0081,CREDIT,391215.44,2024-11-01,UPI,Online Shopping
T03726,A0460,DEBIT,461666.08,2025-06-06,Mobile Banking,Healthcare
T01667,A0200,CREDIT,445280.78,2024-04-20,ATM,Travel
T01517,A0082,DEBIT,453169.07,2025-11-04,Debit Card,Online Shopping
T00074,A0488,CREDIT,450732.35,2025-11-19,ATM,Healthcare
T02808,A0455,DEBIT,457431.94,2025-08-29,Net Banking,Travel
T04056,A0410,CREDIT,62844.2,2026-04-21,ATM,Utilities
T00597,A0309,DEBIT,42890.4,2025-08-03,Mobile Banking,Entertainment
T09542,,DEBIT,49218.35,2026-07-19,Debit Card,Entertainment
T07918,A0224,DEBIT,323198.25,2024-06-13,Net Banking,Education
T08640,A0525,CREDIT,275823.01,2025-11-29,Debit Card,Retail
T08847,A0396,CREDIT,423745.72,2025-09-23,Mobile Banking,Education
T09469,A0371,DEBIT,166502.95,2025-11-12,Debit Card,Education
T08703,A0228,DEBIT,367988.26,2025-05-09,Mobile Banking,Online Shopping
T08949,A0215,CREDIT,134358.61,2024-02-15,UPI,Utilities
T01735,A0201,DEBIT,497096.53,2024-02-09,Mobile Banking,Education
T05079,A0279,CREDIT,366563.13,2024-07-11,Credit Card,Fuel
T07491,A0314,DEBIT,406860.83,2026-02-04,ATM,Restaurant
T04012,A0290,CREDIT,486800.42,2026-07-14,Credit Card,Utilities
T02074,A0033,DEBIT,141331.52,2026-05-04,Credit Card,Online Shopping
T01929,A0406,DEBIT,155876.73,2025-06-02,Credit Card,Fuel
T03443,A0039,CREDIT,263209.05,2025-09-01,Net Banking,Travel
T08365,A0300,CREDIT,229106.25,2025-09-08,Debit Card,Healthcare
T01202,A0073,CREDIT,291419.18,2026-06-11,Credit Card,Utilities
T02595,A0157,CREDIT,138103.37,2024-03-19,Net Banking,Entertainment
T05642,A0069,CREDIT,290217.9,2026-08-10,Credit Card,Entertainment
T05774,A0318,CREDIT,323868.08,2025-07-31,Net Banking,Entertainment
T08915,A0440,CREDIT,285988.39,2024-10-13,Credit Card,Education
T09712,A0490,TRANSFER,3169.47,2024-03-03,Credit Card,Online Shopping
T07950,A0492,DEBIT,156722.75,2026-08-08,Net Banking,Restaurant
T04676,A0105,DEBIT,194499.06,2026-04-22,ATM,Education
T03340,A0515,DEBIT,190056.71,2024-08-01,ATM,Entertainment
T01240,A0084,DEBIT,231398.36,2026-07-11,Mobile Banking,Restaurant
T05844,A0429,CREDIT,318607.43,2025-03-28,Debit Card,Fuel
T07509,A0258,CREDIT,251708.17,2026-03-22,ATM,Utilities
T04096,A0050,DEBIT,104833.58,2026-08-12,ATM,Retail
T08394,A0062,DEBIT,293432.14,2026-04-16,UPI,Fuel
T06990,A0106,DEBIT,396240.67,2024-06-12,Mobile Banking,Restaurant
T03968,A0553,CREDIT,143781.07,2024-06-16,ATM,Travel
T03992,A0085,DEBIT,180490.07,2025-01-10,Debit Card,Online Shopping
T09606,A9999,DEBIT,21003.6,2023-02-19,Debit Card,Retail
T03114,A0214,CREDIT,68438.91,2026-04-29,UPI,Utilities
T09777,A0426,CREDIT,21148.55,2026-05-17,Telegram,Utilities
T06074,A0389,DEBIT,103519.46,2026-01-16,UPI,Entertainment
T06309,A0508,DEBIT,347079.69,2025-11-24,Debit Card,Grocery
T09187,A0485,DEBIT,275376.34,2025-03-22,ATM,Utilities
T05322,A0155,DEBIT,144919.48,2024-04-03,Net Banking,Entertainment
T07332,A0158,CREDIT,97458.4,2024-11-19,Net Banking,Entertainment
T08894,A0009,CREDIT,383222.83,2026-05-30,Credit Card,Entertainment
T04503,A0402,CREDIT,47140.68,2024-06-04,ATM,Healthcare
T03819,A0417,DEBIT,393586.47,2024-03-14,Debit Card,Healthcare
T09573,A9999,DEBIT,33106.98,2023-11-06,Net Banking,Grocery
T06860,A0552,CREDIT,413227.35,2024-05-19,Credit Card,Grocery
T04237,A0448,CREDIT,245079.36,2025-12-15,Credit Card,Travel
T01059,A0500,DEBIT,303353.25,2026-06-10,Mobile Banking,Healthcare
T07170,A0082,DEBIT,380953.46,2025-07-14,Credit Card,Education
T08115,A0348,CREDIT,405397.22,2024-07-19,ATM,Restaurant
T00040,A0003,CREDIT,273813.9,2024-03-10,UPI,Healthcare
T05986,A0189,CREDIT,388968.9,2024-03-11,UPI,Healthcare
T05713,A0031,CREDIT,318810.18,2025-03-10,Credit Card,Healthcare
T06757,A0507,DEBIT,448382.14,2026-06-19,UPI,Fuel
T06725,A0299,DEBIT,492147.67,2025-09-20,Net Banking,Grocery
T08238,A0537,DEBIT,408002.38,2026-02-27,Credit Card,Utilities
T01954,A0111,DEBIT,294446.08,2025-02-09,Credit Card,Entertainment
T04020,A0474,DEBIT,82478.98,2026-06-06,Credit Card,Utilities
T04585,A0529,DEBIT,485037.09,2024-07-08,ATM,Entertainment
T00278,A0135,DEBIT,376158.01,2025-08-17,UPI,Restaurant
T01897,A0162,DEBIT,337202.8,2025-08-27,Debit Card,Grocery
T05907,A0285,CREDIT,15945.33,2026-05-26,Mobile Banking,Grocery
T06142,A0230,DEBIT,151528.09,2024-07-08,Debit Card,Healthcare
T04700,A0168,CREDIT,21141.42,2026-06-11,Debit Card,Retail
T01095,A0339,CREDIT,284971.7,2026-06-15,Net Banking,Healthcare
T08165,A0460,DEBIT,382787.47,2025-04-04,Net Banking,Fuel
T01911,A0234,CREDIT,440179.1,2024-05-20,Debit Card,Healthcare
T07869,A0465,CREDIT,96734.93,2025-08-10,UPI,Fuel
T02466,A0218,DEBIT,103371.38,2024-03-12,Debit Card,Education
T06543,A0088,DEBIT,124850.66,2025-07-09,Mobile Banking,Retail
T09752,A0510,TRANSFER,40736.45,2024-09-03,ATM,Education
T06707,A0264,CREDIT,155124.73,2025-08-12,Mobile Banking,Restaurant
T09579,A9999,CREDIT,36393.64,2023-10-18,Mobile Banking,Entertainment
T07628,A0121,DEBIT,212638.48,2026-06-06,Mobile Banking,Online Shopping
T07061,A0312,CREDIT,83317.35,2025-04-27,Debit Card,Fuel
T02415,A0147,DEBIT,247377.27,2025-03-11,Debit Card,Education
T08765,A0544,DEBIT,384209.77,2026-07-29,UPI,Education
T01473,A0352,DEBIT,168656.19,2024-04-17,Credit Card,Education
T05299,A0001,CREDIT,236087.21,2024-06-25,UPI,Education
T06138,A0227,CREDIT,365262.65,2026-04-13,Net Banking,Retail
T01348,A0461,CREDIT,374329.39,2024-05-10,Credit Card,Fuel
T06864,A0455,DEBIT,462444.15,2026-02-14,Credit Card,Education
T09562,,DEBIT,35324.53,2026-05-17,Mobile Banking,Online Shopping
T02054,A0156,DEBIT,265016.85,2025-02-19,Debit Card,Education
T05118,A0158,CREDIT,452891.79,2026-04-28,ATM,Retail
T07718,A0024,CREDIT,209941.03,2025-08-16,Credit Card,Utilities
T05608,A0393,DEBIT,358371.97,2026-05-25,Net Banking,Healthcare
T07461,A0547,CREDIT,325307.69,2024-01-31,Net Banking,Utilities
T06985,A0081,CREDIT,163299.75,2025-02-19,Debit Card,Online Shopping
T09786,A0061,DEBIT,4898.68,2023-08-03,Telegram,Travel
T07131,A0224,CREDIT,44828.08,2026-07-16,Debit Card,Grocery
T07207,A0328,DEBIT,384128.95,2026-08-12,Net Banking,Online Shopping
T04024,A0129,DEBIT,235503.06,2026-06-03,Credit Card,Retail
T01653,A0054,DEBIT,254587.0,2024-07-06,Credit Card,Fuel
T06717,A0507,DEBIT,352483.28,2024-10-28,Mobile Banking,Restaurant
T02854,A0007,CREDIT,89403.49,2026-01-23,Mobile Banking,Restaurant
T09742,A0005,TRANSFER,40546.47,2026-08-08,Credit Card,Fuel
T07858,A0131,CREDIT,242003.6,2025-09-08,Debit Card,Grocery
T02821,A0063,CREDIT,201169.35,2024-06-15,Net Banking,Retail
T04638,A0431,DEBIT,398954.12,2026-03-09,UPI,Retail
T05467,A0317,CREDIT,259068.44,2025-06-01,ATM,Utilities
T02651,A0237,DEBIT,116413.01,2025-07-17,UPI,Online Shopping
T09068,A0566,DEBIT,180717.27,2026-02-03,UPI,Online Shopping
T05141,A0545,CREDIT,296804.55,2025-05-12,Credit Card,Travel
T07985,A0056,CREDIT,172263.6,2024-09-14,Mobile Banking,Fuel
T05571,A0114,CREDIT,489353.38,2025-02-21,Debit Card,Entertainment
T06290,A0431,DEBIT,9291.41,2024-02-19,UPI,Restaurant
T06542,A0277,DEBIT,463276.6,2024-02-24,ATM,Utilities
T06135,A0228,DEBIT,257655.12,2025-03-31,Debit Card,Healthcare
T06397,A0457,CREDIT,335604.56,2025-08-11,Debit Card,Healthcare
T03574,A0542,DEBIT,40555.39,2024-04-22,Net Banking,Online Shopping
T02870,A0139,CREDIT,475662.8,2024-07-09,Net Banking,Education
T09028,A0071,CREDIT,208774.19,2024-07-11,Mobile Banking,Online Shopping
T00529,A0432,DEBIT,158959.87,2024-11-23,ATM,Travel
T04375,A0374,DEBIT,134588.3,2025-04-16,Mobile Banking,Utilities
T02165,A0014,DEBIT,435070.86,2024-10-09,ATM,Travel
T03565,A0564,CREDIT,342602.15,2024-03-19,Mobile Banking,Healthcare
T09439,A0298,CREDIT,243688.93,2024-07-06,Net Banking,Grocery
T01448,A0169,DEBIT,79680.08,2024-11-30,Net Banking,Healthcare
T05403,A0322,DEBIT,472205.42,2025-09-01,Net Banking,Restaurant
T04343,A0531,CREDIT,479996.86,2024-06-20,Credit Card,Fuel
,A0336,CREDIT,48812.71,2023-05-30,Net Banking,Entertainment
T04753,A0393,CREDIT,430771.53,2024-06-15,Credit Card,Utilities
T06434,A0054,DEBIT,315076.17,2024-01-20,Net Banking,Online Shopping
T08908,A0338,DEBIT,10466.64,2025-02-26,Credit Card,Retail
T08395,A0430,DEBIT,46123.1,2025-02-09,Credit Card,Grocery
T05240,A0209,CREDIT,392051.27,2025-01-04,ATM,Grocery
T05791,A0235,DEBIT,178263.95,2024-06-30,Debit Card,Entertainment
T07307,A0305,CREDIT,214355.15,2025-08-02,Debit Card,Grocery
T07031,A0450,CREDIT,316206.42,2026-04-13,Net Banking,Healthcare
T00777,A0086,CREDIT,201657.22,2026-05-08,Credit Card,Education
T05905,A0099,CREDIT,259492.51,2026-02-02,UPI,Restaurant
T08246,A0346,CREDIT,288470.1,2024-03-06,Credit Card,Travel
T05561,A0120,DEBIT,345609.14,2024-05-16,UPI,Utilities
T02611,A0356,CREDIT,408297.68,2024-02-14,ATM,Online Shopping
T06216,A0092,DEBIT,387025.86,2024-04-06,Credit Card,Retail
T06964,A0174,DEBIT,449490.62,2025-07-22,Debit Card,Utilities
T03444,A0068,DEBIT,260568.46,2026-01-14,UPI,Restaurant
T01067,A0284,DEBIT,391876.53,2024-11-28,Credit Card,Restaurant
T08645,A0425,DEBIT,36174.37,2024-07-06,ATM,Healthcare
T05624,A0261,CREDIT,71190.35,2026-04-19,ATM,Education
T09581,A9999,CREDIT,4623.51,2024-09-24,Debit Card,Online Shopping
T08771,A0418,CREDIT,475173.03,2024-10-06,Net Banking,Restaurant
T07878,A0107,DEBIT,77750.66,2024-07-21,UPI,Entertainment
T00640,A0509,CREDIT,416218.21,2025-08-07,Credit Card,Education
T04243,A0138,CREDIT,120389.49,2024-02-09,ATM,Education
T06015,A0019,CREDIT,430460.75,2025-05-24,UPI,Retail
T01700,A0244,DEBIT,66264.9,2025-05-22,Net Banking,Fuel
T01889,A0456,CREDIT,365505.27,2025-07-04,Net Banking,Fuel
T04081,A0361,CREDIT,263768.37,2025-12-02,Debit Card,Healthcare
T06511,A0163,DEBIT,192515.14,2025-04-30,Mobile Banking,Entertainment
T04677,A0463,CREDIT,2654.01,2025-07-13,UPI,Travel
T05350,A0512,DEBIT,33627.59,2024-06-23,Credit Card,Education
T05198,A0511,DEBIT,389451.91,2026-01-15,Mobile Banking,Retail
T07656,A0120,CREDIT,330882.5,2026-08-11,ATM,Grocery
T09010,A0557,CREDIT,67894.52,2025-02-16,Credit Card,Fuel
T06695,A0078,DEBIT,302473.71,2024-02-07,Net Banking,Online Shopping
T02721,A0232,DEBIT,290489.54,2026-04-12,Net Banking,Education
T02574,A0164,CREDIT,172285.96,2025-04-10,UPI,Retail
T00270,A0151,DEBIT,73020.76,2025-11-12,Mobile Banking,Retail
T08757,A0227,DEBIT,289862.78,2026-05-06,UPI,Retail
T06482,A0400,DEBIT,105339.79,2026-04-27,Debit Card,Restaurant
T05065,A0544,CREDIT,257848.24,2026-01-25,Mobile Banking,Entertainment
T05449,A0225,DEBIT,372003.32,2024-06-06,ATM,Fuel
T09221,A0164,CREDIT,33124.13,2024-11-20,ATM,Fuel
T05474,A0260,DEBIT,437631.76,2025-03-16,Credit Card,Healthcare
T08591,A0183,CREDIT,150723.0,2026-01-24,Net Banking,Travel
T02355,A0209,CREDIT,407297.23,2025-02-21,Mobile Banking,Online Shopping
T04684,A0072,CREDIT,21298.34,2026-04-28,Debit Card,Online Shopping
T00146,A0196,CREDIT,499202.71,2026-02-09,Mobile Banking,Education
T06508,A0377,DEBIT,491933.48,2025-11-27,Credit Card,Fuel
T07997,A0359,DEBIT,79893.53,2025-08-16,ATM,Fuel
T05426,A0186,CREDIT,394906.36,2024-04-01,Credit Card,Grocery
T05280,A0517,CREDIT,478505.17,2024-01-17,Debit Card,Retail
T04835,A0301,CREDIT,474451.44,2026-07-26,ATM,Healthcare
T06238,A0217,DEBIT,264796.01,2024-04-17,Mobile Banking,Travel
T04063,A0530,CREDIT,293232.63,2026-05-14,ATM,Utilities
T00688,A0038,DEBIT,240155.93,2026-05-14,Net Banking,Travel
T00325,A0128,DEBIT,7048.74,2024-07-13,Mobile Banking,Retail
,A0209,CREDIT,36593.14,2024-02-14,Mobile Banking,Restaurant
T02309,A0385,CREDIT,188504.4,2024-11-24,Mobile Banking,Restaurant
T00669,A0056,DEBIT,450222.65,2025-12-23,Net Banking,Entertainment
T03587,A0306,CREDIT,313142.11,2024-04-14,Debit Card,Grocery
T03936,A0557,CREDIT,94780.23,2025-08-08,Debit Card,Utilities
T01131,A0298,CREDIT,452207.46,2025-11-06,Debit Card,Grocery
T06523,A0019,DEBIT,189761.96,2026-06-11,ATM,Fuel
T01054,A0372,CREDIT,434693.71,2025-11-11,Credit Card,Healthcare
T06795,A0115,DEBIT,433841.09,2025-05-05,UPI,Retail
T08068,A0045,CREDIT,269633.65,2026-03-10,Mobile Banking,Travel
T06779,A0020,DEBIT,177628.62,2024-04-17,Debit Card,Restaurant
T01952,A0095,DEBIT,455368.39,2026-05-22,Net Banking,Restaurant
T04728,A0143,DEBIT,61819.05,2024-10-27,Mobile Banking,Healthcare
T00382,A0333,CREDIT,473219.27,2026-06-24,Net Banking,Restaurant
T00524,A0191,DEBIT,122734.54,2024-08-08,Mobile Banking,Utilities
T02342,A0116,DEBIT,366396.19,2026-08-18,Net Banking,Fuel
T00448,A0090,DEBIT,47147.59,2024-11-17,ATM,Restaurant
T06310,A0404,CREDIT,158022.64,2025-04-20,Net Banking,Fuel
T05302,A0424,CREDIT,65789.3,2024-08-02,UPI,Utilities
T06674,A0283,DEBIT,123201.3,2026-05-05,UPI,Entertainment
T03530,A0061,DEBIT,167859.86,2025-12-30,Debit Card,Fuel
,A0078,DEBIT,9163.21,2023-02-14,Mobile Banking,Travel
T07388,A0139,DEBIT,181958.92,2025-10-11,ATM,Travel
T04629,A0303,DEBIT,422090.88,2024-12-31,Debit Card,Restaurant
T02134,A0254,DEBIT,33533.73,2025-01-31,Credit Card,Grocery
T04660,A0094,DEBIT,495860.66,2026-03-25,UPI,Fuel
T03640,A0063,DEBIT,336887.31,2024-09-08,ATM,Travel
T05634,A0194,DEBIT,72047.12,2024-07-02,Mobile Banking,Healthcare
T09768,A0441,DEBIT,38671.31,2024-03-20,Telegram,Education
T02303,A0052,CREDIT,227261.86,2024-02-20,Credit Card,Restaurant
T01174,A0422,DEBIT,234343.02,2026-06-07,Mobile Banking,Grocery
T06842,A0380,DEBIT,99333.56,2024-10-11,Debit Card,Education
T01226,A0163,DEBIT,414906.1,2026-05-24,Net Banking,Restaurant
T04604,A0523,CREDIT,251122.35,2025-04-02,Net Banking,Restaurant
T02461,A0125,CREDIT,393653.68,2024-03-22,UPI,Travel
T08392,A0349,CREDIT,451469.12,2026-02-24,Debit Card,Retail
T06044,A0067,CREDIT,356199.87,2024-12-09,Mobile Banking,Entertainment
T00213,A0293,DEBIT,483866.13,2024-07-25,Debit Card,Entertainment
T05482,A0554,CREDIT,347732.08,2024-08-28,UPI,Education
T09692,A0425,DEBIT,-1585.76,2023-10-07,Net Banking,Utilities
T01619,A0192,DEBIT,394350.64,2026-01-08,Mobile Banking,Utilities
T07864,A0071,DEBIT,2206.82,2025-02-12,ATM,Restaurant
T04691,A0093,DEBIT,303831.98,2026-02-28,Net Banking,Online Shopping
T04204,A0250,CREDIT,112741.56,2025-08-14,Mobile Banking,Online Shopping
T08995,A0542,CREDIT,9083.61,2024-03-04,UPI,Retail
T00831,A0502,DEBIT,289390.21,2024-12-23,Mobile Banking,Education
T07895,A0350,CREDIT,86944.73,2025-06-08,Debit Card,Utilities
T09413,A0404,DEBIT,319244.58,2025-03-26,Debit Card,Retail
T04460,A0434,CREDIT,119652.05,2025-09-21,Debit Card,Utilities
T01257,A0509,CREDIT,463481.67,2024-05-23,ATM,Online Shopping
T04291,A0175,DEBIT,67805.32,2025-10-17,Debit Card,Restaurant
T05386,A0364,DEBIT,332180.83,2024-03-10,Credit Card,Education
T08850,A0493,DEBIT,120341.47,2025-10-04,UPI,Restaurant
T03093,A0282,DEBIT,330710.34,2025-09-14,Credit Card,Retail
T00871,A0472,DEBIT,25131.75,2025-09-05,Mobile Banking,Utilities
T03803,A0227,CREDIT,328788.24,2025-02-07,Credit Card,Retail
T01403,A0009,DEBIT,427718.12,2026-02-23,Debit Card,Education
T01278,A0336,DEBIT,492116.32,2025-09-08,ATM,Entertainment
T00313,A0502,CREDIT,264527.16,2025-12-18,Net Banking,Restaurant
T08333,A0253,DEBIT,211594.37,2025-01-13,UPI,Online Shopping
T07001,A0485,CREDIT,6995.72,2026-06-08,Mobile Banking,Education
T04492,A0333,DEBIT,203377.49,2024-03-29,Net Banking,Fuel
T04766,A0484,DEBIT,103882.84,2025-12-01,ATM,Healthcare
T09766,A0482,DEBIT,19216.64,2023-04-06,Telegram,Retail
T05181,A0490,CREDIT,104891.26,2024-05-11,UPI,Restaurant
T07776,A0529,CREDIT,158892.05,2025-05-22,Debit Card,Restaurant
T09071,A0245,CREDIT,256216.68,2026-07-22,Mobile Banking,Fuel
T07195,A0025,DEBIT,74268.83,2026-05-27,Mobile Banking,Travel
T06778,A0197,CREDIT,326549.85,2025-03-20,Credit Card,Grocery
T09541,,CREDIT,6381.82,2023-02-14,ATM,Education
T03955,A0315,DEBIT,181092.46,2025-11-20,Mobile Banking,Utilities
T05854,A0355,CREDIT,420282.71,2025-03-20,Credit Card,Online Shopping
T01592,A0084,CREDIT,344009.41,2025-05-07,UPI,Entertainment
T06429,A0087,DEBIT,461628.05,2025-11-12,Debit Card,Healthcare
T05509,A0102,DEBIT,233714.49,2024-12-20,Mobile Banking,Restaurant
T00734,A0534,CREDIT,415535.8,2024-10-29,UPI,Online Shopping
T08408,A0199,CREDIT,3953.65,2026-01-09,Net Banking,Grocery
T07762,A0507,CREDIT,161050.92,2025-01-12,Net Banking,Healthcare
T05131,A0162,CREDIT,497496.03,2024-11-16,ATM,Restaurant
T07975,A0026,DEBIT,425091.16,2025-05-07,ATM,Travel
T07568,A0518,DEBIT,251068.42,2024-06-12,Mobile Banking,Restaurant
T02503,A0279,CREDIT,282556.57,2024-06-12,Debit Card,Utilities
T01227,A0234,CREDIT,243318.73,2026-01-11,Credit Card,Healthcare
T00006,A0102,CREDIT,323581.78,2024-12-08,ATM,Online Shopping
T06651,A0012,CREDIT,189262.93,2026-06-24,Credit Card,Education
T04493,A0090,CREDIT,102052.78,2024-11-05,Mobile Banking,Travel
T02248,A0125,DEBIT,284735.8,2025-09-09,Net Banking,Travel
T01291,A0288,DEBIT,359463.53,2024-07-26,Debit Card,Retail
T02086,A0014,CREDIT,198951.95,2025-03-14,Net Banking,Retail
T00249,A0255,DEBIT,226013.85,2025-12-03,Mobile Banking,Entertainment
T01251,A0281,DEBIT,138047.13,2025-12-24,Net Banking,Entertainment
T09584,A9999,DEBIT,7019.22,2026-05-09,Debit Card,Online Shopping
T04763,A0485,DEBIT,189907.48,2025-01-22,Mobile Banking,Retail
T04525,A0480,DEBIT,299929.35,2024-01-06,Net Banking,Entertainment
T03764,A0461,DEBIT,266458.68,2025-11-18,Mobile Banking,Online Shopping
T02598,A0062,CREDIT,180866.65,2024-02-07,Credit Card,Online Shopping
T04917,A0458,DEBIT,313829.95,2026-08-14,Credit Card,Restaurant
T07899,A0347,CREDIT,100234.14,2026-07-31,Net Banking,Healthcare
T05553,A0542,DEBIT,382918.8,2024-10-20,Net Banking,Restaurant
T06764,A0221,DEBIT,417359.02,2025-01-27,Net Banking,Travel
T06349,A0097,DEBIT,251031.35,2025-01-03,ATM,Utilities
T03002,A0485,DEBIT,363989.5,2024-05-15,Credit Card,Restaurant
T07399,A0356,DEBIT,257960.11,2026-02-22,Net Banking,Retail
T02711,A0446,DEBIT,408050.66,2025-03-04,Mobile Banking,Entertainment
T01364,A0252,DEBIT,242223.22,2024-10-04,Net Banking,Entertainment
T09297,A0055,CREDIT,324951.24,2024-10-27,UPI,Entertainment
T03519,A0042,CREDIT,292341.7,2024-11-27,UPI,Online Shopping
T07758,A0483,DEBIT,339136.45,2026-07-22,Credit Card,Fuel
T00187,A0106,DEBIT,345204.32,2025-03-30,UPI,Fuel
T08543,A0243,DEBIT,273621.13,2024-01-07,UPI,Healthcare
T09189,A0143,CREDIT,229814.45,2026-02-21,Credit Card,Healthcare
T06967,A0175,DEBIT,59991.03,2024-05-27,Net Banking,Utilities
T09778,A0027,CREDIT,20439.77,2025-11-13,Telegram,Fuel
T00151,A0321,CREDIT,214453.61,2026-08-22,Mobile Banking,Healthcare
T03217,A0463,CREDIT,205905.79,2026-06-29,Net Banking,Travel
T02803,A0305,CREDIT,259781.66,2026-04-16,Net Banking,Fuel
T06174,A0381,CREDIT,16766.23,2025-07-26,Debit Card,Education
T03155,A0138,CREDIT,144827.66,2025-08-20,Debit Card,Restaurant
T06571,A0039,CREDIT,398287.23,2025-03-18,UPI,Online Shopping
T09637,A9999,DEBIT,19870.57,2023-06-05,Net Banking,Travel
T08498,A0043,CREDIT,162870.67,2024-06-05,UPI,Fuel
T06655,A0560,CREDIT,338839.87,2025-09-03,ATM,Grocery
T07502,A0415,DEBIT,130373.38,2024-06-26,Credit Card,Travel
T06386,A0186,CREDIT,428065.43,2026-07-17,UPI,Education
T08335,A0113,DEBIT,107327.57,2024-04-22,Credit Card,Grocery
T02319,A0158,CREDIT,209238.59,2026-06-26,Credit Card,Utilities
T09652,A0235,DEBIT,-1302.38,2023-06-16,Mobile Banking,Education
T06752,A0019,CREDIT,209762.86,2026-07-28,Debit Card,Online Shopping
T09045,A0244,DEBIT,45039.72,2025-05-09,Mobile Banking,Restaurant
T06409,A0219,CREDIT,45396.29,2025-08-09,UPI,Healthcare
T05708,A0131,CREDIT,393544.56,2026-05-09,Credit Card,Online Shopping
T07326,A0497,CREDIT,418835.02,2025-06-29,Credit Card,Entertainment
T07712,A0111,DEBIT,403174.06,2024-04-22,UPI,Online Shopping
T07812,A0059,CREDIT,52005.17,2026-04-05,ATM,Retail
T05425,A0372,DEBIT,231033.57,2026-07-31,UPI,Restaurant
T01904,A0408,CREDIT,146495.65,2024-02-16,Net Banking,Healthcare
T05647,A0207,DEBIT,385781.82,2026-01-09,UPI,Online Shopping
T06164,A0564,CREDIT,182346.7,2026-01-29,Credit Card,Utilities
T08841,A0284,CREDIT,483808.13,2024-10-27,Net Banking,Restaurant
T07435,A0036,DEBIT,207550.08,2024-06-09,Mobile Banking,Fuel
T02433,A0186,CREDIT,222640.65,2024-11-09,Credit Card,Utilities
T08122,A0492,CREDIT,419520.78,2026-01-24,UPI,Entertainment
T02145,A0151,DEBIT,108299.43,2025-02-24,Mobile Banking,Grocery
T00813,A0281,CREDIT,485573.23,2026-04-23,UPI,Entertainment
T02521,A0043,DEBIT,442311.29,2025-11-01,Credit Card,Entertainment
T09849,A0147,DEBIT,11095.61,bad-date,ATM,Grocery
T09804,A0112,DEBIT,44141.38,2023-05-24,Telegram,Entertainment
T05066,A0383,CREDIT,117787.33,2026-05-13,Debit Card,Grocery
T09760,A0308,TRANSFER,23476.78,2023-04-09,Net Banking,Grocery
T09147,A0322,CREDIT,333046.83,2025-09-14,Mobile Banking,Education
T09261,A0074,DEBIT,467378.29,2025-12-24,Credit Card,Grocery
T01908,A0396,CREDIT,79987.64,2026-08-13,Debit Card,Fuel
T04982,A0561,DEBIT,24926.07,2024-03-30,Mobile Banking,Restaurant
T04693,A0365,DEBIT,60494.99,2024-04-07,Mobile Banking,Fuel
T02744,A0135,CREDIT,485376.84,2025-05-28,Net Banking,Travel
T01100,A0414,DEBIT,402476.48,2025-01-25,Mobile Banking,Entertainment
T04636,A0531,CREDIT,338892.0,2024-03-23,Mobile Banking,Utilities
T09428,A0078,DEBIT,155974.35,2025-02-21,Credit Card,Education
T01509,A0320,DEBIT,146796.31,2026-05-29,UPI,Retail
T05556,A0135,CREDIT,301444.97,2025-07-20,Mobile Banking,Education
T00265,A0377,CREDIT,426679.82,2025-01-24,Net Banking,Retail
T01828,A0534,CREDIT,74900.92,2026-03-14,Debit Card,Grocery
T07184,A0083,CREDIT,60484.22,2024-07-04,UPI,Travel
T07276,A0102,CREDIT,229396.93,2024-03-16,ATM,Entertainment
T08717,A0306,CREDIT,293844.89,2025-12-20,Credit Card,Grocery
T04128,A0546,CREDIT,347755.52,2025-01-24,Mobile Banking,Healthcare
T09755,A0192,TRANSFER,38742.83,2026-05-11,UPI,Entertainment
T01409,A0405,DEBIT,444407.47,2025-04-22,Mobile Banking,Education
T00549,A0077,DEBIT,30227.44,2024-01-14,Mobile Banking,Travel
T01745,A0336,CREDIT,266566.82,2024-12-11,Mobile Banking,Entertainment
T09066,A0098,DEBIT,429426.07,2024-09-01,Net Banking,Grocery
T06304,A0191,DEBIT,239520.67,2024-04-10,UPI,Healthcare
T08887,A0399,CREDIT,41145.16,2026-01-15,Net Banking,Restaurant
T05352,A0516,DEBIT,86643.17,2024-07-31,Mobile Banking,Restaurant
T04915,A0378,DEBIT,254200.92,2024-03-20,UPI,Education
T02214,A0069,DEBIT,43330.33,2026-01-07,Debit Card,Online Shopping
T08890,A0147,CREDIT,19126.55,2026-02-08,UPI,Utilities
T04294,A0256,DEBIT,289911.56,2026-07-30,Net Banking,Travel
T04135,A0081,DEBIT,46708.86,2026-02-12,UPI,Education
T02863,A0286,CREDIT,485451.56,2026-06-13,Credit Card,Restaurant
T06895,A0121,CREDIT,278114.09,2024-02-03,UPI,Education
T01117,A0102,CREDIT,331789.95,2024-11-24,Net Banking,Fuel
T03586,A0304,CREDIT,35902.03,2025-04-13,Credit Card,Online Shopping
,A0068,CREDIT,13201.13,2026-04-27,Mobile Banking,Fuel
T03223,A0494,CREDIT,478503.03,2024-10-07,Net Banking,Online Shopping
T02011,A0430,CREDIT,147171.13,2024-05-24,Credit Card,Education
T00624,A0348,DEBIT,357619.65,2026-03-16,ATM,Restaurant
T04683,A0415,DEBIT,489519.3,2025-07-18,Credit Card,Education
T02901,A0047,CREDIT,347535.4,2026-05-03,Net Banking,Fuel
T05914,A0171,DEBIT,379094.13,2025-09-30,Mobile Banking,Education
T03341,A0549,DEBIT,51730.42,2025-11-05,Net Banking,Travel
T00084,A0114,DEBIT,284594.21,2025-05-20,ATM,Education
T02088,A0248,DEBIT,250526.82,2025-12-12,Mobile Banking,Grocery
T02487,A0004,CREDIT,86649.29,2025-07-03,Debit Card,Fuel
T02828,A0549,CREDIT,486240.83,2024-03-30,Mobile Banking,Travel
T04817,A0423,DEBIT,249745.74,2024-06-09,UPI,Restaurant
T08214,A0158,CREDIT,77370.31,2025-02-14,UPI,Travel
T00674,A0087,CREDIT,139618.33,2025-09-16,Credit Card,Entertainment
T00047,A0088,CREDIT,477588.65,2025-07-08,Net Banking,Retail
T07591,A0087,DEBIT,382263.99,2024-04-05,Credit Card,Travel
T02426,A0038,DEBIT,115760.87,2025-06-06,Net Banking,Retail
T01531,A0123,CREDIT,66311.04,2024-02-11,ATM,Travel
T00114,A0071,DEBIT,94758.85,2025-05-02,Mobile Banking,Entertainment
T04602,A0276,DEBIT,197544.3,2025-03-28,ATM,Healthcare
T01987,A0137,DEBIT,52416.6,2026-05-09,Credit Card,Grocery
T04513,A0121,DEBIT,13146.13,2024-07-19,Mobile Banking,Entertainment
T05730,A0419,DEBIT,220287.69,2026-05-09,Debit Card,Grocery
T08516,A0117,DEBIT,135622.83,2025-02-20,UPI,Fuel
T06002,A0501,DEBIT,127411.11,2026-07-27,ATM,Healthcare
T09591,A9999,CREDIT,33508.46,2023-11-09,Debit Card,Grocery
T08376,A0169,DEBIT,26963.29,2026-03-02,Debit Card,Travel
T02184,A0127,CREDIT,381555.61,2025-06-25,Mobile Banking,Online Shopping
T03738,A0093,DEBIT,226946.1,2026-01-28,Net Banking,Utilities
T06162,A0093,DEBIT,335331.0,2025-06-02,Mobile Banking,Education
T03320,A0363,DEBIT,1328.44,2025-04-05,Net Banking,Fuel
T04605,A0511,DEBIT,288739.65,2024-01-04,UPI,Travel
T01970,A0502,CREDIT,15449.48,2026-06-07,Net Banking,Education
T00650,A0210,DEBIT,462094.71,2025-11-10,UPI,Travel
T07275,A0241,DEBIT,259936.76,2024-10-15,Net Banking,Retail
T00834,A0213,DEBIT,349856.95,2025-05-30,Net Banking,Restaurant
T04075,A0025,CREDIT,372606.94,2025-08-30,UPI,Online Shopping
T03442,A0391,CREDIT,405930.58,2024-04-01,UPI,Retail
T09587,A9999,CREDIT,4171.52,2026-05-19,UPI,Utilities
T08811,A0546,DEBIT,221007.75,2025-08-28,Mobile Banking,Utilities
T06885,A0532,DEBIT,381287.08,2025-06-21,UPI,Online Shopping
T06644,A0151,CREDIT,95034.65,2026-05-24,UPI,Fuel
T02779,A0102,DEBIT,174548.13,2026-07-10,Debit Card,Online Shopping
T06833,A0424,CREDIT,223716.92,2025-08-26,Net Banking,Fuel
T00415,A0086,DEBIT,263520.28,2026-03-06,Mobile Banking,Travel
T02911,A0038,CREDIT,279216.36,2024-12-28,Net Banking,Retail
T04332,A0111,CREDIT,19432.56,2024-07-31,Net Banking,Travel
T05775,A0564,CREDIT,266923.17,2024-10-20,Debit Card,Travel
T07122,A0464,CREDIT,388888.27,2024-08-18,Credit Card,Restaurant
T05410,A0496,CREDIT,334670.38,2024-06-27,ATM,Utilities
T02368,A0547,CREDIT,270554.79,2024-11-02,Debit Card,Entertainment
T08582,A0308,DEBIT,438016.11,2025-07-29,Net Banking,Grocery
T04324,A0439,CREDIT,249911.23,2025-05-13,Net Banking,Fuel
T08449,A0233,DEBIT,262382.9,2026-06-13,UPI,Retail
T08494,A0358,CREDIT,417230.0,2026-05-23,Debit Card,Utilities
T08351,A0435,DEBIT,388290.09,2026-04-26,ATM,Fuel
T08137,A0560,DEBIT,400984.31,2025-01-09,Net Banking,Online Shopping
T07070,A0416,CREDIT,402272.59,2024-06-17,Debit Card,Restaurant
T05421,A0339,CREDIT,445830.14,2026-04-11,Credit Card,Entertainment
T08087,A0296,DEBIT,125428.08,2026-05-04,Debit Card,Grocery
T00682,A0267,CREDIT,480156.47,2025-04-23,Mobile Banking,Travel
T02937,A0141,CREDIT,40056.14,2026-02-07,UPI,Restaurant
T07942,A0418,CREDIT,181339.76,2024-02-12,Debit Card,Online Shopping
T02615,A0005,CREDIT,248385.96,2024-04-12,Mobile Banking,Education
T07586,A0061,CREDIT,221697.43,2025-03-14,Credit Card,Entertainment
T00396,A0014,CREDIT,478813.08,2024-04-18,Net Banking,Utilities
T00595,A0310,DEBIT,86733.65,2025-03-22,Mobile Banking,Utilities
T00897,A0503,CREDIT,187704.64,2025-07-04,ATM,Healthcare
T03995,A0019,CREDIT,177820.31,2025-02-19,Mobile Banking,Fuel
T03191,A0427,DEBIT,150143.14,2024-09-29,Credit Card,Utilities
T06925,A0328,CREDIT,351315.15,2024-01-29,Net Banking,Restaurant
T06261,A0135,CREDIT,466556.75,2024-12-10,UPI,Education
,A0522,CREDIT,48778.46,2026-06-01,Net Banking,Entertainment
T09130,A0497,CREDIT,393841.06,2024-11-05,Credit Card,Entertainment
T06830,A0492,DEBIT,355873.17,2025-08-26,Mobile Banking,Utilities
T05955,A0227,DEBIT,111909.42,2024-06-19,Net Banking,Healthcare
T03358,A0506,DEBIT,275096.92,2026-05-27,Mobile Banking,Retail
T07930,A0473,CREDIT,260302.65,2024-11-29,Mobile Banking,Restaurant
T01374,A0292,DEBIT,120416.07,2024-08-13,Net Banking,Fuel
T05038,A0027,CREDIT,489098.76,2026-04-30,Mobile Banking,Healthcare
T03549,A0078,DEBIT,221382.53,2025-11-26,Credit Card,Healthcare
T01698,A0558,CREDIT,232181.09,2024-07-28,ATM,Online Shopping
T04226,A0541,DEBIT,74293.98,2024-12-29,Credit Card,Entertainment
T08902,A0057,DEBIT,274035.92,2025-07-04,ATM,Online Shopping
T08936,A0544,DEBIT,231077.93,2025-03-15,UPI,Grocery
T05709,A0119,CREDIT,6532.06,2024-09-05,Net Banking,Retail
T02799,A0283,CREDIT,228572.51,2025-02-09,Mobile Banking,Healthcare
T05851,A0273,DEBIT,423584.15,2024-01-15,Credit Card,Online Shopping
,A0308,DEBIT,42836.3,2026-06-27,Net Banking,Online Shopping
T04050,A0227,CREDIT,9944.94,2025-05-07,ATM,Restaurant
T05705,A0037,CREDIT,427586.98,2024-06-12,Credit Card,Travel
T00739,A0534,DEBIT,95280.3,2025-07-25,Mobile Banking,Retail
T05527,A0192,CREDIT,58990.64,2025-12-07,Net Banking,Travel
T08509,A0424,CREDIT,373984.42,2024-12-07,Net Banking,Retail
T01733,A0555,CREDIT,428526.18,2025-08-11,Credit Card,Education
T01133,A0160,CREDIT,299415.94,2025-09-28,Mobile Banking,Restaurant
T04955,A0246,DEBIT,296982.24,2025-10-28,Debit Card,Education
T09269,A0055,DEBIT,438010.72,2024-09-07,UPI,Education
T00532,A0243,CREDIT,142589.95,2025-10-21,Net Banking,Retail
T03598,A0175,CREDIT,256830.13,2024-10-14,Credit Card,Online Shopping
T03465,A0333,CREDIT,93711.93,2026-07-27,Mobile Banking,Fuel
T01644,A0152,CREDIT,120147.18,2024-10-08,Debit Card,Utilities
T01339,A0062,CREDIT,56465.02,2025-11-12,Debit Card,Fuel
T07442,A0231,CREDIT,370554.74,2025-11-28,ATM,Retail
T00485,A0103,DEBIT,251730.42,2026-04-05,UPI,Restaurant
T05943,A0408,CREDIT,466467.99,2024-06-20,Credit Card,Retail
T02748,A0214,CREDIT,378801.09,2025-08-26,Net Banking,Education
T07475,A0272,CREDIT,65132.87,2024-03-01,Credit Card,Retail
T06744,A0134,DEBIT,167421.64,2024-06-05,UPI,Entertainment
T03125,A0234,DEBIT,418904.79,2025-11-14,Credit Card,Healthcare
T01854,A0501,CREDIT,211960.26,2024-02-13,Net Banking,Retail
T04491,A0091,CREDIT,400258.58,2025-11-02,ATM,Grocery
T02260,A0229,CREDIT,411497.96,2024-05-24,Mobile Banking,Utilities
T07939,A0501,DEBIT,38551.43,2025-10-22,UPI,Fuel
T07994,A0179,CREDIT,453060.01,2025-05-15,Debit Card,Healthcare
T04366,A0106,CREDIT,235700.68,2024-10-19,UPI,Restaurant
T01066,A0260,DEBIT,409202.38,2024-12-18,Debit Card,Travel
T06293,A0179,DEBIT,27373.82,2025-08-03,ATM,Online Shopping
T02041,A0323,CREDIT,213759.1,2026-02-04,UPI,Utilities
T08089,A0264,CREDIT,470665.81,2026-04-12,Credit Card,Utilities
T08413,A0147,DEBIT,373646.75,2025-03-04,Debit Card,Travel
T06430,A0496,DEBIT,4908.92,2026-03-16,ATM,Retail
T00340,A0450,DEBIT,81000.97,2024-12-28,Mobile Banking,Healthcare
T01146,A0194,CREDIT,362482.59,2024-02-14,Net Banking,Retail
T08472,A0325,DEBIT,291941.12,2025-08-24,UPI,Entertainment
T00269,A0149,DEBIT,418624.61,2025-05-26,Mobile Banking,Entertainment
T03949,A0120,CREDIT,151167.12,2024-10-14,Net Banking,Retail
T03289,A0431,DEBIT,120372.31,2025-04-08,Debit Card,Utilities
T01053,A0299,CREDIT,261467.37,2024-03-31,Mobile Banking,Fuel
T09312,A0287,DEBIT,367519.03,2026-02-20,Credit Card,Education
T02464,A0061,DEBIT,413193.26,2026-03-27,UPI,Education
T07577,A0491,CREDIT,233201.17,2025-09-07,UPI,Fuel
T01638,A0426,CREDIT,441152.41,2025-11-27,ATM,Healthcare
T07410,A0295,CREDIT,11277.42,2024-08-24,Mobile Banking,Grocery
T08921,A0178,CREDIT,274942.29,2025-03-25,ATM,Education
T08637,A0165,CREDIT,50003.25,2025-08-03,Debit Card,Utilities
T05432,A0058,DEBIT,314662.74,2024-06-18,Credit Card,Healthcare
T02136,A0499,CREDIT,250593.5,2025-01-10,Credit Card,Education
T08998,A0009,CREDIT,46917.0,2026-04-20,ATM,Fuel
,A0057,DEBIT,40360.09,2024-08-03,UPI,Entertainment
T09256,A0523,CREDIT,441688.51,2026-01-10,Debit Card,Retail
T03174,A0139,CREDIT,139009.89,2024-02-02,Debit Card,Travel
T04529,A0118,DEBIT,390883.33,2024-08-07,Debit Card,Education
T05952,A0443,DEBIT,219582.39,2025-02-19,Debit Card,Restaurant
T02348,A0553,DEBIT,96776.56,2025-02-09,ATM,Online Shopping
T02076,A0051,DEBIT,354177.67,2025-08-27,Mobile Banking,Utilities
T05562,A0408,CREDIT,127787.44,2025-12-06,Debit Card,Grocery
T04282,A0400,CREDIT,370262.74,2026-02-04,ATM,Fuel
T08979,A0328,DEBIT,272780.95,2024-08-11,Debit Card,Utilities
T04017,A0461,CREDIT,379886.5,2025-10-23,Credit Card,Entertainment
T08777,A0313,DEBIT,19793.35,2026-06-04,Debit Card,Entertainment
T07456,A0333,CREDIT,489208.61,2024-06-08,UPI,Healthcare
T04949,A0102,DEBIT,386485.12,2025-03-18,Credit Card,Travel
T02288,A0570,DEBIT,408050.76,2024-06-23,ATM,Retail
T03509,A0308,DEBIT,11677.5,2024-07-08,Net Banking,Online Shopping
T09550,,DEBIT,37485.37,2024-03-05,Credit Card,Travel
T09693,A0266,CREDIT,-2972.61,2026-04-30,UPI,Education
T07804,A0418,CREDIT,168728.07,2025-03-16,Debit Card,Travel
T02378,A0469,DEBIT,343032.23,2025-05-24,Debit Card,Education
T07943,A0065,DEBIT,25030.95,2024-06-05,Net Banking,Grocery
T00764,A0035,DEBIT,374982.7,2026-04-12,Credit Card,Healthcare
T09247,A0119,CREDIT,105859.7,2025-09-07,Debit Card,Utilities
T01519,A0342,DEBIT,370573.05,2024-05-20,UPI,Online Shopping
T00703,A0154,DEBIT,381329.66,2025-10-26,UPI,Online Shopping
T09632,A9999,DEBIT,37081.28,2024-12-23,Debit Card,Healthcare
T05333,A0159,CREDIT,2529.35,2025-07-19,Debit Card,Entertainment
T03225,A0091,CREDIT,477511.2,2026-06-04,Credit Card,Entertainment
T01426,A0127,DEBIT,379270.39,2025-03-19,Net Banking,Retail
T01026,A0407,DEBIT,5955.08,2025-05-07,Credit Card,Utilities
T01270,A0289,DEBIT,278175.73,2025-06-07,Credit Card,Grocery
T06515,A0210,CREDIT,200575.46,2025-01-01,UPI,Utilities
T05895,A0367,CREDIT,299747.85,2024-05-18,Mobile Banking,Healthcare
T04843,A0454,DEBIT,84909.57,2025-10-24,UPI,Education
T08508,A0328,DEBIT,482208.27,2026-07-18,Net Banking,Healthcare
T06270,A0201,CREDIT,262774.64,2025-04-09,UPI,Restaurant
T08117,A0277,CREDIT,414342.15,2026-06-11,Net Banking,Travel
T07934,A0034,DEBIT,231359.62,2025-02-02,ATM,Restaurant
T06748,A0446,CREDIT,194462.64,2026-04-04,UPI,Education
T06812,A0316,CREDIT,320392.2,2025-04-05,UPI,Healthcare
T04922,A0292,DEBIT,284638.4,2026-01-24,Credit Card,Entertainment
T09064,A0529,DEBIT,378196.6,2025-12-29,UPI,Fuel
T09530,,CREDIT,35400.26,2025-08-19,UPI,Healthcare
T07225,A0426,DEBIT,487090.66,2026-07-23,Debit Card,Grocery
T03548,A0160,CREDIT,49065.32,2025-07-17,ATM,Healthcare
T01056,A0258,DEBIT,209880.72,2026-05-06,Debit Card,Utilities
T04388,A0411,CREDIT,141692.41,2024-02-16,Mobile Banking,Utilities
T02060,A0052,DEBIT,180117.03,2025-09-26,Debit Card,Utilities
T04891,A0170,CREDIT,179172.4,2025-02-13,Debit Card,Restaurant
T01587,A0438,DEBIT,425137.48,2024-07-29,ATM,Travel
T06557,A0175,DEBIT,246003.08,2025-07-15,Credit Card,Utilities
T00326,A0436,DEBIT,122188.7,2026-01-26,Mobile Banking,Education
T05242,A0251,DEBIT,408169.44,2025-07-27,Debit Card,Grocery
T03237,A0317,CREDIT,498179.75,2024-11-06,Credit Card,Retail
T01818,A0426,DEBIT,41415.64,2025-12-04,Net Banking,Entertainment
T09239,A0477,CREDIT,279052.42,2024-05-28,ATM,Travel
T00948,A0278,DEBIT,315600.98,2024-12-02,Net Banking,Entertainment
T08121,A0004,DEBIT,382474.28,2024-06-23,Debit Card,Restaurant
T05239,A0029,DEBIT,5888.99,2024-04-14,ATM,Healthcare
T01504,A0038,DEBIT,94121.46,2025-08-07,Debit Card,Retail
T02995,A0004,DEBIT,394322.35,2024-09-08,ATM,Grocery
T00034,A0133,CREDIT,347265.91,2025-04-11,Credit Card,Retail
T04077,A0052,CREDIT,299987.87,2025-05-12,Net Banking,Education
T07140,A0015,CREDIT,38998.81,2024-11-10,UPI,Entertainment
T04715,A0223,DEBIT,3042.3,2024-05-05,Credit Card,Restaurant
T08901,A0264,CREDIT,223350.67,2025-03-21,Credit Card,Travel
T04741,A0154,CREDIT,313006.12,2026-07-18,Mobile Banking,Travel
T08103,A0354,CREDIT,411567.43,2024-02-20,Mobile Banking,Retail
T02794,A0494,DEBIT,87273.1,2025-02-04,Mobile Banking,Restaurant
T06878,A0529,DEBIT,7453.36,2025-12-11,ATM,Entertainment
T04061,A0161,DEBIT,406524.81,2026-05-26,UPI,Grocery
T04784,A0330,DEBIT,278418.23,2026-08-09,Credit Card,Retail
T04997,A0291,CREDIT,41434.03,2024-05-09,Credit Card,Restaurant
T03624,A0331,CREDIT,314712.21,2026-05-13,Debit Card,Entertainment
T08145,A0334,DEBIT,424444.96,2026-03-31,Credit Card,Utilities
T03385,A0391,DEBIT,223744.6,2025-05-13,Credit Card,Education
T06793,A0541,CREDIT,317509.13,2026-05-02,Credit Card,Grocery
T07522,A0055,CREDIT,21621.25,2025-10-02,Net Banking,Grocery
T09440,A0513,DEBIT,14128.41,2026-07-05,UPI,Grocery
T03073,A0226,DEBIT,59611.65,2025-10-01,Net Banking,Fuel
T03844,A0352,CREDIT,333185.24,2026-07-04,Net Banking,Fuel
T04410,A0463,DEBIT,483241.44,2024-08-29,Debit Card,Retail
T06276,A0546,CREDIT,444890.01,2026-08-19,ATM,Grocery
T04943,A0081,CREDIT,54102.63,2026-05-11,ATM,Grocery
T05826,A0322,DEBIT,146156.86,2025-10-02,ATM,Restaurant
T07669,A0431,CREDIT,39714.39,2025-12-18,ATM,Online Shopping
T05391,A0141,DEBIT,262652.83,2025-01-05,UPI,Entertainment
T09208,A0343,DEBIT,244730.05,2026-04-11,Mobile Banking,Online Shopping
T01033,A0564,DEBIT,63237.0,2024-12-21,Debit Card,Entertainment
T02885,A0136,CREDIT,295759.22,2025-07-07,Credit Card,Utilities
T03102,A0108,CREDIT,155750.52,2024-11-11,Credit Card,Retail
T06973,A0016,CREDIT,405946.54,2024-08-20,Net Banking,Education
T03632,A0439,DEBIT,181245.0,2026-03-18,Net Banking,Education
T03210,A0202,DEBIT,391520.31,2025-03-28,Credit Card,Grocery
T01736,A0326,CREDIT,199356.97,2024-07-09,Mobile Banking,Travel
T03481,A0506,DEBIT,85540.59,2026-02-11,UPI,Healthcare
T03124,A0415,CREDIT,322800.66,2026-08-23,Debit Card,Online Shopping
T03692,A0054,DEBIT,98011.59,2025-06-08,Debit Card,Travel
T01540,A0537,DEBIT,101999.56,2024-04-23,Debit Card,Grocery
T07211,A0218,CREDIT,131942.75,2026-04-17,Net Banking,Grocery
T06959,A0193,CREDIT,105722.25,2026-05-18,Net Banking,Healthcare
T02263,A0402,CREDIT,165450.61,2024-12-11,Mobile Banking,Entertainment
T03529,A0241,DEBIT,474915.21,2025-03-22,Mobile Banking,Entertainment
T02977,A0271,DEBIT,198054.44,2024-01-08,Debit Card,Entertainment
T02881,A0409,CREDIT,420053.88,2026-01-11,Mobile Banking,Online Shopping
T02702,A0333,DEBIT,30526.7,2026-06-21,Debit Card,Fuel
T09140,A0152,DEBIT,162688.35,2025-08-17,Debit Card,Online Shopping
T04703,A0460,DEBIT,270496.56,2025-02-01,Credit Card,Online Shopping
T04109,A0082,DEBIT,111778.48,2024-06-10,Net Banking,Restaurant
T02928,A0495,CREDIT,298330.77,2024-02-12,Mobile Banking,Online Shopping
T03239,A0471,DEBIT,158625.18,2026-07-19,Credit Card,Online Shopping
,A0534,CREDIT,34914.32,2025-07-03,Credit Card,Grocery
T01920,A0149,DEBIT,62372.21,2024-04-09,Credit Card,Utilities
T02931,A0283,DEBIT,280482.52,2024-12-17,ATM,Healthcare
T03161,A0423,CREDIT,315690.54,2026-08-25,UPI,Entertainment
T08434,A0360,CREDIT,270637.18,2025-04-19,ATM,Grocery
T02195,A0510,CREDIT,382269.17,2026-04-06,ATM,Travel
T07062,A0298,CREDIT,179546.96,2024-02-13,UPI,Healthcare
T04119,A0520,CREDIT,168473.44,2025-02-26,Credit Card,Healthcare
T03688,A0134,DEBIT,27942.95,2026-06-01,Mobile Banking,Travel
T03861,A0513,DEBIT,200705.3,2024-04-16,ATM,Utilities
T08312,A0020,DEBIT,355947.03,2025-03-12,UPI,Retail
T05069,A0191,CREDIT,201675.16,2026-05-25,Mobile Banking,Fuel
T00492,A0532,DEBIT,167611.46,2025-08-08,Credit Card,Travel
T06803,A0530,DEBIT,356103.6,2025-04-08,Net Banking,Education
T04140,A0002,DEBIT,396213.21,2026-04-06,Credit Card,Entertainment
T03749,A0336,DEBIT,438424.49,2026-04-06,Net Banking,Retail
T05282,A0489,DEBIT,339617.55,2024-12-12,Net Banking,Utilities
T04106,A0243,DEBIT,67638.8,2025-01-21,UPI,Healthcare
T03052,A0015,DEBIT,249182.85,2025-10-16,ATM,Fuel
T08187,A0222,CREDIT,487353.68,2026-04-01,Net Banking,Grocery
T04425,A0193,CREDIT,399920.39,2024-04-17,ATM,Online Shopping
T05358,A0114,DEBIT,324986.77,2025-01-23,Credit Card,Retail
T02419,A0416,CREDIT,488751.43,2024-12-01,Credit Card,Utilities
T03282,A0257,CREDIT,411027.45,2025-02-16,Net Banking,Fuel
T03449,A0175,CREDIT,255971.28,2026-04-10,UPI,Grocery
T01865,A0413,CREDIT,411310.47,2026-07-30,Credit Card,Restaurant
T04250,A0286,DEBIT,32232.38,2024-01-20,Credit Card,Online Shopping
T03900,A0186,DEBIT,343251.76,2024-11-20,Debit Card,Restaurant
T01154,A0147,CREDIT,342189.87,2024-01-07,Credit Card,Retail
T03180,A0163,CREDIT,366495.41,2024-09-17,Debit Card,Healthcare
T07196,A0099,DEBIT,245418.56,2024-08-05,ATM,Restaurant
T00184,A0173,CREDIT,335728.94,2024-01-12,Mobile Banking,Restaurant
T02228,A0337,DEBIT,94269.21,2025-06-08,Mobile Banking,Fuel
T06627,A0089,CREDIT,322625.71,2025-07-02,UPI,Fuel
T05522,A0447,DEBIT,305024.82,2024-02-20,Mobile Banking,Retail
T05925,A0498,CREDIT,292197.71,2025-06-20,Mobile Banking,Grocery
T02382,A0547,CREDIT,498621.03,2024-10-26,Net Banking,Education
T03851,A0371,DEBIT,151565.89,2025-09-19,Debit Card,Travel
T00400,A0106,DEBIT,51372.79,2026-06-26,Credit Card,Grocery
T00705,A0484,DEBIT,158537.98,2024-07-18,Net Banking,Restaurant
T05625,A0348,DEBIT,19119.91,2024-01-01,UPI,Education
T07111,A0507,DEBIT,229579.57,2026-07-01,Mobile Banking,Entertainment
T09676,A0159,CREDIT,-7770.8,2025-09-13,UPI,Restaurant
T02210,A0074,CREDIT,387406.7,2024-06-27,Credit Card,Retail
T09105,A0006,DEBIT,375763.1,2025-07-16,ATM,Retail
T02596,A0419,DEBIT,255367.3,2026-05-14,Debit Card,Fuel
T04221,A0502,DEBIT,384803.98,2026-01-08,Credit Card,Fuel
T07700,A0314,DEBIT,102705.58,2024-03-04,Credit Card,Restaurant
,A0376,DEBIT,32810.57,2023-02-04,UPI,Grocery
T03672,A0281,CREDIT,275284.33,2026-08-30,Credit Card,Travel
T09274,A0163,CREDIT,189136.96,2025-02-22,Credit Card,Restaurant
T09354,A0220,CREDIT,63539.3,2025-05-29,Mobile Banking,Restaurant
T08798,A0333,CREDIT,71595.89,2026-07-28,Credit Card,Fuel
T07652,A0379,CREDIT,93386.56,2024-03-09,Debit Card,Travel
T08725,A0100,CREDIT,285233.46,2026-06-27,Mobile Banking,Retail
T05295,A0461,CREDIT,52814.62,2024-05-13,Net Banking,Entertainment
T08096,A0230,DEBIT,351482.21,2025-09-24,Credit Card,Utilities
T01158,A0503,DEBIT,172638.61,2025-10-13,Credit Card,Entertainment
T00126,A0216,DEBIT,228156.22,2025-01-13,Debit Card,Grocery
T04222,A0201,DEBIT,488375.26,2026-05-23,Net Banking,Utilities
T09723,A0079,TRANSFER,23747.05,2025-10-01,ATM,Utilities
T01524,A0522,CREDIT,494824.46,2024-01-06,Mobile Banking,Education
T04685,A0322,CREDIT,107507.17,2025-01-16,ATM,Education
T03492,A0225,DEBIT,165220.15,2024-03-08,Debit Card,Healthcare
T02123,A0201,CREDIT,336595.82,2026-01-23,Mobile Banking,Retail
T04506,A0095,CREDIT,443939.48,2026-03-23,Credit Card,Restaurant
T04065,A0261,CREDIT,308273.55,2026-06-14,Credit Card,Online Shopping
T09743,A0013,TRANSFER,49266.35,2025-09-16,Mobile Banking,Fuel
T07137,A0319,CREDIT,10059.64,2025-07-18,Debit Card,Restaurant
T03639,A0277,CREDIT,344203.88,2025-06-21,Mobile Banking,Travel
T00952,A0007,DEBIT,446694.26,2025-06-05,Credit Card,Entertainment
T03899,A0271,DEBIT,188833.44,2025-01-16,Mobile Banking,Travel
T03478,A0475,CREDIT,313267.03,2025-10-19,UPI,Grocery
T01772,A0041,CREDIT,78055.98,2024-11-10,Debit Card,Travel
T05479,A0020,CREDIT,340122.41,2026-03-26,Mobile Banking,Fuel
T03956,A0429,DEBIT,230721.22,2025-06-08,Net Banking,Entertainment
T05714,A0235,DEBIT,325500.73,2026-08-19,Net Banking,Restaurant
T09721,A0040,TRANSFER,2026.86,2025-08-11,Net Banking,Education
T01856,A0110,CREDIT,296414.41,2026-06-08,Mobile Banking,Online Shopping
T02069,A0182,CREDIT,446495.11,2025-11-13,ATM,Grocery
T00984,A0075,DEBIT,408896.11,2025-04-21,Credit Card,Grocery
T00060,A0276,CREDIT,159236.39,2025-07-20,Credit Card,Online Shopping
T01933,A0253,DEBIT,444588.0,2024-02-15,Debit Card,Online Shopping
T04861,A0547,CREDIT,341062.58,2025-09-02,Debit Card,Online Shopping
T05225,A0219,CREDIT,130464.96,2024-08-21,Net Banking,Online Shopping
T08654,A0500,CREDIT,80782.45,2025-09-14,Credit Card,Fuel
T04421,A0036,CREDIT,353305.85,2025-04-05,Mobile Banking,Restaurant
T00224,A0447,DEBIT,385658.06,2026-02-08,Mobile Banking,Utilities
T05206,A0202,DEBIT,279505.16,2024-10-12,ATM,Retail
T02523,A0287,DEBIT,396194.35,2025-05-22,UPI,Fuel
T03768,A0189,CREDIT,70765.4,2026-08-19,Net Banking,Fuel
T02175,A0274,DEBIT,24399.85,2025-05-24,ATM,Grocery
T05133,A0486,DEBIT,14915.95,2026-03-02,ATM,Fuel
T04801,A0399,CREDIT,233894.5,2025-11-29,UPI,Entertainment
T01756,A0404,DEBIT,44194.81,2024-10-27,Credit Card,Online Shopping
T01977,A0528,CREDIT,357606.18,2025-02-09,Credit Card,Entertainment
T04740,A0185,CREDIT,181046.57,2026-05-19,UPI,Utilities
T09205,A0394,CREDIT,324767.3,2024-08-02,Mobile Banking,Retail
T01083,A0450,DEBIT,278205.54,2025-08-04,ATM,Healthcare
T08748,A0475,DEBIT,435423.83,2025-06-08,Mobile Banking,Entertainment
T05464,A0052,DEBIT,252939.35,2024-11-14,Debit Card,Healthcare
T03288,A0016,DEBIT,33432.13,2024-02-19,Credit Card,Utilities
T09751,A0408,TRANSFER,20520.89,2024-01-11,Credit Card,Utilities
T09397,A0425,CREDIT,453908.1,2026-02-25,ATM,Education
T09206,A0213,CREDIT,80575.35,2025-03-20,Net Banking,Education
T07698,A0197,DEBIT,11951.18,2025-04-08,Credit Card,Travel
T04905,A0282,CREDIT,293482.08,2026-06-07,UPI,Education
T06652,A0537,CREDIT,437634.3,2024-06-12,Credit Card,Fuel
T08118,A0190,DEBIT,74243.55,2026-03-04,ATM,Retail
T01547,A0102,DEBIT,431015.0,2025-06-12,Debit Card,Healthcare
T02594,A0429,DEBIT,467480.21,2026-08-12,Mobile Banking,Healthcare
T01010,A0314,DEBIT,312693.71,2026-07-19,Debit Card,Fuel
T08947,A0183,CREDIT,479420.32,2024-05-30,Debit Card,Education
T07240,A0371,DEBIT,343380.4,2025-10-06,ATM,Travel
T07789,A0025,CREDIT,63679.38,2024-10-08,UPI,Retail
T05204,A0529,DEBIT,423735.25,2026-07-06,Credit Card,Retail
T07304,A0446,CREDIT,331339.74,2024-01-28,Debit Card,Utilities
T00299,A0255,DEBIT,23178.51,2026-08-26,Net Banking,Restaurant
T07874,A0389,DEBIT,292692.2,2025-02-19,UPI,Grocery
T04514,A0516,CREDIT,46501.72,2026-05-23,Mobile Banking,Retail
T00913,A0473,DEBIT,122598.98,2025-09-09,Credit Card,Travel
T03010,A0555,DEBIT,421072.56,2025-09-04,UPI,Restaurant
T02287,A0380,CREDIT,28119.42,2026-08-22,ATM,Travel
T08267,A0126,CREDIT,4811.03,2024-11-03,Mobile Banking,Fuel
T02153,A0080,CREDIT,353232.28,2025-01-09,Mobile Banking,Education
T09408,A0248,CREDIT,432654.16,2025-12-18,Debit Card,Travel
T02701,A0553,CREDIT,478955.57,2024-02-03,Mobile Banking,Healthcare
T00315,A0326,DEBIT,90418.17,2026-04-05,Mobile Banking,Education
T09038,A0147,CREDIT,186155.48,2026-05-23,Credit Card,Healthcare
T00409,A0328,CREDIT,195360.73,2026-01-08,Credit Card,Online Shopping
T03334,A0365,CREDIT,35899.0,2024-05-21,Credit Card,Education
T04463,A0231,CREDIT,288002.72,2024-01-30,Mobile Banking,Online Shopping
T02272,A0426,DEBIT,390737.33,2025-07-07,UPI,Retail
T05483,A0254,CREDIT,60740.43,2025-08-16,Mobile Banking,Travel
T08285,A0179,DEBIT,216666.08,2026-01-08,Credit Card,Travel
T06281,A0275,DEBIT,273084.49,2024-02-28,Credit Card,Fuel
T00037,A0157,CREDIT,185796.53,2025-01-18,Debit Card,Restaurant
T03055,A0257,DEBIT,73654.72,2026-06-11,UPI,Travel
T05112,A0061,DEBIT,88921.79,2026-04-02,Debit Card,Fuel
T07723,A0058,DEBIT,490703.75,2025-06-08,Mobile Banking,Fuel
T01407,A0255,CREDIT,320104.05,2026-02-11,UPI,Online Shopping
T04716,A0106,CREDIT,126660.98,2026-02-04,Credit Card,Retail
T02946,A0046,CREDIT,365493.92,2026-06-27,Mobile Banking,Online Shopping
T02080,A0004,DEBIT,174170.08,2026-08-18,UPI,Travel
T00598,A0559,CREDIT,188045.38,2026-06-15,Credit Card,Online Shopping
T06643,A0211,DEBIT,96846.66,2024-02-29,Net Banking,Education
T07531,A0454,DEBIT,281789.42,2025-12-13,UPI,Online Shopping
T00525,A0381,CREDIT,389779.33,2024-05-05,UPI,Utilities
T01114,A0399,DEBIT,472011.15,2025-11-15,Net Banking,Online Shopping
T03877,A0277,CREDIT,244491.71,2025-03-18,Mobile Banking,Fuel
T05019,A0494,DEBIT,349981.34,2024-07-17,Credit Card,Retail
T00849,A0206,CREDIT,150711.04,2024-03-23,ATM,Travel
T00118,A0219,CREDIT,240425.03,2026-02-25,Debit Card,Healthcare
T01404,A0022,CREDIT,196963.46,2024-06-20,UPI,Entertainment
T07753,A0068,CREDIT,442191.17,2026-03-18,Credit Card,Retail
T00174,A0281,DEBIT,333361.8,2024-03-09,Mobile Banking,Travel
T08391,A0140,DEBIT,446181.33,2025-07-08,ATM,Online Shopping
T01684,A0516,CREDIT,37620.86,2025-11-15,ATM,Fuel
T00354,A0235,CREDIT,66234.68,2024-02-09,Debit Card,Travel
T08347,A0331,DEBIT,309867.63,2026-07-30,Credit Card,Travel
T09154,A0554,CREDIT,301478.73,2025-12-19,ATM,Travel
T00938,A0567,CREDIT,485221.57,2024-02-27,Credit Card,Fuel
T01808,A0562,CREDIT,86715.84,2026-06-23,UPI,Restaurant
T04441,A0191,DEBIT,72098.17,2025-04-18,Mobile Banking,Healthcare
T02064,A0105,CREDIT,49954.96,2024-03-26,UPI,Entertainment
T06562,A0233,DEBIT,334573.92,2025-11-04,Credit Card,Grocery
T09601,A9999,DEBIT,46051.91,2026-07-25,ATM,Travel
T06561,A0063,DEBIT,424039.7,2024-03-07,Debit Card,Online Shopping
T05579,A0267,DEBIT,370101.1,2024-03-19,UPI,Education
T06907,A0066,CREDIT,198538.99,2025-10-14,ATM,Grocery
T05848,A0328,DEBIT,436832.83,2024-08-14,ATM,Online Shopping
T05234,A0203,CREDIT,177114.45,2025-01-25,Mobile Banking,Entertainment
T06381,A0329,CREDIT,51078.53,2026-06-28,Mobile Banking,Online Shopping
T06095,A0066,CREDIT,217335.96,2025-07-12,Net Banking,Restaurant
T04355,A0387,DEBIT,59851.23,2024-01-28,UPI,Utilities
T07557,A0302,DEBIT,205368.71,2026-03-14,Mobile Banking,Restaurant
T00671,A0313,CREDIT,61461.75,2026-01-12,ATM,Retail
T02807,A0439,CREDIT,168796.72,2024-02-07,ATM,Travel
T09817,A0476,CREDIT,12726.6,bad-date,Debit Card,Retail
T06942,A0259,DEBIT,392618.96,2026-01-09,Mobile Banking,Entertainment
T07754,A0289,CREDIT,64380.47,2025-12-17,Debit Card,Fuel
T08554,A0368,DEBIT,266154.99,2024-07-12,Net Banking,Entertainment
T06737,A0215,CREDIT,78107.79,2024-06-16,UPI,Online Shopping
T05091,A0315,CREDIT,50462.65,2024-11-28,Mobile Banking,Entertainment
T00071,A0326,DEBIT,317621.42,2026-02-09,Mobile Banking,Entertainment
T05472,A0554,CREDIT,236840.96,2024-02-26,Mobile Banking,Restaurant
T04550,A0156,DEBIT,387740.61,2024-08-13,Net Banking,Healthcare
T08037,A0319,CREDIT,167363.81,2026-06-27,UPI,Fuel
T00078,A0397,CREDIT,419588.98,2026-04-11,Mobile Banking,Retail
T08893,A0111,DEBIT,334640.74,2024-06-18,ATM,Entertainment
T07408,A0003,CREDIT,318044.18,2026-08-10,Debit Card,Restaurant
T00847,A0342,CREDIT,485165.53,2024-11-12,ATM,Utilities
T01744,A0560,CREDIT,170159.02,2024-06-17,Debit Card,Online Shopping
T07264,A0335,CREDIT,312845.5,2024-12-28,Credit Card,Restaurant
T08176,A0395,CREDIT,159152.21,2026-03-31,Net Banking,Entertainment
T07271,A0255,DEBIT,54031.11,2025-03-10,Mobile Banking,Utilities
T03892,A0351,CREDIT,474296.91,2025-11-16,Credit Card,Travel
T05607,A0137,DEBIT,383772.59,2025-10-09,Credit Card,Fuel
T09324,A0447,CREDIT,497021.74,2026-06-09,Debit Card,Grocery
T00463,A0219,DEBIT,284146.46,2025-09-07,Credit Card,Retail
T08549,A0193,DEBIT,212787.08,2025-06-14,Debit Card,Retail
T02872,A0132,CREDIT,191977.44,2025-02-11,UPI,Entertainment
T01665,A0375,DEBIT,318424.83,2025-08-05,ATM,Grocery
T04073,A0513,DEBIT,333855.55,2025-03-06,Net Banking,Entertainment
T05419,A0261,CREDIT,318330.18,2025-08-06,UPI,Healthcare
T02684,A0413,CREDIT,227775.29,2024-07-30,ATM,Retail
T01491,A0168,DEBIT,48892.39,2026-08-12,Debit Card,Restaurant
T08657,A0121,DEBIT,27532.33,2025-11-17,Debit Card,Travel
T00926,A0027,CREDIT,440097.28,2025-07-31,Debit Card,Restaurant
T07476,A0282,CREDIT,37612.44,2026-03-30,Debit Card,Utilities
T02401,A0259,CREDIT,300766.35,2026-08-18,UPI,Healthcare
T07190,A0557,CREDIT,53287.79,2025-12-02,ATM,Retail
T07592,A0154,DEBIT,218424.37,2025-12-26,UPI,Restaurant
T07219,A0055,DEBIT,276739.53,2026-05-13,Mobile Banking,Retail
T07251,A0309,CREDIT,301392.47,2024-07-24,ATM,Healthcare
T05780,A0108,CREDIT,406372.73,2025-06-05,Credit Card,Retail
T01254,A0385,CREDIT,314482.28,2025-10-23,Debit Card,Healthcare
T01905,A0290,DEBIT,191926.97,2024-09-11,Mobile Banking,Restaurant
T01787,A0532,CREDIT,332612.14,2024-06-30,ATM,Utilities
T09260,A0472,DEBIT,197700.34,2025-10-11,Credit Card,Grocery
T02250,A0277,DEBIT,131970.8,2025-06-22,Mobile Banking,Education
T05960,A0419,CREDIT,157719.9,2024-01-31,Credit Card,Retail
T07781,A0497,CREDIT,52029.69,2026-08-08,Debit Card,Online Shopping
T02365,A0536,CREDIT,428164.67,2026-04-12,Debit Card,Travel
T02759,A0173,DEBIT,223666.34,2025-07-19,Credit Card,Travel
T08109,A0288,DEBIT,439521.98,2026-01-14,UPI,Education
T00062,A0568,CREDIT,123233.42,2025-07-22,Mobile Banking,Grocery
T06431,A0120,DEBIT,323029.71,2026-03-29,Debit Card,Fuel
T01957,A0457,CREDIT,497108.59,2025-02-22,Debit Card,Grocery
T05376,A0245,CREDIT,410416.6,2026-07-07,UPI,Online Shopping
T05945,A0238,CREDIT,159351.81,2024-11-12,Credit Card,Restaurant
T07526,A0217,DEBIT,33009.61,2024-02-19,Debit Card,Retail
T08447,A0357,DEBIT,382762.89,2026-04-07,Credit Card,Education
T08452,A0335,CREDIT,435629.58,2025-09-23,UPI,Restaurant
T05238,A0069,CREDIT,295977.13,2026-07-31,UPI,Grocery
T09489,A0348,CREDIT,156099.8,2026-03-21,Debit Card,Healthcare
T05077,A0254,CREDIT,34447.96,2024-12-04,Credit Card,Utilities
T02768,A0182,CREDIT,80245.02,2026-05-06,Credit Card,Online Shopping
T00489,A0008,DEBIT,391119.81,2025-06-03,Debit Card,Restaurant
T06917,A0320,DEBIT,188995.25,2024-05-02,Credit Card,Travel
T09638,A9999,DEBIT,43934.69,2026-05-01,UPI,Restaurant
T08461,A0482,DEBIT,346927.43,2024-09-06,Net Banking,Retail
T09357,A0202,CREDIT,468349.41,2026-07-17,UPI,Travel
T01341,A0250,DEBIT,400632.52,2024-07-12,Mobile Banking,Entertainment
T02817,A0331,CREDIT,421936.87,2025-10-14,Debit Card,Fuel
T08344,A0557,DEBIT,479205.92,2024-10-13,UPI,Utilities
T01269,A0377,CREDIT,198651.03,2024-06-04,Net Banking,Retail
T08970,A0480,DEBIT,209258.44,2026-03-04,Mobile Banking,Fuel
T07704,A0396,CREDIT,247183.85,2024-02-04,UPI,Retail
T01034,A0447,CREDIT,483149.65,2025-05-31,ATM,Healthcare
T09316,A0142,DEBIT,35526.39,2025-05-21,UPI,Healthcare
T00137,A0406,CREDIT,153068.92,2026-06-29,Credit Card,Fuel
T01840,A0127,DEBIT,307164.15,2025-05-05,ATM,Education
T06847,A0210,DEBIT,180871.78,2025-05-31,ATM,Fuel
T07666,A0358,DEBIT,245086.59,2025-03-12,UPI,Healthcare
T07673,A0134,CREDIT,379312.92,2025-04-30,Net Banking,Online Shopping
T09452,A0297,DEBIT,316949.26,2026-07-24,Net Banking,Travel
T00546,A0490,DEBIT,488177.09,2024-11-25,Mobile Banking,Entertainment
T04853,A0264,CREDIT,157181.61,2024-02-16,Mobile Banking,Grocery
T01847,A0378,DEBIT,446531.96,2024-11-11,Net Banking,Online Shopping
T02505,A0317,CREDIT,477380.27,2026-08-03,ATM,Grocery
T02174,A0181,DEBIT,444601.15,2025-06-01,Credit Card,Restaurant
T08075,A0429,DEBIT,499644.7,2025-02-17,ATM,Online Shopping
T09047,A0308,DEBIT,43036.94,2024-07-06,ATM,Travel
T05071,A0170,CREDIT,68808.7,2024-08-14,UPI,Entertainment
T07283,A0159,CREDIT,232345.3,2024-09-14,Debit Card,Grocery
T06920,A0406,DEBIT,101586.94,2026-06-04,Net Banking,Grocery
T04613,A0410,DEBIT,184111.18,2024-05-08,Debit Card,Education
T05266,A0370,CREDIT,353360.12,2024-10-30,ATM,Online Shopping
T09740,A0513,TRANSFER,28728.03,2023-07-20,UPI,Entertainment
T00283,A0365,DEBIT,89898.48,2024-02-23,UPI,Education
T05304,A0457,CREDIT,98930.61,2024-07-20,UPI,Education
T00528,A0106,DEBIT,358161.19,2026-08-26,Mobile Banking,Online Shopping
T08007,A0321,CREDIT,436765.61,2026-05-13,Debit Card,Healthcare
T06986,A0272,CREDIT,342645.45,2024-11-11,ATM,Retail
T04356,A0300,DEBIT,277.71,2026-03-28,Net Banking,Entertainment
T01322,A0029,DEBIT,34642.89,2024-07-04,Credit Card,Restaurant
T03644,A0287,CREDIT,404274.07,2026-02-11,Debit Card,Retail
T00068,A0523,DEBIT,22837.82,2026-01-26,Net Banking,Fuel
T05787,A0114,CREDIT,133217.58,2025-09-03,Credit Card,Grocery
T03263,A0514,CREDIT,60945.14,2026-06-10,Mobile Banking,Grocery
T05330,A0143,CREDIT,416856.31,2026-03-03,ATM,Grocery
T09672,A0147,DEBIT,-5094.18,2023-09-07,Debit Card,Healthcare
T01831,A0335,CREDIT,75149.03,2024-10-20,Credit Card,Grocery
T01515,A0326,CREDIT,91391.22,2024-08-05,Net Banking,Online Shopping
T00981,A0335,DEBIT,141394.95,2024-12-07,Mobile Banking,Online Shopping
T08217,A0315,CREDIT,89025.57,2026-02-02,Credit Card,Education
T06391,A0115,DEBIT,407897.31,2026-01-28,Net Banking,Grocery
T08905,A0082,CREDIT,177921.05,2025-01-09,Net Banking,Education
T06375,A0140,DEBIT,113189.89,2026-06-09,Mobile Banking,Retail
T03494,A0275,CREDIT,393295.8,2025-07-29,Mobile Banking,Travel
T06580,A0497,CREDIT,98219.88,2026-04-28,Credit Card,Restaurant
T00755,A0316,DEBIT,204964.79,2025-08-09,ATM,Education
T08043,A0321,DEBIT,294024.95,2025-01-08,Net Banking,Grocery
T05777,A0210,DEBIT,352851.42,2024-07-03,Credit Card,Healthcare
T05660,A0172,CREDIT,78925.79,2026-01-28,Debit Card,Education
T03973,A0331,CREDIT,299432.96,2024-04-02,ATM,Education
T05770,A0322,DEBIT,310761.66,2026-01-26,Net Banking,Retail
T08550,A0091,CREDIT,133638.15,2025-10-06,Credit Card,Education
T00629,A0238,CREDIT,332663.96,2025-05-26,Mobile Banking,Entertainment
T01755,A0242,DEBIT,396746.4,2024-03-29,Debit Card,Travel
T03477,A0536,DEBIT,280632.95,2026-06-29,Credit Card,Utilities
T00490,A0271,DEBIT,419258.24,2026-03-25,Credit Card,Travel
T00837,A0382,DEBIT,329186.57,2026-07-11,UPI,Utilities
T05260,A0474,CREDIT,392600.16,2026-04-15,Net Banking,Utilities
T08074,A0084,DEBIT,428349.14,2025-09-19,Mobile Banking,Entertainment
T02890,A0268,DEBIT,62638.67,2026-08-18,Net Banking,Education
T07801,A0060,DEBIT,71976.97,2026-08-26,ATM,Online Shopping
T06399,A0451,DEBIT,441177.73,2024-01-16,UPI,Utilities
T02772,A0057,DEBIT,487810.67,2026-06-10,ATM,Healthcare
T01349,A0522,DEBIT,323055.88,2026-02-12,Mobile Banking,Grocery
T00469,A0204,DEBIT,470976.63,2025-05-08,Credit Card,Education
T08559,A0201,CREDIT,411607.79,2025-09-10,UPI,Entertainment
T08683,A0015,CREDIT,199999.78,2024-05-25,Credit Card,Retail
T08345,A0060,CREDIT,384786.8,2024-12-14,UPI,Travel
T02592,A0168,DEBIT,378455.46,2026-02-06,Mobile Banking,Grocery
T02986,A0164,CREDIT,360492.93,2026-06-07,Debit Card,Grocery
T06875,A0386,CREDIT,457922.52,2025-03-18,Net Banking,Fuel
T09656,A0192,DEBIT,-5316.5,2026-08-09,Net Banking,Healthcare
T05049,A0326,DEBIT,195232.7,2026-03-28,Net Banking,Online Shopping
T09646,A0336,CREDIT,-5056.87,2026-01-23,Credit Card,Online Shopping
T02599,A0523,DEBIT,250349.21,2025-05-09,Debit Card,Grocery
T03996,A0459,DEBIT,137959.89,2026-04-25,UPI,Travel
T09058,A0222,DEBIT,458696.11,2025-08-07,UPI,Restaurant
T08169,A0336,CREDIT,403418.97,2026-06-30,Credit Card,Education
T07714,A0416,DEBIT,464046.48,2024-05-18,Mobile Banking,Healthcare
T06155,A0455,CREDIT,300340.64,2024-06-09,Net Banking,Retail
T05493,A0192,CREDIT,416888.55,2024-07-06,Net Banking,Utilities
T07888,A0326,DEBIT,365959.22,2025-11-19,Mobile Banking,Restaurant
T01443,A0307,CREDIT,121322.85,2025-09-30,Credit Card,Online Shopping
T08158,A0357,DEBIT,422950.9,2024-08-28,Net Banking,Fuel
T07369,A0058,CREDIT,144558.68,2024-11-22,Credit Card,Online Shopping
T03573,A0546,DEBIT,52189.36,2024-08-09,Credit Card,Retail
T09024,A0450,CREDIT,399478.68,2025-06-04,Net Banking,Retail
T05868,A0236,DEBIT,147914.34,2026-02-15,Mobile Banking,Travel
T06675,A0558,CREDIT,224846.55,2026-01-09,UPI,Utilities
T04308,A0323,CREDIT,79395.15,2024-08-31,Debit Card,Utilities
T05347,A0191,CREDIT,453282.02,2026-07-02,Credit Card,Entertainment
T08775,A0322,DEBIT,12070.18,2024-02-11,Credit Card,Healthcare
T07000,A0406,DEBIT,296267.49,2025-02-18,Credit Card,Travel
T03601,A0539,DEBIT,416332.12,2025-05-03,Debit Card,Fuel
T06750,A0559,CREDIT,490902.01,2026-07-25,Debit Card,Entertainment
T05870,A0273,CREDIT,421504.07,2025-07-29,Debit Card,Education
T07217,A0198,DEBIT,253527.92,2024-04-01,Credit Card,Grocery
T07094,A0136,CREDIT,418758.95,2024-11-09,Debit Card,Restaurant
T04869,A0493,CREDIT,318290.81,2026-07-25,Mobile Banking,Education
T03403,A0228,DEBIT,158396.23,2025-10-15,Debit Card,Retail
T00801,A0080,CREDIT,68573.77,2026-04-06,Credit Card,Healthcare
T06492,A0106,DEBIT,177508.06,2025-05-04,Credit Card,Entertainment
T09821,A0142,DEBIT,41330.65,bad-date,Net Banking,Entertainment
T09409,A0295,CREDIT,364145.67,2025-01-27,ATM,Education
T09533,,CREDIT,28478.98,2024-06-06,Credit Card,Online Shopping
T05265,A0480,CREDIT,220236.07,2024-05-26,Credit Card,Grocery
T00453,A0133,DEBIT,183429.46,2026-05-15,Net Banking,Utilities
T01470,A0426,CREDIT,243498.41,2024-12-08,ATM,Retail
T00193,A0195,CREDIT,467170.25,2025-02-08,Credit Card,Online Shopping
T08778,A0091,CREDIT,415867.87,2024-11-21,Credit Card,Utilities
T07281,A0164,CREDIT,283130.88,2024-02-15,Credit Card,Restaurant
T00936,A0013,CREDIT,370714.79,2025-01-07,Mobile Banking,Retail
T05314,A0041,DEBIT,396635.63,2026-07-29,ATM,Education
T04921,A0506,CREDIT,355376.35,2026-06-14,Debit Card,Utilities
T05969,A0257,DEBIT,109018.01,2026-05-05,ATM,Entertainment
T03004,A0172,DEBIT,226776.21,2024-05-21,Debit Card,Fuel
T04649,A0204,CREDIT,235018.08,2025-06-09,Credit Card,Travel
T01209,A0270,CREDIT,439100.51,2025-08-12,ATM,Online Shopping
T05877,A0054,DEBIT,126642.06,2024-09-20,Credit Card,Fuel
T00699,A0344,DEBIT,448706.37,2025-01-18,Credit Card,Restaurant
T06696,A0007,CREDIT,298686.17,2025-03-16,Credit Card,Utilities
T02622,A0160,DEBIT,341903.08,2025-09-23,UPI,Education
T04284,A0050,CREDIT,105700.71,2025-11-24,Credit Card,Education
T02784,A0103,DEBIT,9984.43,2024-03-29,Credit Card,Fuel
T03250,A0556,DEBIT,260346.15,2026-07-25,Debit Card,Healthcare
T04381,A0096,CREDIT,119253.9,2026-08-17,Net Banking,Travel
T05555,A0239,DEBIT,361445.94,2025-02-06,Mobile Banking,Utilities
T01136,A0195,DEBIT,126787.4,2024-01-11,Mobile Banking,Healthcare
T03140,A0359,CREDIT,229014.81,2026-05-21,Credit Card,Utilities
T06827,A0285,CREDIT,485177.6,2025-02-23,Credit Card,Retail
T08134,A0095,CREDIT,491459.41,2024-01-20,ATM,Healthcare
T00542,A0050,DEBIT,37613.58,2024-12-03,Mobile Banking,Fuel
T06323,A0535,CREDIT,227593.02,2024-01-31,ATM,Utilities
T02460,A0327,CREDIT,63355.61,2025-02-08,UPI,Online Shopping
T03059,A0451,DEBIT,235635.38,2025-06-29,Credit Card,Entertainment
T06447,A0510,DEBIT,35670.96,2025-03-19,Mobile Banking,Restaurant
T06987,A0460,DEBIT,259229.85,2026-05-26,ATM,Grocery
T00255,A0517,CREDIT,64017.89,2026-03-26,UPI,Restaurant
T05511,A0104,CREDIT,200505.58,2025-06-01,UPI,Online Shopping
T08982,A0157,DEBIT,386901.53,2025-06-25,ATM,Retail
T03328,A0069,CREDIT,13348.71,2025-08-12,ATM,Education
T03715,A0285,CREDIT,398174.74,2025-01-16,Credit Card,Utilities
T05418,A0071,DEBIT,29528.68,2025-10-19,UPI,Travel
T03009,A0107,CREDIT,490472.0,2025-12-16,Net Banking,Entertainment
T06829,A0158,DEBIT,499464.8,2024-01-12,Debit Card,Fuel
T07237,A0360,CREDIT,310530.4,2026-08-26,Credit Card,Travel
T05496,A0008,CREDIT,345161.71,2025-11-02,Net Banking,Online Shopping
,A0342,CREDIT,23159.7,2025-01-16,Mobile Banking,Grocery
T08100,A0540,CREDIT,137599.71,2024-04-10,ATM,Restaurant
T06785,A0430,DEBIT,181440.45,2025-04-13,ATM,Grocery
T05626,A0269,CREDIT,171310.08,2026-01-01,UPI,Grocery
T04338,A0492,CREDIT,79891.75,2026-07-30,Credit Card,Retail
T02218,A0001,CREDIT,9178.26,2024-06-21,Credit Card,Grocery
T03755,A0201,CREDIT,409580.21,2026-06-05,Credit Card,Travel
T03226,A0222,CREDIT,37049.32,2024-09-14,Net Banking,Online Shopping
T01379,A0248,DEBIT,304842.64,2026-07-02,ATM,Travel
T05681,A0093,DEBIT,340059.57,2025-03-09,Credit Card,Education
T02811,A0139,CREDIT,367474.29,2025-03-06,Credit Card,Entertainment
T01078,A0137,DEBIT,51902.65,2026-01-23,Debit Card,Fuel
T03395,A0357,DEBIT,163641.81,2025-12-23,ATM,Education
T03537,A0180,CREDIT,53622.78,2024-09-18,ATM,Entertainment
T03098,A0103,DEBIT,164701.87,2025-10-09,UPI,Utilities
T04330,A0346,CREDIT,200265.49,2025-04-13,Net Banking,Retail
T06672,A0451,CREDIT,357231.22,2024-10-17,ATM,Online Shopping
T05253,A0462,CREDIT,180420.03,2026-03-18,Debit Card,Grocery
T00942,A0136,DEBIT,30526.47,2024-08-21,ATM,Fuel
T08091,A0497,DEBIT,258454.05,2026-03-28,Debit Card,Utilities
T06807,A0451,CREDIT,449700.94,2024-09-20,Credit Card,Utilities
T09101,A0107,DEBIT,469437.03,2024-07-10,UPI,Restaurant
T05250,A0058,CREDIT,474508.18,2026-01-24,Mobile Banking,Utilities
T06777,A0160,DEBIT,44427.75,2026-07-18,UPI,Retail
T09056,A0272,CREDIT,154538.17,2024-12-16,ATM,Restaurant
T05769,A0301,CREDIT,330949.58,2024-10-16,UPI,Grocery
T06079,A0405,CREDIT,430330.54,2026-07-27,Credit Card,Utilities
T08060,A0525,CREDIT,96071.76,2026-08-28,ATM,Grocery
T03387,A0159,DEBIT,395175.88,2025-11-03,UPI,Healthcare
T03362,A0511,CREDIT,25266.97,2025-08-14,Mobile Banking,Retail
T01884,A0027,CREDIT,233687.51,2025-06-11,Credit Card,Education
T04973,A0406,DEBIT,325864.1,2024-09-24,Mobile Banking,Restaurant
T00999,A0367,DEBIT,207622.42,2024-08-03,UPI,Education
T02417,A0568,DEBIT,85567.5,2025-08-21,Mobile Banking,Restaurant
T03127,A0461,DEBIT,13012.64,2024-05-11,Net Banking,Grocery
T04648,A0329,DEBIT,207437.59,2025-03-21,Mobile Banking,Utilities
T00694,A0063,DEBIT,487643.64,2024-01-17,Mobile Banking,Utilities
T00220,A0159,CREDIT,2189.86,2026-06-01,Net Banking,Utilities
T07863,A0371,CREDIT,42763.7,2025-11-12,Credit Card,Utilities
T02953,A0402,CREDIT,24864.54,2026-01-03,Net Banking,Healthcare
T03204,A0086,CREDIT,196886.35,2026-03-11,Net Banking,Travel
T09181,A0113,DEBIT,174747.14,2025-07-18,Net Banking,Entertainment
T02902,A0073,CREDIT,257866.64,2024-07-17,ATM,Entertainment
T07029,A0325,CREDIT,413784.83,2025-03-07,Net Banking,Education
T01476,A0202,DEBIT,384878.95,2026-01-18,UPI,Entertainment
T04797,A0097,CREDIT,101272.05,2025-10-31,Debit Card,Travel
T04882,A0190,CREDIT,307208.13,2024-07-12,UPI,Entertainment
T04824,A0404,CREDIT,22622.75,2024-07-04,ATM,Entertainment
T02142,A0427,DEBIT,4367.22,2025-10-24,Net Banking,Healthcare
T09227,A0269,DEBIT,18030.11,2026-04-20,Debit Card,Grocery
T02786,A0294,CREDIT,222703.63,2024-09-30,Debit Card,Online Shopping
T03561,A0250,CREDIT,223258.97,2024-03-14,UPI,Utilities
T01074,A0164,CREDIT,161447.61,2024-04-24,ATM,Fuel
T07375,A0398,CREDIT,415224.65,2024-10-07,ATM,Travel
T04076,A0046,CREDIT,458238.68,2026-02-22,Credit Card,Online Shopping
T02673,A0347,CREDIT,363341.9,2026-07-31,Credit Card,Entertainment
T08950,A0283,CREDIT,235410.36,2025-02-18,Debit Card,Entertainment
T01289,A0031,CREDIT,248761.98,2026-04-30,Credit Card,Healthcare
T07881,A0135,CREDIT,405060.8,2026-03-24,Net Banking,Entertainment
T06548,A0507,DEBIT,303515.07,2025-03-03,UPI,Utilities
T07991,A0506,DEBIT,385085.24,2026-08-12,Mobile Banking,Travel
T06232,A0353,CREDIT,421248.68,2025-08-12,Mobile Banking,Utilities
T05220,A0365,DEBIT,33376.79,2023-08-22,UPI,Restaurant
T04245,A0146,DEBIT,98825.94,2025-04-12,Debit Card,Travel
T07946,A0046,CREDIT,391545.44,2024-04-05,Debit Card,Entertainment
T04554,A0199,DEBIT,14785.39,2026-01-03,Net Banking,Fuel
T04941,A0531,DEBIT,323150.27,2024-01-26,UPI,Retail
T05508,A0152,CREDIT,442039.49,2024-03-31,ATM,Online Shopping
T03824,A0336,DEBIT,326138.62,2024-06-07,ATM,Restaurant
T03453,A0358,CREDIT,337204.16,2026-01-29,ATM,Retail
T07571,A0302,DEBIT,8979.52,2024-08-26,Net Banking,Education
T04752,A0083,CREDIT,326606.48,2024-02-13,Mobile Banking,Fuel
T03314,A0190,CREDIT,22637.12,2024-04-07,Mobile Banking,Fuel
T02579,A0033,CREDIT,232377.67,2024-06-26,ATM,Retail
T00362,A0259,DEBIT,181854.26,2024-11-07,UPI,Online Shopping
T01718,A0230,DEBIT,164012.51,2024-06-12,UPI,Healthcare
T03833,A0158,DEBIT,20547.36,2026-06-30,Credit Card,Entertainment
T02349,A0004,DEBIT,315940.97,2024-11-30,ATM,Restaurant
T06773,A0181,DEBIT,334598.97,2025-07-20,Debit Card,Retail
T01432,A0068,CREDIT,429434.44,2024-09-28,Mobile Banking,Entertainment
T04866,A0216,DEBIT,11561.16,2026-04-07,Debit Card,Grocery
T01164,A0472,DEBIT,222002.05,2025-02-01,Credit Card,Utilities
T01343,A0555,CREDIT,73141.59,2024-05-10,Net Banking,Grocery
T07192,A0227,CREDIT,45380.51,2024-06-11,Net Banking,Retail
T08505,A0101,DEBIT,185060.38,2024-06-15,ATM,Entertainment
T06813,A0334,CREDIT,283992.6,2025-11-17,Mobile Banking,Grocery
T09031,A0560,DEBIT,270662.82,2025-02-10,Credit Card,Online Shopping
T07771,A0552,DEBIT,392929.65,2026-01-22,Credit Card,Online Shopping
T09800,A0069,CREDIT,14988.56,2023-12-09,Telegram,Online Shopping
T02766,A0020,CREDIT,307300.16,2024-02-21,Mobile Banking,Online Shopping
T02631,A0394,DEBIT,240612.78,2026-03-04,UPI,Education
T02605,A0284,DEBIT,321444.76,2024-03-31,UPI,Online Shopping
T06697,A0331,DEBIT,169975.28,2024-11-14,Mobile Banking,Travel
T01623,A0248,CREDIT,415224.78,2024-10-09,Debit Card,Grocery
T00305,A0410,DEBIT,41718.71,2024-09-17,Mobile Banking,Healthcare
T09842,A0108,CREDIT,9447.57,bad-date,UPI,Entertainment
T06666,A0488,DEBIT,111362.97,2024-01-25,Net Banking,Entertainment
T05199,A0254,CREDIT,173983.2,2025-05-11,Debit Card,Education
T01098,A0200,CREDIT,489893.0,2026-03-03,ATM,Grocery
T05843,A0062,CREDIT,433165.9,2026-07-01,UPI,Restaurant
T01215,A0441,CREDIT,337050.11,2026-07-09,Mobile Banking,Entertainment
T03306,A0021,CREDIT,302589.92,2025-02-05,ATM,Fuel
T00226,A0395,DEBIT,367858.54,2024-09-05,Credit Card,Retail
T08082,A0278,DEBIT,462015.48,2025-01-21,Net Banking,Fuel
T04851,A0470,CREDIT,27775.75,2026-04-02,Debit Card,Online Shopping
T09653,A0039,CREDIT,-628.52,2025-06-07,Debit Card,Grocery
T04170,A0396,CREDIT,478626.71,2025-09-20,Credit Card,Entertainment
T07321,A0114,CREDIT,390220.6,2025-01-24,ATM,Restaurant
T07597,A0031,CREDIT,246351.16,2024-09-18,UPI,Fuel
T07961,A0445,CREDIT,284531.66,2024-08-13,UPI,Education
T00873,A0274,CREDIT,146690.52,2025-03-03,UPI,Entertainment
T01577,A0273,DEBIT,443205.46,2024-06-10,Net Banking,Education
T06260,A0179,CREDIT,155538.55,2025-05-21,Net Banking,Fuel
T05162,A0011,DEBIT,367013.94,2024-09-14,UPI,Entertainment
T03583,A0294,CREDIT,83020.05,2024-05-23,ATM,Restaurant
T01806,A0142,CREDIT,65421.1,2024-01-29,Mobile Banking,Online Shopping
T06096,A0078,DEBIT,249911.11,2024-03-26,Mobile Banking,Grocery
T03729,A0151,CREDIT,370213.0,2025-12-30,ATM,Utilities
T03406,A0196,CREDIT,267631.92,2025-07-31,Credit Card,Grocery
T09302,A0512,CREDIT,130212.7,2025-11-27,Net Banking,Education
T03866,A0371,CREDIT,326845.19,2025-02-16,UPI,Grocery
T00056,A0186,CREDIT,356678.98,2024-11-01,Credit Card,Online Shopping
T08083,A0335,CREDIT,294991.33,2026-04-19,Net Banking,Online Shopping
T07407,A0162,DEBIT,339695.02,2026-07-27,UPI,Restaurant
T05516,A0307,CREDIT,241715.39,2026-04-06,Debit Card,Travel
T06792,A0209,DEBIT,82541.24,2025-09-02,UPI,Entertainment
T04038,A0173,CREDIT,215694.98,2026-07-23,ATM,Restaurant
T04781,A0512,DEBIT,108753.46,2025-03-23,ATM,Education
T03037,A0425,DEBIT,176514.82,2024-11-28,UPI,Grocery
T08136,A0487,CREDIT,274390.43,2026-05-28,Credit Card,Online Shopping
T06230,A0350,DEBIT,43248.02,2024-07-21,ATM,Healthcare
T02478,A0085,DEBIT,403638.24,2024-09-19,UPI,Healthcare
T03893,A0483,DEBIT,353800.24,2026-03-30,UPI,Grocery
T02243,A0474,DEBIT,337243.13,2025-03-12,Debit Card,Travel
T07458,A0418,CREDIT,147536.41,2024-08-13,Debit Card,Retail
T01260,A0411,CREDIT,262387.2,2025-10-19,Credit Card,Grocery
T00749,A0436,CREDIT,88179.6,2024-11-22,Mobile Banking,Online Shopping
T07200,A0169,CREDIT,127892.79,2025-07-10,UPI,Retail
T06678,A0014,CREDIT,166093.32,2025-04-04,Debit Card,Healthcare
T02330,A0079,DEBIT,374616.72,2025-06-07,Mobile Banking,Online Shopping
T06596,A0510,CREDIT,408630.21,2025-07-02,ATM,Restaurant
T00236,A0296,DEBIT,85400.06,2025-01-18,ATM,Grocery
T01579,A0324,DEBIT,303180.03,2026-08-06,Mobile Banking,Retail
T09647,A0163,DEBIT,-2041.5,2023-02-17,Mobile Banking,Retail
T02225,A0472,DEBIT,347756.89,2025-06-27,Net Banking,Fuel
T06806,A0260,CREDIT,469412.38,2024-08-27,UPI,Retail
T02194,A0051,DEBIT,22876.28,2024-07-10,Credit Card,Fuel
T09538,,DEBIT,11617.72,2023-10-08,Debit Card,Fuel
T09686,A0292,DEBIT,-1164.39,2023-07-14,ATM,Travel
T08266,A0354,DEBIT,13287.6,2025-10-28,Debit Card,Grocery
T08881,A0478,CREDIT,312602.05,2024-09-22,Debit Card,Healthcare
T02183,A0200,CREDIT,212768.77,2025-09-10,Debit Card,Travel
T00165,A0211,DEBIT,216157.12,2025-12-27,Mobile Banking,Entertainment
T06929,A0262,DEBIT,433637.05,2025-01-04,Net Banking,Restaurant
T03420,A0389,DEBIT,98218.7,2025-04-14,Net Banking,Travel
T04022,A0229,CREDIT,417475.42,2025-09-20,Net Banking,Retail
T04536,A0040,DEBIT,114069.68,2025-04-13,Debit Card,Utilities
T07721,A0247,DEBIT,140847.31,2026-07-01,ATM,Grocery
T03379,A0522,CREDIT,142992.04,2025-10-15,UPI,Retail
T08684,A0195,DEBIT,285604.49,2024-09-15,UPI,Retail
T04131,A0095,CREDIT,415426.55,2026-04-14,Net Banking,Fuel
T00039,A0050,DEBIT,444539.7,2024-08-08,ATM,Entertainment
T08321,A0149,DEBIT,40703.69,2024-04-07,Net Banking,Fuel
T03971,A0387,DEBIT,353888.2,2025-11-27,UPI,Healthcare
T07865,A0333,CREDIT,112446.55,2025-08-18,Credit Card,Healthcare
T06092,A0490,CREDIT,24908.03,2024-05-10,Net Banking,Travel
T09507,,DEBIT,1519.64,2025-01-02,UPI,Grocery
T07275,A0522,CREDIT,8376.83,2024-11-11,ATM,Utilities
T06099,A0447,DEBIT,168064.69,2025-09-06,ATM,Grocery
T04707,A0113,CREDIT,277228.22,2024-02-19,Mobile Banking,Online Shopping
T06166,A0035,DEBIT,370405.89,2024-01-25,Debit Card,Online Shopping
T08373,A0346,CREDIT,419593.67,2024-10-16,Net Banking,Utilities
T06815,A0481,CREDIT,398173.73,2024-04-30,Mobile Banking,Fuel
T00052,A0185,DEBIT,12126.06,2025-06-24,Debit Card,Healthcare
T02012,A0415,CREDIT,194268.3,2025-04-15,UPI,Education
T00070,A0570,DEBIT,439151.82,2024-08-03,Net Banking,Education
T07598,A0387,DEBIT,12922.92,2026-01-13,UPI,Retail
T09575,A9999,DEBIT,37188.96,2026-04-01,Mobile Banking,Utilities
T02128,A0260,DEBIT,98601.02,2025-11-29,UPI,Utilities
T00835,A0093,CREDIT,129181.1,2025-04-23,Debit Card,Retail
T08127,A0369,CREDIT,499787.55,2025-03-27,Credit Card,Fuel
T02302,A0242,DEBIT,491261.85,2025-07-20,Credit Card,Fuel
T03948,A0463,DEBIT,456213.2,2025-05-26,Debit Card,Utilities
T01807,A0220,DEBIT,6729.74,2023-04-07,ATM,Travel
T04268,A0520,CREDIT,353378.66,2025-08-30,Credit Card,Online Shopping
T06437,A0039,CREDIT,146515.08,2025-02-26,Debit Card,Utilities
T05577,A0378,CREDIT,398489.05,2024-08-13,Debit Card,Entertainment
T06780,A0383,DEBIT,214874.13,2026-07-22,UPI,Fuel
T04776,A0030,CREDIT,12672.76,2024-02-16,Mobile Banking,Travel
T04586,A0495,DEBIT,279827.97,2026-05-08,Mobile Banking,Entertainment
T03770,A0106,CREDIT,209733.57,2024-04-17,Mobile Banking,Healthcare
T03707,A0280,DEBIT,325066.61,2026-08-21,Debit Card,Education
T07027,A0570,CREDIT,482774.36,2026-03-22,ATM,Entertainment
T02369,A0183,CREDIT,495338.81,2026-04-21,Mobile Banking,Grocery
T00106,A0070,CREDIT,452194.56,2024-05-09,Mobile Banking,Education
T04181,A0193,DEBIT,375082.67,2025-02-06,Debit Card,Healthcare
T08318,A0008,CREDIT,440944.91,2025-07-19,Mobile Banking,Grocery
T02152,A0267,CREDIT,474686.99,2024-02-05,Mobile Banking,Travel
T09784,A0425,CREDIT,27644.86,2023-09-21,Telegram,Travel
T07479,A0456,DEBIT,323776.42,2024-09-30,UPI,Restaurant
T00395,A0136,CREDIT,385081.8,2024-10-01,ATM,Fuel
T09482,A0485,DEBIT,497143.99,2026-08-13,Net Banking,Online Shopping
T00754,A0056,DEBIT,242804.15,2024-08-12,Debit Card,Retail
T03721,A0072,CREDIT,367832.58,2026-04-14,Debit Card,Fuel
T02941,A0385,CREDIT,181714.71,2024-01-14,ATM,Healthcare
T02204,A0387,CREDIT,410544.34,2025-09-24,Debit Card,Travel
T08955,A0088,DEBIT,28140.62,2025-02-08,Net Banking,Healthcare
T03527,A0402,CREDIT,7156.39,2025-09-28,UPI,Healthcare
T03731,A0540,CREDIT,138185.57,2024-06-17,Mobile Banking,Travel
T00716,A0171,CREDIT,66275.64,2026-06-06,Net Banking,Healthcare
T02151,A0375,CREDIT,182398.79,2024-08-29,ATM,Travel
T02185,A0507,CREDIT,454225.72,2024-07-22,UPI,Travel
T01428,A0451,DEBIT,72061.34,2026-02-19,ATM,Online Shopping
T09598,A9999,CREDIT,15139.2,2026-04-16,Credit Card,Utilities
T05629,A0207,DEBIT,187620.52,2024-09-10,Debit Card,Grocery
T04114,A0414,CREDIT,2188.37,2024-05-10,ATM,Retail
T09724,A0429,TRANSFER,11127.97,2024-01-15,UPI,Online Shopping
T07992,A0213,CREDIT,398398.04,2024-06-11,Debit Card,Online Shopping
T09083,A0293,DEBIT,273745.32,2026-04-12,UPI,Healthcare
T07634,A0454,CREDIT,318968.8,2025-06-15,Mobile Banking,Fuel
T05006,A0474,CREDIT,386323.44,2024-07-01,UPI,Education
T06218,A0259,DEBIT,43872.98,2025-03-03,Debit Card,Retail
T07153,A0325,CREDIT,187214.56,2026-06-16,Net Banking,Grocery
T05979,A0123,CREDIT,447131.36,2025-06-11,UPI,Entertainment
T06688,A0434,DEBIT,93439.31,2025-02-26,Credit Card,Online Shopping
T09383,A0504,CREDIT,117597.58,2026-04-09,ATM,Restaurant
T05171,A0223,CREDIT,43931.0,2025-09-12,ATM,Travel
T05655,A0127,DEBIT,152924.26,2025-06-03,Credit Card,Healthcare
T02889,A0497,DEBIT,214110.76,2026-08-23,UPI,Fuel
T06745,A0538,CREDIT,127741.64,2025-05-17,UPI,Entertainment
T07450,A0271,CREDIT,398011.26,2026-02-02,Mobile Banking,Retail
T04224,A0463,DEBIT,341126.6,2024-03-16,UPI,Entertainment
T09725,A0516,TRANSFER,47476.78,2026-02-08,UPI,Healthcare
T00616,A0175,CREDIT,238131.58,2024-10-23,Debit Card,Online Shopping
T03377,A0111,DEBIT,145957.58,2024-04-22,Credit Card,Utilities
T03656,A0197,CREDIT,417903.75,2026-03-23,ATM,Restaurant
T09119,A0379,CREDIT,477709.45,2024-02-21,Net Banking,Utilities
T03388,A0540,CREDIT,241918.05,2024-04-15,Credit Card,Online Shopping
T01600,A0046,CREDIT,1497.52,2024-09-24,ATM,Healthcare
T01337,A0424,CREDIT,279877.32,2024-08-25,ATM,Grocery
T04497,A0120,CREDIT,13057.36,2024-06-18,Net Banking,Online Shopping
T08045,A0135,CREDIT,207987.32,2026-05-08,Mobile Banking,Online Shopping
T01301,A0350,CREDIT,425563.82,2025-08-10,ATM,Travel
T04003,A0351,CREDIT,310518.3,2025-04-16,UPI,Online Shopping
T06763,A0432,CREDIT,47867.34,2025-12-17,UPI,Utilities
T03096,A0196,DEBIT,177221.19,2025-04-01,UPI,Entertainment
T04606,A0315,DEBIT,382380.62,2026-02-11,ATM,Retail
T05735,A0420,DEBIT,38504.43,2026-06-21,ATM,Education
T03745,A0518,CREDIT,4430.47,2024-12-29,Net Banking,Utilities
T08538,A0350,DEBIT,242603.93,2025-08-08,UPI,Healthcare
T03566,A0536,CREDIT,361860.05,2025-10-14,Credit Card,Travel
T04667,A0090,CREDIT,221306.78,2026-03-29,Debit Card,Entertainment
T03173,A0256,CREDIT,424417.39,2025-06-15,ATM,Grocery
T08772,A0113,DEBIT,367830.01,2024-06-10,ATM,Online Shopping
T06504,A0308,DEBIT,450565.78,2024-02-10,ATM,Online Shopping
T03742,A0232,DEBIT,496056.88,2025-07-04,Mobile Banking,Healthcare
T09673,A0352,DEBIT,-7767.4,2023-10-19,Net Banking,Restaurant
T05444,A0304,DEBIT,367449.99,2024-12-06,UPI,Entertainment
T09596,A9999,CREDIT,34520.17,2025-05-25,Mobile Banking,Education
T04091,A0397,DEBIT,131791.39,2024-02-06,Credit Card,Healthcare
T05401,A0135,DEBIT,64200.55,2024-09-03,Mobile Banking,Education
T07354,A0278,DEBIT,126521.49,2025-09-10,ATM,Restaurant
T05543,A0433,DEBIT,165619.98,2026-08-12,Credit Card,Entertainment
T03532,A0452,CREDIT,338381.72,2024-04-12,ATM,Travel
T08047,A0030,DEBIT,443220.22,2026-05-21,Net Banking,Grocery
T06850,A0099,CREDIT,284512.22,2026-03-27,Mobile Banking,Entertainment
T01385,A0398,DEBIT,303316.31,2025-01-16,ATM,Online Shopping
T08829,A0035,CREDIT,263383.89,2024-12-20,Credit Card,Fuel
T05367,A0551,DEBIT,264656.95,2025-08-30,Net Banking,Education
T01669,A0057,DEBIT,311146.71,2024-01-24,Net Banking,Entertainment
T00211,A0242,CREDIT,213177.28,2025-04-23,Debit Card,Grocery
T03516,A0390,CREDIT,403081.57,2024-12-18,UPI,Retail
T05055,A0427,DEBIT,94649.45,2025-07-08,UPI,Education
T03206,A0486,CREDIT,189831.84,2025-04-27,Mobile Banking,Grocery
T08455,A0241,DEBIT,420453.33,2025-09-25,Net Banking,Healthcare
T08480,A0192,DEBIT,28298.29,2024-05-27,UPI,Education
T05277,A0488,DEBIT,51270.78,2025-02-22,Debit Card,Retail
T06153,A0512,DEBIT,251672.08,2024-11-29,Debit Card,Retail
T04757,A0546,CREDIT,97791.3,2026-02-14,Credit Card,Grocery
T02471,A0376,DEBIT,225236.34,2024-09-09,UPI,Utilities
T03130,A0031,DEBIT,353569.38,2024-07-10,UPI,Education
T02554,A0095,DEBIT,283901.93,2026-01-29,Mobile Banking,Grocery
T09669,A0022,CREDIT,-1075.14,2024-04-14,Net Banking,Grocery
T08796,A0341,CREDIT,74113.11,2024-12-26,Credit Card,Education
T00454,A0383,CREDIT,341132.23,2025-06-02,Credit Card,Restaurant
T02535,A0109,CREDIT,159902.6,2026-08-10,Net Banking,Fuel
T07534,A0108,DEBIT,409280.58,2024-12-28,Mobile Banking,Grocery
T03508,A0360,CREDIT,177238.24,2025-11-23,ATM,Retail
T00818,A0199,CREDIT,166399.23,2025-11-19,Debit Card,Grocery
T02689,A0117,DEBIT,134175.61,2025-07-19,Credit Card,Fuel
T01679,A0195,DEBIT,285796.36,2026-08-03,UPI,Restaurant
T09827,A0357,DEBIT,39238.06,bad-date,ATM,Online Shopping
T05024,A0174,CREDIT,431317.94,2026-07-31,Mobile Banking,Fuel
T06708,A0424,DEBIT,70160.22,2025-03-17,Mobile Banking,Utilities
T06193,A0039,DEBIT,155153.49,2026-03-19,Debit Card,Fuel
T07613,A0070,DEBIT,192606.59,2025-12-08,Net Banking,Grocery
T06374,A0351,CREDIT,488769.47,2025-11-09,Debit Card,Fuel
T04257,A0418,DEBIT,49447.87,2026-01-06,ATM,Online Shopping
T08381,A0196,DEBIT,279280.32,2026-05-04,Mobile Banking,Fuel
T03482,A0353,CREDIT,497732.25,2024-06-14,ATM,Travel
,A0130,CREDIT,20470.9,2025-08-15,Credit Card,Online Shopping
T05533,A0487,CREDIT,359535.71,2025-04-16,UPI,Healthcare
T05957,A0070,CREDIT,488001.26,2025-06-15,UPI,Utilities
T00458,A0358,DEBIT,234297.5,2025-07-01,Credit Card,Online Shopping
T05551,A0017,CREDIT,350043.87,2024-09-18,UPI,Fuel
T02026,A0489,DEBIT,256162.16,2024-03-17,Credit Card,Retail
T05648,A0052,CREDIT,190971.17,2024-07-28,Net Banking,Utilities
T05542,A0496,CREDIT,284165.32,2026-03-20,UPI,Entertainment
T05992,A0077,CREDIT,194457.54,2026-06-01,Net Banking,Grocery
T07349,A0296,CREDIT,308037.75,2025-09-21,Credit Card,Entertainment
T05980,A0256,CREDIT,363941.32,2025-06-17,UPI,Utilities
T03665,A0276,CREDIT,170078.91,2026-05-02,UPI,Fuel
T08303,A0298,DEBIT,340839.4,2024-10-04,Debit Card,Travel
T02331,A0382,CREDIT,434878.13,2025-07-10,Credit Card,Education
T08135,A0421,DEBIT,235791.07,2024-11-15,ATM,Fuel
T01690,A0452,DEBIT,299457.97,2025-02-04,ATM,Retail
T01521,A0416,CREDIT,132214.7,2025-08-28,Net Banking,Travel
T03405,A0437,CREDIT,484143.58,2024-01-05,Net Banking,Entertainment
T08205,A0065,DEBIT,9978.35,2026-03-12,ATM,Utilities
T04292,A0238,DEBIT,384319.26,2026-04-30,Debit Card,Fuel
T02586,A0320,DEBIT,362730.51,2026-06-15,Debit Card,Grocery
T04123,A0144,DEBIT,195514.94,2024-11-26,Net Banking,Restaurant
T01411,A0516,DEBIT,63207.3,2024-02-07,ATM,Online Shopping
T03466,A0551,CREDIT,231953.4,2025-08-17,Net Banking,Travel
T05727,A0244,CREDIT,454670.53,2026-07-17,Mobile Banking,Online Shopping
T08956,A0231,CREDIT,479556.25,2025-12-17,Debit Card,Utilities
T07313,A0189,DEBIT,173362.69,2025-07-07,UPI,Entertainment
T01857,A0351,CREDIT,231781.32,2024-07-19,Net Banking,Retail
T01265,A0513,DEBIT,161542.83,2026-02-13,Mobile Banking,Healthcare
T03332,A0396,DEBIT,316342.28,2024-07-28,Debit Card,Travel
T05380,A0352,CREDIT,138312.41,2025-02-25,Net Banking,Entertainment
T01505,A0382,DEBIT,207825.29,2026-05-07,UPI,Utilities
T01848,A0380,DEBIT,295102.44,2026-03-08,Debit Card,Utilities
T09718,A0468,TRANSFER,29950.43,2025-06-10,ATM,Entertainment
T08984,A0566,DEBIT,184182.74,2025-10-03,ATM,Restaurant
T07490,A0008,DEBIT,72601.27,2026-01-21,UPI,Education
T04950,A0280,CREDIT,369600.2,2025-07-10,ATM,Restaurant
T00457,A0409,CREDIT,111603.34,2026-06-14,Credit Card,Online Shopping
T07390,A0231,CREDIT,167300.89,2026-08-30,Debit Card,Healthcare
T08825,A0078,DEBIT,198457.91,2025-03-05,UPI,Entertainment
T05717,A0198,CREDIT,488591.15,2025-05-18,Net Banking,Retail
T06984,A0234,DEBIT,378047.4,2024-07-14,Mobile Banking,Fuel
T05246,A0450,DEBIT,267704.03,2024-06-06,Credit Card,Education
T04168,A0217,CREDIT,180160.53,2026-07-17,UPI,Retail
T02788,A0202,DEBIT,286342.49,2025-04-04,Net Banking,Retail
T02930,A0149,DEBIT,189348.3,2024-04-08,Debit Card,Education
T03137,A0017,CREDIT,237229.06,2025-04-08,Net Banking,Online Shopping
T04802,A0020,DEBIT,279599.68,2026-01-13,ATM,Healthcare
T06144,A0240,CREDIT,468874.48,2026-07-21,UPI,Healthcare
T03256,A0371,DEBIT,183542.47,2024-09-22,Credit Card,Retail
T08290,A0106,DEBIT,111194.06,2025-11-04,Credit Card,Grocery
T09054,A0473,CREDIT,403552.35,2025-10-28,Credit Card,Fuel
T08814,A0306,CREDIT,11073.41,2024-09-03,Debit Card,Fuel
T07699,A0085,CREDIT,25966.25,2025-07-19,Net Banking,Healthcare
T09448,A0390,DEBIT,281724.35,2026-05-28,UPI,Education
T03222,A0238,DEBIT,486034.2,2024-08-08,Credit Card,Healthcare
T05724,A0468,CREDIT,62988.25,2026-05-28,Credit Card,Utilities
T02982,A0491,CREDIT,393088.38,2024-05-16,ATM,Fuel
T03469,A0390,DEBIT,12566.27,2026-05-08,ATM,Education
T07829,A0088,CREDIT,455715.23,2024-11-23,Credit Card,Travel
T09600,A9999,CREDIT,2443.68,2023-03-01,Net Banking,Grocery
T00832,A0461,CREDIT,18461.87,2026-05-04,Net Banking,Healthcare
T04705,A0034,CREDIT,458433.33,2025-02-01,Net Banking,Utilities
T03746,A0201,DEBIT,450360.93,2025-03-04,Debit Card,Education
T05431,A0096,DEBIT,73762.35,2025-12-07,Mobile Banking,Retail
T05649,A0381,CREDIT,117596.15,2024-02-20,Net Banking,Fuel
T01218,A0492,DEBIT,249897.5,2026-02-20,Credit Card,Utilities
T05995,A0430,DEBIT,177275.98,2026-05-21,Net Banking,Online Shopping
T05097,A0174,CREDIT,331839.31,2025-08-06,Debit Card,Retail
T04133,A0147,DEBIT,363167.92,2025-02-23,Net Banking,Education
T04406,A0549,CREDIT,404355.22,2024-12-18,ATM,Fuel
T02787,A0509,CREDIT,109590.25,2024-12-19,Credit Card,Utilities
T01726,A0257,DEBIT,324220.49,2024-11-01,Net Banking,Utilities
T07121,A0407,DEBIT,404599.26,2024-10-10,Net Banking,Entertainment
T03195,A0418,CREDIT,380968.47,2026-06-20,Net Banking,Education
T09338,A0514,CREDIT,478191.8,2025-07-24,Debit Card,Restaurant
T05541,A0133,DEBIT,282290.72,2026-01-25,UPI,Online Shopping
T02341,A0047,DEBIT,81631.27,2024-09-16,Net Banking,Travel
T05360,A0087,CREDIT,200994.51,2026-04-18,Mobile Banking,Restaurant
T05489,A0102,DEBIT,76036.06,2024-03-15,ATM,Travel
T09389,A0256,DEBIT,367854.83,2024-04-21,ATM,Fuel
T03756,A0266,CREDIT,351818.36,2026-04-16,ATM,Restaurant
T00105,A0530,DEBIT,293947.9,2024-04-20,UPI,Retail
T08198,A0388,CREDIT,394874.32,2026-01-13,Net Banking,Online Shopping
T03248,A0180,DEBIT,369822.87,2026-07-03,UPI,Retail
T02855,A0147,DEBIT,81236.92,2026-06-16,Debit Card,Travel
T07848,A0296,DEBIT,412026.57,2025-05-25,Net Banking,Travel
T08652,A0101,CREDIT,82814.91,2024-11-10,Credit Card,Healthcare
T02620,A0110,DEBIT,373794.51,2025-08-26,Credit Card,Education
T08532,A0113,DEBIT,381850.83,2024-03-18,Net Banking,Healthcare
T04722,A0560,DEBIT,285792.15,2024-02-11,Credit Card,Restaurant
T02420,A0087,DEBIT,33373.4,2024-12-10,UPI,Education
T00397,A0088,CREDIT,69701.13,2026-02-16,Net Banking,Entertainment
T00004,A0043,CREDIT,83606.44,2024-04-30,ATM,Utilities
T01824,A0140,DEBIT,330892.67,2026-08-05,Net Banking,Entertainment
T07694,A0044,DEBIT,347550.3,2024-07-12,Net Banking,Restaurant
T01825,A0255,CREDIT,462748.94,2026-02-03,Mobile Banking,Travel
T04437,A0554,DEBIT,45676.31,2026-01-21,ATM,Travel
T07810,A0554,DEBIT,16585.88,2025-05-12,Credit Card,Entertainment
T05159,A0214,DEBIT,54955.96,2026-02-04,Mobile Banking,Online Shopping
,A0248,DEBIT,2147.17,2026-04-02,Credit Card,Retail
T03556,A0057,CREDIT,297263.22,2025-05-30,Credit Card,Entertainment
T06539,A0297,CREDIT,206924.35,2024-03-19,Net Banking,Fuel
T07686,A0045,DEBIT,205959.42,2025-07-18,Mobile Banking,Utilities
T07616,A0362,CREDIT,135782.54,2025-10-26,Debit Card,Travel
T01305,A0501,CREDIT,162811.1,2026-05-06,Debit Card,Education
T04932,A0345,DEBIT,461823.68,2026-03-31,ATM,Online Shopping
T02313,A0521,DEBIT,5970.61,2025-04-20,UPI,Grocery
T06205,A0053,DEBIT,105457.3,2025-05-24,UPI,Fuel
T00985,A0339,CREDIT,90918.74,2025-08-12,Debit Card,Entertainment
T07288,A0524,CREDIT,3562.73,2024-09-10,UPI,Retail
T01345,A0253,DEBIT,419901.5,2025-01-05,ATM,Restaurant
T00838,A0108,DEBIT,434677.62,2024-01-09,ATM,Healthcare
T02849,A0395,CREDIT,85828.1,2025-04-28,Credit Card,Healthcare
T06378,A0405,DEBIT,335735.82,2024-07-05,Credit Card,Travel
T02756,A0383,CREDIT,392889.23,2025-02-05,ATM,Education
T00110,A0555,CREDIT,73789.79,2024-11-12,Net Banking,Utilities
T07060,A0212,CREDIT,339240.74,2024-08-28,ATM,Fuel
T07952,A0252,DEBIT,442169.2,2026-06-06,Credit Card,Utilities
T05451,A0009,CREDIT,92087.39,2026-06-27,ATM,Utilities
T04385,A0309,CREDIT,399989.28,2025-06-17,Debit Card,Fuel
T03558,A0009,CREDIT,136643.94,2025-12-02,Mobile Banking,Entertainment
T07819,A0333,DEBIT,64985.46,2025-08-22,ATM,Travel
T02336,A0453,DEBIT,122351.52,2024-11-17,Net Banking,Utilities
T03112,A0511,DEBIT,226557.71,2026-07-28,ATM,Fuel
T03617,A0275,CREDIT,377181.06,2024-02-16,Debit Card,Fuel
T02492,A0123,CREDIT,378803.72,2026-05-09,Debit Card,Retail
T00191,A0226,CREDIT,398482.39,2026-04-30,Mobile Banking,Grocery
T08272,A0221,CREDIT,283302.48,2026-03-31,ATM,Retail
T02628,A0480,CREDIT,357557.93,2025-04-24,UPI,Healthcare
T07403,A0108,CREDIT,413325.33,2026-05-23,Net Banking,Entertainment
T06182,A0515,CREDIT,12992.9,2025-07-07,Debit Card,Utilities
T01799,A0428,CREDIT,244602.7,2025-10-22,Credit Card,Entertainment
T08923,A0506,CREDIT,189441.95,2025-10-01,Debit Card,Fuel
T03591,A0523,DEBIT,463493.63,2024-08-09,Credit Card,Education
T01273,A0416,CREDIT,92497.54,2024-02-12,Credit Card,Online Shopping
T02425,A0471,CREDIT,130052.74,2026-05-17,Net Banking,Travel
T08360,A0139,CREDIT,105661.46,2025-11-11,UPI,Healthcare
T04104,A0351,DEBIT,294968.01,2024-02-02,Net Banking,Retail
T08985,A0297,CREDIT,359544.92,2026-06-01,UPI,Education
T06762,A0129,DEBIT,113729.67,2026-07-08,Mobile Banking,Retail
T06146,A0484,DEBIT,466357.96,2026-04-20,Net Banking,Education
T04208,A0329,CREDIT,468147.58,2024-11-16,ATM,Fuel
T01506,A0475,CREDIT,67126.4,2024-04-08,Net Banking,Education
T01077,A0270,CREDIT,357972.46,2025-06-29,Debit Card,Healthcare
T09403,A0331,DEBIT,443944.15,2024-08-22,UPI,Online Shopping
T08491,A0279,DEBIT,435815.44,2025-01-04,UPI,Online Shopping
T05332,A0145,DEBIT,194757.15,2025-05-10,ATM,Online Shopping
T08996,A0093,CREDIT,119475.3,2026-05-03,Mobile Banking,Grocery
T07766,A0565,DEBIT,173263.54,2024-01-27,Net Banking,Retail
T00593,A0443,CREDIT,145471.93,2024-02-02,Credit Card,Utilities
T07089,A0380,CREDIT,482460.27,2024-02-23,Debit Card,Online Shopping
T08412,A0496,DEBIT,443423.75,2024-08-07,UPI,Fuel
T01496,A0365,CREDIT,176684.76,2025-02-01,ATM,Education
T05057,A0461,DEBIT,249613.13,2025-09-13,ATM,Utilities
T07318,A0339,DEBIT,497229.6,2026-07-15,Mobile Banking,Utilities
T02993,A0130,DEBIT,28883.72,2026-08-06,Credit Card,Utilities
T08389,A0492,DEBIT,302810.93,2026-08-07,Mobile Banking,Restaurant
T02294,A0329,DEBIT,207018.59,2025-09-29,Net Banking,Grocery
T08976,A0023,DEBIT,160955.6,2024-07-21,Mobile Banking,Healthcare
T00144,A0122,CREDIT,180182.42,2025-07-13,ATM,Utilities
T01148,A0474,CREDIT,450791.25,2024-02-27,Credit Card,Healthcare
T05016,A0331,DEBIT,272232.09,2024-02-03,Debit Card,Online Shopping
T02431,A0179,DEBIT,271698.2,2024-07-20,UPI,Restaurant
T07253,A0258,CREDIT,33191.9,2023-10-21,Credit Card,Fuel
T07144,A0555,DEBIT,368739.95,2025-02-25,Credit Card,Grocery
T09847,A0140,DEBIT,11780.15,bad-date,Debit Card,Online Shopping
T01997,A0031,DEBIT,357461.49,2024-05-04,UPI,Education
T02106,A0130,CREDIT,453674.72,2024-04-27,UPI,Utilities
T06379,A0472,DEBIT,226970.38,2024-08-15,Net Banking,Online Shopping
T05933,A0441,DEBIT,229849.36,2025-07-25,Debit Card,Travel
T08362,A0099,DEBIT,237497.41,2026-03-20,Net Banking,Entertainment
T02921,A0286,CREDIT,330069.73,2025-06-30,Net Banking,Retail
T05427,A0182,CREDIT,416633.32,2025-12-24,Credit Card,Utilities
T02935,A0488,DEBIT,475991.28,2025-01-07,Mobile Banking,Restaurant
T07798,A0360,CREDIT,108788.66,2024-09-13,Net Banking,Restaurant
T04516,A0389,CREDIT,30307.43,2025-02-12,Credit Card,Retail
T08650,A0243,DEBIT,264008.45,2024-12-11,Mobile Banking,Grocery
T05549,A0370,DEBIT,87408.36,2025-04-14,ATM,Fuel
T09558,,CREDIT,4132.27,2026-05-14,ATM,Fuel
T00080,A0227,CREDIT,379234.66,2025-11-27,Mobile Banking,Utilities
T08358,A0282,CREDIT,311172.71,2024-09-08,Debit Card,Education
T06588,A0361,CREDIT,159088.05,2025-02-04,Credit Card,Healthcare
T08876,A0068,CREDIT,208004.78,2025-08-17,Mobile Banking,Restaurant
T03278,A0564,CREDIT,87725.56,2025-10-18,Net Banking,Education
T06248,A0215,CREDIT,15971.11,2024-03-18,Credit Card,Online Shopping
T05040,A0028,CREDIT,218059.05,2024-01-04,Net Banking,Online Shopping
T08019,A0524,DEBIT,131851.38,2026-05-23,Credit Card,Online Shopping
T08925,A0226,CREDIT,172811.52,2024-05-26,ATM,Fuel
T04686,A0426,DEBIT,734.6,2026-04-14,ATM,Education
T08840,A0385,DEBIT,432691.82,2024-11-28,ATM,Grocery
T01445,A0425,DEBIT,489181.47,2024-12-07,Debit Card,Online Shopping
T06063,A0459,DEBIT,248903.4,2024-08-05,Debit Card,Grocery
T00966,A0516,DEBIT,428216.08,2024-04-19,UPI,Travel
T01716,A0415,CREDIT,430064.52,2024-01-16,Debit Card,Retail
T01616,A0378,DEBIT,107015.77,2024-11-13,Debit Card,Online Shopping
T04177,A0451,CREDIT,215267.5,2025-01-09,Debit Card,Education
T04138,A0161,DEBIT,318126.82,2025-03-31,Net Banking,Retail
T03717,A0352,CREDIT,262714.34,2026-03-30,Debit Card,Healthcare
T08036,A0561,DEBIT,87116.77,2024-12-02,UPI,Utilities
T08049,A0363,CREDIT,329044.99,2024-01-28,Net Banking,Restaurant
T00172,A0469,DEBIT,455425.46,2024-07-06,Mobile Banking,Fuel
T07569,A0133,DEBIT,423780.98,2025-01-04,Net Banking,Grocery
T02440,A0054,CREDIT,344777.92,2024-04-24,UPI,Education
T09386,A0124,DEBIT,353458.31,2026-03-19,Mobile Banking,Retail
T01846,A0372,DEBIT,478298.88,2025-07-31,Mobile Banking,Entertainment
T05061,A0127,CREDIT,190823.67,2025-05-17,UPI,Fuel
T04877,A0042,DEBIT,18002.73,2025-04-10,Net Banking,Travel
T08862,A0049,DEBIT,330499.6,2025-03-13,Debit Card,Online Shopping
T01998,A0086,DEBIT,94756.48,2025-01-27,UPI,Restaurant
T09253,A0491,DEBIT,484280.21,2026-08-28,ATM,Fuel
T05536,A0168,DEBIT,414746.5,2025-04-03,Mobile Banking,Fuel
T08401,A0002,DEBIT,318503.14,2024-01-02,ATM,Grocery
T03279,A0229,CREDIT,192824.39,2026-02-13,Debit Card,Entertainment
T06525,A0103,DEBIT,243089.87,2024-03-17,Mobile Banking,Education
T07552,A0536,DEBIT,425727.67,2025-02-26,Debit Card,Utilities
T06056,A0528,DEBIT,450115.42,2024-10-06,ATM,Grocery
T07770,A0210,DEBIT,194926.25,2024-02-23,Debit Card,Restaurant
T00788,A0170,CREDIT,145169.37,2025-12-02,ATM,Fuel
T09688,A0330,DEBIT,-8312.26,2024-12-11,Mobile Banking,Healthcare
T02467,A0509,CREDIT,189619.41,2025-02-15,ATM,Entertainment
T03560,A0246,DEBIT,270897.6,2024-04-08,UPI,Online Shopping
T05772,A0429,DEBIT,194655.53,2025-03-16,UPI,Healthcare
T09570,,DEBIT,3919.59,2024-08-13,Debit Card,Healthcare
T03882,A0540,DEBIT,22833.17,2024-02-29,Credit Card,Grocery
T04565,A0458,CREDIT,135523.97,2025-04-17,Net Banking,Restaurant
T08271,A0394,CREDIT,488237.29,2025-03-17,Net Banking,Grocery
T06080,A0404,DEBIT,127907.71,2025-08-17,UPI,Fuel
T08197,A0125,CREDIT,380708.64,2026-07-03,Net Banking,Online Shopping
T02723,A0167,DEBIT,424915.96,2025-02-07,ATM,Fuel
T07565,A0081,DEBIT,34789.16,2026-07-08,ATM,Online Shopping
T04742,A0339,CREDIT,383794.27,2024-07-11,Mobile Banking,Online Shopping
T09282,A0446,DEBIT,145306.11,2024-08-03,Mobile Banking,Online Shopping
T08875,A0027,CREDIT,47860.08,2024-01-08,Credit Card,Entertainment
T05396,A0104,CREDIT,62187.59,2026-05-31,Debit Card,Online Shopping
T04247,A0115,DEBIT,354761.16,2024-08-14,UPI,Healthcare
T02146,A0352,DEBIT,133350.87,2024-06-03,UPI,Education
T02806,A0466,DEBIT,10314.89,2024-08-29,Debit Card,Healthcare
T09296,A0267,CREDIT,448058.75,2024-02-16,Mobile Banking,Utilities
T09486,A0186,CREDIT,237410.07,2025-04-08,Net Banking,Utilities
T03538,A0371,DEBIT,220837.55,2025-04-22,ATM,Fuel
T09118,A0336,CREDIT,146913.76,2024-01-14,Net Banking,Education
T06881,A0386,DEBIT,325705.54,2025-10-28,Credit Card,Grocery
T04449,A0226,CREDIT,85190.62,2024-12-18,Credit Card,Retail
T08032,A0376,CREDIT,130936.37,2025-11-19,Debit Card,Utilities
T05115,A0516,CREDIT,145167.57,2024-10-18,UPI,Online Shopping
T04779,A0544,CREDIT,418950.98,2025-05-02,Net Banking,Healthcare
T03197,A0506,CREDIT,148975.33,2024-12-12,Credit Card,Online Shopping
T07891,A0457,CREDIT,350816.67,2026-06-11,Debit Card,Travel
T05377,A0115,DEBIT,334325.1,2025-02-14,Debit Card,Restaurant
T09191,A0206,CREDIT,13108.99,2025-01-18,Credit Card,Grocery
T01160,A0294,CREDIT,481523.54,2025-02-01,Debit Card,Grocery
T00115,A0340,DEBIT,308089.96,2025-03-04,Debit Card,Grocery
T06903,A0224,CREDIT,428532.02,2024-04-29,Credit Card,Utilities
T08762,A0489,CREDIT,193607.78,2026-08-10,UPI,Healthcare
T02367,A0472,CREDIT,176236.41,2025-08-30,Credit Card,Fuel
T02824,A0503,CREDIT,280969.96,2025-03-04,Mobile Banking,Utilities
T07145,A0447,DEBIT,151427.16,2024-02-23,UPI,Fuel
T01118,A0545,DEBIT,378486.04,2025-10-20,ATM,Restaurant
T07423,A0502,CREDIT,214717.9,2025-08-24,ATM,Restaurant
T04751,A0095,CREDIT,246093.9,2026-08-20,Net Banking,Education
T00949,A0527,DEBIT,475722.71,2024-11-02,Debit Card,Education
T03580,A0363,DEBIT,53365.22,2026-01-29,Credit Card,Healthcare
T07431,A0044,CREDIT,499335.69,2024-11-02,UPI,Grocery
T09371,A0253,DEBIT,390686.04,2024-02-27,Debit Card,Healthcare
T03485,A0021,CREDIT,406211.88,2026-03-15,ATM,Healthcare
T03245,A0244,CREDIT,460048.62,2024-08-11,Debit Card,Retail
T06145,A0345,CREDIT,101168.96,2026-06-17,ATM,Utilities
T01620,A0349,CREDIT,146987.17,2026-06-05,Mobile Banking,Retail
T08220,A0428,DEBIT,433495.0,2026-02-14,Credit Card,Grocery
T00357,A0228,DEBIT,213095.32,2024-03-03,Net Banking,Healthcare
T08330,A0212,CREDIT,422890.33,2026-02-25,Credit Card,Restaurant
T02536,A0094,CREDIT,402731.06,2025-07-07,Credit Card,Restaurant
T04582,A0261,DEBIT,356310.74,2024-03-24,UPI,Fuel
T08431,A0137,CREDIT,289924.15,2025-06-19,UPI,Healthcare
T04840,A0266,DEBIT,486226.23,2026-02-01,UPI,Utilities
T05954,A0161,CREDIT,345833.88,2025-02-25,Net Banking,Restaurant
T01070,A0342,DEBIT,308239.72,2026-01-27,ATM,Utilities
T03691,A0256,DEBIT,286527.82,2026-02-15,Mobile Banking,Healthcare
T02853,A0391,CREDIT,320998.32,2024-12-08,Net Banking,Entertainment
T08228,A0217,CREDIT,260610.17,2026-05-19,Credit Card,Travel
T06025,A0404,CREDIT,396198.45,2025-10-19,Net Banking,Entertainment
T07256,A0192,DEBIT,260652.85,2024-05-13,Mobile Banking,Education
T07715,A0079,CREDIT,61812.6,2026-04-17,Credit Card,Fuel
T04815,A0077,CREDIT,112049.52,2024-04-18,Debit Card,Restaurant
T02546,A0162,CREDIT,112078.32,2025-06-24,Credit Card,Utilities
T04765,A0513,DEBIT,39607.31,2025-11-12,ATM,Retail
T01167,A0373,DEBIT,274147.94,2026-02-21,Credit Card,Utilities
T06531,A0215,DEBIT,104592.23,2024-03-05,Mobile Banking,Online Shopping
T08359,A0188,DEBIT,368029.41,2024-04-26,Credit Card,Travel
T07911,A0120,CREDIT,319129.77,2024-12-18,ATM,Online Shopping
T00775,A0341,CREDIT,404859.43,2024-03-26,UPI,Education
T08240,A0561,CREDIT,56609.61,2024-08-26,Mobile Banking,Entertainment
T03376,A0221,DEBIT,25054.26,2025-10-30,UPI,Online Shopping
T05026,A0390,CREDIT,227061.27,2025-09-11,Credit Card,Utilities
T07663,A0142,CREDIT,107843.71,2024-06-03,Mobile Banking,Fuel
T06888,A0031,DEBIT,490781.55,2025-11-09,Net Banking,Restaurant
T07495,A0244,CREDIT,416592.03,2025-08-27,UPI,Restaurant
T04885,A0515,DEBIT,474087.85,2024-09-30,UPI,Education
T05639,A0256,DEBIT,326380.49,2026-06-04,Credit Card,Retail
T07142,A0262,DEBIT,184790.53,2026-07-03,Debit Card,Restaurant
T03733,A0509,DEBIT,454143.24,2026-05-25,UPI,Utilities
T06859,A0223,DEBIT,9832.77,2024-03-02,Debit Card,Utilities
T09643,A0226,CREDIT,-4383.9,2025-06-22,ATM,Restaurant
T06278,A0336,DEBIT,18682.61,2024-10-30,Net Banking,Travel
T06783,A0002,CREDIT,604.33,2024-07-08,Credit Card,Utilities
T01561,A0419,CREDIT,495658.66,2025-10-20,Net Banking,Entertainment
T04054,A0552,DEBIT,95519.62,2026-04-18,Credit Card,Grocery
T01446,A0316,CREDIT,243311.33,2025-05-18,Credit Card,Fuel
T04599,A0528,CREDIT,136553.92,2024-10-04,Net Banking,Grocery
T07527,A0185,CREDIT,220164.94,2024-04-04,Net Banking,Online Shopping
T00210,A0210,CREDIT,45970.52,2025-08-29,Net Banking,Travel
T04962,A0569,DEBIT,134207.66,2025-08-26,Credit Card,Healthcare
T08969,A0039,CREDIT,439216.04,2024-06-17,Mobile Banking,Entertainment
T08490,A0381,DEBIT,498294.48,2025-08-21,Mobile Banking,Restaurant
T06161,A0453,CREDIT,139052.6,2025-10-14,Debit Card,Education
T06342,A0013,DEBIT,271706.62,2026-05-18,Mobile Banking,Retail
T05643,A0424,DEBIT,469777.33,2026-03-12,Credit Card,Entertainment
T08836,A0233,DEBIT,354460.55,2025-12-20,Mobile Banking,Retail
,A0460,CREDIT,1844.74,2023-02-13,UPI,Grocery
T07371,A0277,CREDIT,166538.05,2026-07-21,Debit Card,Fuel
T06918,A0037,DEBIT,332804.64,2026-04-09,Mobile Banking,Utilities
T00011,A0420,DEBIT,475925.09,2025-06-12,Mobile Banking,Utilities
T06451,A0167,DEBIT,153713.86,2025-01-19,UPI,Healthcare
T02396,A0300,CREDIT,279023.28,2026-02-24,Net Banking,Travel
T06673,A0490,DEBIT,193910.0,2024-05-20,Debit Card,Entertainment
T00425,A0482,DEBIT,361306.45,2025-03-30,Mobile Banking,Retail
T07965,A0007,CREDIT,398894.32,2025-11-17,Debit Card,Entertainment
T03564,A0549,CREDIT,180894.86,2024-08-29,ATM,Retail
T06413,A0080,DEBIT,4309.8,2026-08-28,ATM,Entertainment
T07875,A0142,CREDIT,189181.56,2024-11-09,Net Banking,Fuel
T02264,A0003,DEBIT,485429.09,2024-03-21,Net Banking,Fuel
T06109,A0051,CREDIT,467321.53,2025-05-06,Debit Card,Healthcare
T00885,A0186,DEBIT,136412.43,2025-02-20,ATM,Retail
T08641,A0119,DEBIT,62152.55,2024-11-05,Mobile Banking,Online Shopping
T00870,A0446,CREDIT,232435.11,2024-02-10,UPI,Entertainment
T00177,A0462,CREDIT,126458.03,2025-06-02,UPI,Entertainment
T09529,,CREDIT,12364.5,2025-11-27,Net Banking,Entertainment
T05773,A0170,DEBIT,448146.75,2026-05-07,UPI,Travel
T03978,A0147,CREDIT,162059.34,2025-03-30,Credit Card,Restaurant
T00711,A0251,DEBIT,337085.15,2025-11-12,ATM,Fuel
T06756,A0234,CREDIT,396510.13,2024-08-06,Mobile Banking,Restaurant
T03837,A0358,DEBIT,222279.3,2025-10-03,Mobile Banking,Grocery
T06720,A0056,DEBIT,498558.59,2026-07-08,Credit Card,Entertainment
T02496,A0487,DEBIT,7060.89,2024-09-14,UPI,Travel
T00988,A0155,DEBIT,427801.76,2025-08-21,Mobile Banking,Utilities
T07434,A0226,CREDIT,452537.23,2025-12-15,Mobile Banking,Utilities
T02022,A0468,DEBIT,353062.56,2025-11-18,Mobile Banking,Grocery
T02403,A0384,CREDIT,150511.65,2024-02-09,Credit Card,Grocery
T08570,A0215,DEBIT,444324.2,2026-02-26,Debit Card,Utilities
T03363,A0133,CREDIT,27744.96,2023-04-22,Credit Card,Healthcare
T01468,A0408,DEBIT,224861.16,2026-04-15,Debit Card,Healthcare
T02435,A0104,CREDIT,178184.6,2025-12-03,Credit Card,Travel
T04116,A0392,DEBIT,225858.8,2026-05-18,UPI,Grocery
T03928,A0004,CREDIT,87198.68,2025-03-09,Net Banking,Retail
T07889,A0231,CREDIT,348416.88,2024-03-20,Net Banking,Online Shopping
T06094,A0200,DEBIT,407703.87,2025-03-06,UPI,Grocery
T09531,,CREDIT,41887.19,2025-11-04,Debit Card,Entertainment
T06610,A0025,DEBIT,80040.77,2024-06-17,Net Banking,Utilities
T06704,A0414,CREDIT,432278.83,2026-04-13,Credit Card,Online Shopping
T05031,A0512,CREDIT,259614.18,2025-12-31,Debit Card,Restaurant
T00692,A0151,CREDIT,116412.96,2025-11-01,UPI,Grocery
T00430,A0129,CREDIT,200261.17,2024-02-27,ATM,Healthcare
T07773,A0452,CREDIT,147994.16,2025-04-01,Credit Card,Restaurant
T04907,A0429,CREDIT,168338.09,2024-12-12,Net Banking,Retail
T00695,A0554,CREDIT,300329.36,2024-12-24,UPI,Online Shopping
T02202,A0300,DEBIT,498569.43,2024-12-20,Net Banking,Fuel
T00819,A0376,CREDIT,470278.53,2025-02-16,Credit Card,Retail
T06041,A0538,CREDIT,259956.76,2026-02-18,Net Banking,Education
T01410,A0363,DEBIT,375840.47,2025-06-20,Credit Card,Grocery
T05147,A0237,CREDIT,260580.09,2025-09-08,Debit Card,Fuel
T02597,A0301,DEBIT,233594.05,2024-03-23,Mobile Banking,Grocery
T01913,A0070,DEBIT,11125.21,2026-05-03,UPI,Online Shopping
T08514,A0493,DEBIT,310535.35,2026-07-21,Mobile Banking,Restaurant
T01529,A0262,DEBIT,826.17,2024-04-27,Credit Card,Fuel
T02320,A0556,CREDIT,70965.77,2025-09-11,ATM,Retail
T06517,A0150,DEBIT,430971.33,2025-11-01,Mobile Banking,Restaurant
T04987,A0080,DEBIT,21704.56,2025-01-07,ATM,Grocery
T02578,A0019,DEBIT,332812.76,2026-07-02,Credit Card,Online Shopping
T04426,A0215,CREDIT,245822.21,2026-05-17,ATM,Education
T06906,A0020,CREDIT,229895.86,2025-11-05,ATM,Utilities
T09267,A0129,CREDIT,69982.64,2026-07-18,Net Banking,Education
T08223,A0264,DEBIT,61592.11,2025-02-28,Debit Card,Fuel
T01295,A0558,CREDIT,186696.4,2026-07-12,Debit Card,Education
T09734,A0404,TRANSFER,27030.18,2025-02-23,ATM,Healthcare
T01466,A0373,CREDIT,195458.06,2024-12-19,UPI,Retail
T02005,A0447,DEBIT,486224.81,2025-11-15,Credit Card,Healthcare
T07931,A0125,DEBIT,290235.61,2025-12-18,Net Banking,Restaurant
T07742,A0255,DEBIT,321132.65,2025-05-29,Mobile Banking,Retail
T05227,A0147,DEBIT,202031.26,2025-08-10,ATM,Restaurant
T06641,A0044,CREDIT,232107.99,2025-05-03,Mobile Banking,Education
T03054,A0047,CREDIT,328964.76,2025-03-18,UPI,Grocery
T07232,A0389,DEBIT,358752.9,2026-04-10,ATM,Fuel
T01838,A0028,DEBIT,470762.18,2026-06-28,Mobile Banking,Grocery
T08544,A0090,DEBIT,24072.52,2026-05-01,Mobile Banking,Healthcare
T02356,A0518,DEBIT,317536.37,2026-06-23,Mobile Banking,Education
T05597,A0402,CREDIT,320855.13,2024-08-16,Credit Card,Grocery
T01489,A0102,CREDIT,465547.88,2026-01-18,Debit Card,Grocery
T01119,A0329,CREDIT,224007.49,2024-07-21,Debit Card,Healthcare
T04172,A0438,CREDIT,136595.84,2025-05-22,Mobile Banking,Grocery
T05226,A0476,DEBIT,312201.39,2026-06-18,Mobile Banking,Education
T04663,A0279,DEBIT,217721.0,2025-08-11,Debit Card,Restaurant
T03069,A0381,CREDIT,490864.83,2025-06-26,UPI,Entertainment
T07938,A0390,CREDIT,25091.07,2025-04-08,Mobile Banking,Entertainment
T05793,A0150,DEBIT,69834.02,2025-03-05,Mobile Banking,Fuel
T08013,A0105,DEBIT,71195.52,2025-04-20,Debit Card,Retail
T00015,A0060,DEBIT,209710.72,2026-06-26,Mobile Banking,Education
T02087,A0076,DEBIT,358592.7,2025-05-03,Debit Card,Retail
T07227,A0463,CREDIT,36438.49,2025-04-07,UPI,Healthcare
T01544,A0277,CREDIT,240227.11,2025-03-24,ATM,Retail
T04612,A0444,DEBIT,73404.25,2024-06-01,Debit Card,Entertainment
T02289,A0222,DEBIT,358397.76,2026-08-31,ATM,Retail
T06006,A0320,CREDIT,259087.28,2025-01-12,Debit Card,Restaurant
T01561,A0339,CREDIT,16799.32,2025-12-25,ATM,Grocery
T05293,A0005,CREDIT,32840.12,2025-04-09,ATM,Retail
T03040,A0542,DEBIT,456083.46,2025-03-12,UPI,Education
T06524,A0387,DEBIT,156816.68,2026-05-04,Mobile Banking,Restaurant
T05764,A0326,DEBIT,248955.64,2025-06-20,ATM,Grocery
T00828,A0055,DEBIT,352986.39,2024-07-01,Debit Card,Grocery
T03142,A0113,DEBIT,123241.81,2026-02-08,ATM,Healthcare
T00324,A0435,CREDIT,239880.01,2025-06-11,Mobile Banking,Education
T06645,A0472,CREDIT,46774.48,2026-03-27,Net Banking,Education
T06747,A0507,DEBIT,81624.78,2025-10-29,ATM,Fuel
T06559,A0286,CREDIT,312103.18,2026-08-04,Debit Card,Grocery
T02456,A0171,CREDIT,222702.92,2025-08-13,UPI,Utilities
T04834,A0486,CREDIT,470887.79,2025-05-27,Credit Card,Entertainment
T01093,A0259,CREDIT,356834.73,2025-05-17,Credit Card,Grocery
T04344,A0567,CREDIT,450778.23,2024-09-21,Credit Card,Healthcare
T00311,A0232,DEBIT,5030.68,2025-01-21,ATM,Healthcare
T09764,A0420,CREDIT,24556.84,2023-08-23,Telegram,Retail
T08280,A0181,CREDIT,168517.41,2024-12-13,Credit Card,Fuel
T08254,A0203,CREDIT,435680.46,2026-04-09,Credit Card,Healthcare
T08790,A0554,DEBIT,108525.84,2026-04-26,UPI,Retail
T05688,A0213,DEBIT,207721.52,2024-07-11,ATM,Grocery
T03001,A0174,DEBIT,67722.5,2024-10-21,UPI,Retail
T02676,A0270,DEBIT,295701.76,2024-08-27,ATM,Retail
T08405,A0041,DEBIT,493804.56,2024-10-20,Credit Card,Utilities
T04873,A0305,CREDIT,349971.37,2024-07-31,ATM,Entertainment
T01891,A0409,DEBIT,152126.63,2024-05-21,ATM,Online Shopping
T08653,A0126,DEBIT,441872.59,2026-03-09,Net Banking,Retail
T02276,A0193,CREDIT,151118.83,2026-05-11,Debit Card,Retail
T08233,A0194,CREDIT,360068.05,2024-06-08,Mobile Banking,Online Shopping
T00085,A0199,CREDIT,32773.78,2024-05-11,Mobile Banking,Online Shopping
T02530,A0385,CREDIT,104201.24,2024-07-06,Credit Card,Utilities
T08820,A0012,CREDIT,152973.85,2026-03-06,Debit Card,Restaurant
T09226,A0077,CREDIT,38988.75,2025-09-19,UPI,Retail
T07968,A0299,DEBIT,347012.79,2025-06-19,Credit Card,Travel
T00139,A0303,DEBIT,259458.48,2024-08-23,Net Banking,Retail
T04379,A0086,DEBIT,142178.3,2024-12-23,Mobile Banking,Travel
T06196,A0223,DEBIT,146511.35,2024-05-23,ATM,Restaurant
T01563,A0096,DEBIT,395570.66,2025-07-03,Mobile Banking,Travel
T06147,A0021,DEBIT,498766.37,2024-06-09,Net Banking,Grocery
T00689,A0419,CREDIT,289827.2,2024-03-22,Debit Card,Fuel
T07365,A0426,CREDIT,113651.59,2025-05-22,Net Banking,Travel
T04852,A0361,CREDIT,360883.19,2025-01-30,ATM,Grocery
T05405,A0542,DEBIT,94894.26,2026-08-28,Debit Card,Retail
T06941,A0348,CREDIT,142224.24,2025-01-20,Debit Card,Online Shopping
T02205,A0381,CREDIT,450119.07,2024-09-05,Mobile Banking,Entertainment
T07202,A0264,DEBIT,310364.54,2026-08-24,Net Banking,Retail
T08448,A0331,CREDIT,5721.5,2024-05-23,Net Banking,Restaurant
T01453,A0318,DEBIT,50075.66,2025-08-19,UPI,Retail
T07466,A0038,DEBIT,491334.01,2026-01-24,UPI,Entertainment
T07905,A0080,CREDIT,54097.83,2026-03-19,Net Banking,Fuel
T08489,A0409,DEBIT,76672.42,2024-01-29,Mobile Banking,Retail
T00391,A0182,DEBIT,343714.68,2024-07-11,UPI,Grocery
T04453,A0301,CREDIT,52089.08,2025-05-03,Net Banking,Education
T02603,A0444,DEBIT,302340.16,2026-02-08,Debit Card,Grocery
T00704,A0230,DEBIT,269529.8,2024-05-04,Net Banking,Retail
T01124,A0556,CREDIT,320502.12,2026-01-26,UPI,Education
T03972,A0353,CREDIT,95445.52,2025-03-24,Net Banking,Healthcare
T04989,A0417,DEBIT,309105.48,2024-01-22,Debit Card,Grocery
T01238,A0243,CREDIT,244345.1,2025-04-26,UPI,Utilities
T05034,A0378,DEBIT,10824.98,2025-05-24,Credit Card,Utilities
T08603,A0157,DEBIT,455620.01,2024-04-11,Debit Card,Grocery
T02580,A0271,DEBIT,204258.41,2024-02-25,UPI,Grocery
T07498,A0114,CREDIT,330916.67,2026-05-15,Mobile Banking,Grocery
T01915,A0255,DEBIT,330624.45,2025-09-06,Mobile Banking,Grocery
T02758,A0547,CREDIT,176399.11,2026-03-25,Mobile Banking,Healthcare
T06573,A0007,CREDIT,449571.25,2026-07-23,Credit Card,Education
T07844,A0191,CREDIT,242320.54,2025-01-08,UPI,Fuel
T06654,A0558,DEBIT,188778.62,2025-05-30,UPI,Healthcare
T07566,A0437,DEBIT,201680.65,2024-01-05,Net Banking,Fuel
T03435,A0318,DEBIT,269409.15,2024-09-27,Net Banking,Grocery
T05616,A0251,DEBIT,386463.95,2026-02-21,Mobile Banking,Fuel
T08192,A0391,CREDIT,272134.9,2025-01-21,UPI,Retail
T02428,A0071,CREDIT,119899.0,2025-10-21,Net Banking,Fuel
T05931,A0250,DEBIT,454902.13,2026-07-21,UPI,Utilities
T04387,A0528,CREDIT,105798.3,2026-04-19,Debit Card,Education
T06103,A0229,CREDIT,178471.57,2024-05-27,Net Banking,Entertainment
T09418,A0003,CREDIT,42787.04,2024-01-14,UPI,Retail
T01460,A0429,CREDIT,397149.33,2026-05-17,Debit Card,Utilities
T03779,A0051,CREDIT,79034.53,2024-02-01,UPI,Entertainment
T07344,A0201,DEBIT,20281.92,2025-09-09,Debit Card,Online Shopping
T01006,A0160,CREDIT,347565.6,2026-02-19,UPI,Retail
T09704,A0406,DEBIT,-3968.07,2025-10-01,ATM,Utilities
T07814,A0543,CREDIT,182118.51,2024-06-17,ATM,Travel
T04124,A0311,DEBIT,77730.85,2024-05-28,ATM,Restaurant
T01578,A0221,DEBIT,212500.67,2025-09-17,Credit Card,Restaurant
T07168,A0454,CREDIT,417167.18,2026-04-09,ATM,Fuel
T06505,A0110,CREDIT,276693.62,2025-09-05,UPI,Restaurant
T06638,A0508,CREDIT,129326.98,2024-01-25,Debit Card,Travel
T09651,A0381,DEBIT,-4087.03,2025-11-24,Mobile Banking,Restaurant
T07574,A0264,DEBIT,303619.03,2025-02-04,UPI,Grocery
T01810,A0532,DEBIT,174721.53,2024-08-03,Mobile Banking,Utilities
T02489,A0115,CREDIT,415595.96,2026-02-24,Debit Card,Education
T01839,A0027,CREDIT,495050.99,2026-08-10,UPI,Healthcare
T06819,A0269,CREDIT,385016.68,2025-11-29,Net Banking,Online Shopping
T09207,A0048,DEBIT,1661.73,2025-06-08,ATM,Online Shopping
T07166,A0374,DEBIT,353459.08,2026-08-19,Mobile Banking,Healthcare
T09340,A0388,DEBIT,309012.56,2024-10-30,UPI,Restaurant
T06390,A0532,CREDIT,239914.5,2024-06-22,UPI,Travel
T06280,A0241,CREDIT,252979.39,2025-02-15,Debit Card,Utilities
T01483,A0461,CREDIT,198550.39,2025-03-16,UPI,Online Shopping
T09030,A0081,DEBIT,155209.93,2026-05-20,Credit Card,Retail
T03926,A0121,DEBIT,461144.51,2024-03-09,Net Banking,Travel
T09445,A0502,CREDIT,298410.18,2024-09-29,UPI,Fuel
T09141,A0488,CREDIT,116464.95,2025-10-31,Credit Card,Healthcare
T06716,A0281,CREDIT,10333.22,2025-11-05,ATM,Grocery
T08542,A0297,CREDIT,184627.95,2024-05-12,Net Banking,Healthcare
T04553,A0057,DEBIT,418882.28,2025-10-08,Credit Card,Retail
T08740,A0347,DEBIT,342603.3,2026-05-09,UPI,Education
T06053,A0088,DEBIT,244272.49,2025-08-23,Debit Card,Online Shopping
T04265,A0475,DEBIT,352091.76,2025-07-19,Net Banking,Grocery
T09449,A0298,DEBIT,34235.43,2024-06-06,UPI,Education
T03818,A0505,DEBIT,128660.23,2024-08-17,Debit Card,Fuel
T09258,A0348,CREDIT,181686.97,2025-02-04,Net Banking,Online Shopping
T02500,A0269,CREDIT,327638.87,2024-06-23,ATM,Online Shopping
T02994,A0447,CREDIT,100949.58,2024-08-14,UPI,Retail
T00185,A0158,DEBIT,179107.69,2024-08-09,Mobile Banking,Retail
T05863,A0441,CREDIT,167148.79,2024-02-16,Debit Card,Retail
T07066,A0404,CREDIT,435737.14,2024-12-11,Debit Card,Entertainment
T05973,A0284,DEBIT,38564.87,2024-06-01,Mobile Banking,Healthcare
T05269,A0265,DEBIT,468921.69,2025-04-15,Net Banking,Fuel
T03369,A0209,CREDIT,496426.34,2024-08-05,Credit Card,Entertainment
,A0495,DEBIT,32543.92,2024-03-21,UPI,Healthcare
T02067,A0056,CREDIT,84178.23,2024-01-25,Credit Card,Fuel
T05291,A0352,CREDIT,437305.72,2024-03-10,Debit Card,Utilities
T03947,A0046,CREDIT,112976.56,2024-09-27,Net Banking,Healthcare
T03238,A0166,CREDIT,144735.16,2024-05-02,ATM,Education
T02137,A0378,DEBIT,420733.16,2026-07-18,Credit Card,Entertainment
T03101,A0046,DEBIT,183885.48,2025-06-05,Net Banking,Travel
T06258,A0513,DEBIT,423031.35,2024-08-29,Mobile Banking,Healthcare
T02739,A0065,DEBIT,345572.51,2026-05-30,Debit Card,Utilities
,A0023,DEBIT,47127.73,2023-05-17,ATM,Online Shopping
T01565,A0502,CREDIT,397881.57,2026-06-27,Debit Card,Online Shopping
T04155,A0476,DEBIT,438419.31,2025-01-22,Mobile Banking,Fuel
T00045,A0047,DEBIT,367982.81,2025-10-23,UPI,Grocery
T05964,A0560,DEBIT,327934.61,2026-08-13,Debit Card,Education
T09373,A0475,CREDIT,76779.17,2025-11-23,UPI,Entertainment
T06566,A0392,CREDIT,219625.33,2024-01-11,UPI,Healthcare
T09748,A0149,TRANSFER,8626.4,2024-01-03,Mobile Banking,Restaurant
T08277,A0033,CREDIT,110519.52,2024-04-07,Mobile Banking,Online Shopping
T05838,A0148,DEBIT,181480.28,2024-11-21,Debit Card,Online Shopping
T06879,A0520,DEBIT,350579.2,2026-03-25,UPI,Retail
T04263,A0373,CREDIT,385816.99,2024-03-30,UPI,Utilities
T06141,A0374,DEBIT,16305.27,2026-01-16,Net Banking,Online Shopping
T06724,A0462,CREDIT,10989.42,2025-09-02,Net Banking,Entertainment
T08476,A0043,CREDIT,32016.88,2026-04-27,ATM,Retail
T04723,A0146,DEBIT,39179.2,2024-05-26,Mobile Banking,Fuel
T04095,A0213,DEBIT,124547.0,2026-02-07,UPI,Education
T00135,A0495,DEBIT,236931.7,2025-08-18,Credit Card,Fuel
T09463,A0417,CREDIT,271782.39,2025-02-14,Credit Card,Grocery
T04371,A0509,DEBIT,14135.72,2024-06-29,UPI,Utilities
T04952,A0446,DEBIT,240419.25,2024-06-01,Mobile Banking,Healthcare
T04645,A0361,DEBIT,121082.52,2025-11-24,Credit Card,Restaurant
T06713,A0506,DEBIT,281933.64,2026-01-26,ATM,Retail
T09110,A0503,CREDIT,105868.6,2026-01-17,ATM,Entertainment
T09689,A0563,CREDIT,-8090.16,2024-06-27,UPI,Utilities
T04916,A0138,CREDIT,223373.69,2026-03-05,Debit Card,Restaurant
T09185,A0493,DEBIT,4626.58,2026-08-01,Debit Card,Education
T04804,A0359,DEBIT,369082.72,2026-04-19,Net Banking,Utilities
T08827,A0360,DEBIT,364569.28,2024-06-15,Debit Card,Entertainment
T04043,A0326,DEBIT,329363.49,2024-02-23,Mobile Banking,Restaurant
T01535,A0127,DEBIT,162623.3,2025-02-24,Credit Card,Education
T04639,A0131,DEBIT,5940.5,2025-03-22,Credit Card,Education
T05504,A0290,CREDIT,89442.73,2024-07-28,ATM,Online Shopping
T05913,A0164,CREDIT,276658.24,2024-05-27,Net Banking,Online Shopping
T04689,A0032,CREDIT,92261.29,2024-10-28,Debit Card,Entertainment
T08003,A0367,DEBIT,338524.01,2025-05-12,Mobile Banking,Retail
T03199,A0561,CREDIT,162058.39,2024-08-05,Mobile Banking,Restaurant
T09059,A0202,DEBIT,367462.31,2024-03-18,Net Banking,Restaurant
T05797,A0431,DEBIT,496594.12,2025-10-26,Debit Card,Retail
T07298,A0551,CREDIT,153245.07,2024-06-20,Mobile Banking,Healthcare
T00566,A0508,CREDIT,85597.46,2024-07-27,Debit Card,Restaurant
T06587,A0408,CREDIT,228893.72,2024-08-19,Debit Card,Utilities
T03338,A0345,CREDIT,284941.81,2025-07-04,Net Banking,Grocery
T03762,A0372,CREDIT,424502.54,2024-03-05,Debit Card,Travel
T02735,A0409,DEBIT,191609.26,2026-07-07,ATM,Retail
T04244,A0237,CREDIT,352724.17,2024-07-13,Mobile Banking,Restaurant
T04259,A0167,CREDIT,330363.39,2025-07-19,UPI,Utilities
T08069,A0098,CREDIT,247262.72,2025-11-23,Debit Card,Travel
T05119,A0111,DEBIT,151055.19,2024-02-13,ATM,Retail
T09037,A0168,DEBIT,28497.53,2026-06-30,Mobile Banking,Travel
T07146,A0526,CREDIT,352709.86,2025-06-06,Net Banking,Online Shopping
T01229,A0109,CREDIT,476479.86,2025-12-23,Credit Card,Fuel
T09830,A0392,DEBIT,23649.79,bad-date,Net Banking,Utilities
T03170,A0444,CREDIT,8471.87,2026-03-02,Net Banking,Travel
T00308,A0389,CREDIT,482012.45,2024-09-10,UPI,Restaurant
T02343,A0115,CREDIT,235582.61,2025-09-21,Credit Card,Grocery
T09352,A0529,CREDIT,278142.35,2026-08-14,Mobile Banking,Online Shopping
T02131,A0166,CREDIT,207913.72,2026-06-23,Mobile Banking,Online Shopping
T02780,A0202,DEBIT,89420.69,2025-04-26,Mobile Banking,Healthcare
T02627,A0542,DEBIT,261340.86,2024-01-04,Credit Card,Grocery
T04818,A0014,CREDIT,1367.64,2026-01-13,Net Banking,Healthcare
T03750,A0536,DEBIT,352970.32,2025-11-24,UPI,Grocery
T04144,A0336,DEBIT,299861.79,2026-03-20,UPI,Entertainment
T01046,A0073,CREDIT,481682.34,2024-10-09,ATM,Healthcare
T01986,A0063,DEBIT,496604.51,2024-11-18,Credit Card,Fuel
T08257,A0081,DEBIT,54478.32,2026-05-20,ATM,Healthcare
T00268,A0228,CREDIT,197716.66,2025-07-05,Credit Card,Utilities
T04617,A0223,DEBIT,64846.28,2025-06-29,Debit Card,Healthcare
T03014,A0131,CREDIT,372676.25,2025-08-27,Debit Card,Healthcare
T09560,,CREDIT,22252.61,2024-08-08,Debit Card,Entertainment
T01236,A0488,DEBIT,277542.37,2025-08-14,Debit Card,Travel
T04958,A0314,DEBIT,192072.7,2025-09-16,ATM,Fuel
T06156,A0084,CREDIT,464547.05,2025-09-18,ATM,Grocery
T03235,A0211,DEBIT,29474.46,2024-11-27,Credit Card,Online Shopping
T06849,A0154,CREDIT,73688.91,2024-08-28,Debit Card,Grocery
T04928,A0152,DEBIT,198710.67,2024-07-21,UPI,Restaurant
T03389,A0110,DEBIT,258026.85,2025-02-02,Credit Card,Education
T04370,A0036,CREDIT,25715.7,2025-04-25,UPI,Online Shopping
T08430,A0242,DEBIT,271755.68,2025-05-17,ATM,Utilities
T02755,A0173,DEBIT,152641.27,2024-08-09,Mobile Banking,Utilities
T09677,A0245,CREDIT,-3904.05,2025-09-03,Mobile Banking,Restaurant
T00844,A0111,DEBIT,213004.53,2024-10-02,Net Banking,Healthcare
T06244,A0155,DEBIT,134316.3,2025-09-17,ATM,Online Shopping
T04942,A0378,DEBIT,395048.63,2025-07-19,ATM,Fuel
T03704,A0178,DEBIT,445107.08,2025-02-01,ATM,Healthcare
T06647,A0371,CREDIT,261866.67,2026-08-02,Credit Card,Grocery
T02009,A0409,DEBIT,386235.72,2025-04-25,UPI,Education
T09128,A0453,DEBIT,314391.12,2024-03-17,Debit Card,Restaurant
T01798,A0251,CREDIT,160169.83,2026-08-20,Debit Card,Restaurant
T07443,A0006,DEBIT,2338.79,2025-03-07,UPI,Education
T02215,A0080,DEBIT,165041.16,2024-10-05,UPI,Fuel
T02905,A0506,DEBIT,12933.78,2026-02-06,Net Banking,Healthcare
T02717,A0254,CREDIT,86739.25,2024-06-20,ATM,Utilities
T00881,A0082,DEBIT,482583.51,2026-03-23,ATM,Fuel
T05114,A0290,CREDIT,285257.42,2026-07-21,Net Banking,Restaurant
T08179,A0067,DEBIT,155950.74,2025-02-21,Debit Card,Online Shopping
T09623,A9999,DEBIT,36486.29,2026-08-26,Credit Card,Restaurant
T08775,A0559,DEBIT,393362.82,2025-08-12,ATM,Utilities
T04981,A0419,DEBIT,313712.02,2024-08-29,ATM,Utilities
T05950,A0244,DEBIT,14852.9,2025-09-30,Credit Card,Travel
T08001,A0180,DEBIT,480663.4,2026-08-15,Debit Card,Education
T01049,A0106,DEBIT,116167.37,2025-03-24,Debit Card,Online Shopping
T08888,A0144,CREDIT,289651.62,2024-06-25,Credit Card,Restaurant
T06339,A0035,DEBIT,322822.56,2024-10-21,UPI,Online Shopping
T00212,A0203,CREDIT,212065.99,2025-09-12,ATM,Restaurant
T04424,A0292,DEBIT,228338.47,2026-06-14,Debit Card,Healthcare
T01016,A0319,DEBIT,234796.54,2026-07-13,Debit Card,Grocery
T06037,A0458,DEBIT,28083.25,2025-01-27,Net Banking,Travel
T03730,A0414,DEBIT,488977.59,2025-08-23,Debit Card,Retail
T02164,A0407,DEBIT,422135.33,2024-07-05,UPI,Travel
T06616,A0371,CREDIT,104211.24,2026-06-05,Net Banking,Online Shopping
T01516,A0238,CREDIT,138329.8,2026-05-11,Net Banking,Education
T06365,A0141,DEBIT,1254.35,2025-12-07,Mobile Banking,Travel
T08620,A0448,DEBIT,469001.96,2025-02-05,Net Banking,Fuel
T06283,A0536,CREDIT,239072.64,2024-12-24,Debit Card,Utilities
T03776,A0278,DEBIT,286510.31,2026-08-12,Mobile Banking,Online Shopping
T02727,A0403,DEBIT,453845.99,2025-09-18,Net Banking,Fuel
T02340,A0077,CREDIT,91592.56,2024-11-08,Mobile Banking,Online Shopping
T03823,A0113,DEBIT,392163.26,2026-05-07,UPI,Online Shopping
T08146,A0286,DEBIT,188092.08,2026-04-11,UPI,Healthcare
T09230,A0562,DEBIT,105358.75,2025-12-03,Mobile Banking,Grocery
T07253,A0177,DEBIT,52213.56,2025-11-19,ATM,Education
T07748,A0459,DEBIT,393151.93,2025-09-24,Net Banking,Healthcare
T01614,A0410,DEBIT,363022.21,2025-06-18,Net Banking,Restaurant
T04403,A0179,CREDIT,467744.15,2024-04-16,Credit Card,Education
T03293,A0367,CREDIT,317545.64,2025-06-08,Debit Card,Travel
T04331,A0443,DEBIT,11976.12,2026-01-08,UPI,Utilities
T05559,A0320,CREDIT,469544.41,2025-10-07,ATM,Retail
T00856,A0028,CREDIT,442805.51,2024-07-01,ATM,Utilities
T03660,A0552,CREDIT,476140.76,2024-09-20,ATM,Entertainment
T03041,A0239,DEBIT,410309.06,2026-06-07,UPI,Online Shopping
T06249,A0212,CREDIT,241883.34,2025-09-03,UPI,Utilities
T03541,A0307,CREDIT,217995.74,2025-09-21,Debit Card,Travel
T02156,A0512,DEBIT,398053.41,2025-02-15,Net Banking,Restaurant
T01720,A0272,DEBIT,284758.96,2026-01-20,UPI,Education
T02213,A0047,DEBIT,159278.38,2025-08-05,UPI,Grocery
T09527,,CREDIT,23246.14,2024-04-07,Debit Card,Grocery
T03400,A0439,DEBIT,302415.7,2024-08-01,UPI,Travel
T03825,A0149,CREDIT,262210.33,2026-02-16,Net Banking,Travel
T01149,A0157,DEBIT,252846.74,2024-08-18,ATM,Travel
T06510,A0213,DEBIT,178687.66,2026-06-01,Mobile Banking,Restaurant
T04411,A0119,CREDIT,361049.64,2025-08-18,Mobile Banking,Travel
T06237,A0211,DEBIT,16406.3,2025-11-10,ATM,Fuel
T09522,,DEBIT,19980.37,2026-06-29,Mobile Banking,Online Shopping
T02217,A0462,DEBIT,178940.58,2024-07-08,UPI,Entertainment
T04833,A0431,CREDIT,17563.2,2026-02-13,Net Banking,Utilities
T00902,A0515,DEBIT,112627.1,2025-02-17,Credit Card,Entertainment
T01586,A0268,DEBIT,274498.82,2026-04-27,ATM,Retail
T06928,A0125,DEBIT,195725.18,2024-01-06,UPI,Travel
T02915,A0504,DEBIT,1446.15,2024-10-18,UPI,Fuel
T04898,A0130,CREDIT,150548.13,2026-06-14,UPI,Retail
T09021,A0377,DEBIT,420073.59,2024-01-04,Mobile Banking,Utilities
T09240,A0273,DEBIT,317213.61,2026-03-28,Debit Card,Restaurant
T04122,A0035,DEBIT,399848.72,2025-03-02,UPI,Utilities
T08209,A0052,DEBIT,347688.51,2026-08-28,Debit Card,Fuel
T07463,A0168,DEBIT,137890.06,2025-03-30,Debit Card,Entertainment
T08425,A0208,CREDIT,252785.82,2026-01-11,ATM,Education
T08059,A0246,CREDIT,372865.05,2025-05-11,Net Banking,Retail
T03604,A0428,DEBIT,258440.19,2024-04-07,Net Banking,Fuel
T03592,A0237,CREDIT,14250.58,2025-07-08,ATM,Entertainment
T05882,A0388,DEBIT,188580.85,2024-01-06,Credit Card,Grocery
T09708,A0202,DEBIT,-7203.7,2024-03-24,Net Banking,Utilities
,A0486,CREDIT,5867.26,2025-08-02,Debit Card,Restaurant
T04471,A0442,DEBIT,231393.71,2026-07-27,Net Banking,Restaurant
T04173,A0201,DEBIT,422914.18,2025-01-20,Debit Card,Travel
T08046,A0384,DEBIT,281720.57,2025-11-18,Debit Card,Fuel
T00379,A0299,CREDIT,319843.71,2026-08-22,Debit Card,Grocery
T02486,A0422,CREDIT,209252.7,2025-02-15,Debit Card,Fuel
T06863,A0026,CREDIT,417788.84,2026-02-24,UPI,Restaurant
T06384,A0267,DEBIT,487175.55,2024-10-12,Net Banking,Restaurant
T01350,A0248,DEBIT,248617.03,2024-03-17,Credit Card,Fuel
T05186,A0241,DEBIT,183256.82,2026-02-02,Credit Card,Fuel
T06721,A0133,DEBIT,318181.56,2026-02-21,Credit Card,Restaurant
T05828,A0180,CREDIT,10240.33,2024-06-23,Debit Card,Education
T07497,A0118,CREDIT,417335.25,2026-06-01,Net Banking,Entertainment
T09604,A9999,CREDIT,44623.33,2025-10-31,Net Banking,Retail
T07259,A0268,DEBIT,212720.25,2026-01-02,ATM,Grocery
T08156,A0408,CREDIT,347332.58,2024-07-12,Debit Card,Education
T00719,A0111,CREDIT,36968.9,2026-07-31,Debit Card,Entertainment
T00152,A0215,DEBIT,225040.97,2025-07-25,UPI,Utilities
T09735,A0502,TRANSFER,22701.44,2025-05-25,ATM,Fuel
T05257,A0438,DEBIT,403385.57,2024-02-19,Credit Card,Retail
T03046,A0218,DEBIT,334019.92,2024-01-13,Net Banking,Healthcare
T00263,A0448,CREDIT,111853.06,2024-04-28,Debit Card,Online Shopping
T09826,A0098,CREDIT,26541.95,bad-date,UPI,Healthcare
T06709,A0063,DEBIT,486580.22,2024-10-18,Credit Card,Entertainment
T02305,A0258,DEBIT,89183.58,2024-11-21,Mobile Banking,Online Shopping
T04490,A0028,DEBIT,462543.98,2025-05-04,Net Banking,Restaurant
T06277,A0213,CREDIT,67678.48,2025-04-09,Mobile Banking,Grocery
T03881,A0439,DEBIT,499928.61,2025-01-11,Mobile Banking,Utilities
T07873,A0370,DEBIT,310064.03,2026-08-19,Net Banking,Online Shopping
T02757,A0163,CREDIT,91865.1,2024-12-24,UPI,Online Shopping
T04262,A0509,DEBIT,87260.96,2024-12-14,Mobile Banking,Travel
T05067,A0434,CREDIT,26726.32,2025-09-04,Mobile Banking,Restaurant
T07990,A0118,CREDIT,215716.06,2025-04-19,UPI,Retail
T00687,A0184,DEBIT,231415.86,2025-03-26,UPI,Entertainment
T01705,A0463,CREDIT,341056.17,2026-05-01,UPI,Healthcare
T08470,A0383,CREDIT,454977.42,2025-02-15,Net Banking,Fuel
T01701,A0354,DEBIT,60719.98,2024-08-11,Credit Card,Online Shopping
T08712,A0547,CREDIT,123007.41,2024-01-08,Mobile Banking,Education
T01247,A0290,CREDIT,395375.58,2025-03-09,Mobile Banking,Retail
T02621,A0425,CREDIT,390359.07,2024-04-17,Mobile Banking,Healthcare
T09320,A0170,CREDIT,346843.87,2026-03-14,Debit Card,Fuel
T09326,A0330,CREDIT,131398.54,2026-03-09,Credit Card,Retail
T01003,A0235,CREDIT,325251.28,2026-04-09,Credit Card,Entertainment
T00399,A0557,DEBIT,313780.18,2024-05-06,UPI,Retail
T01018,A0490,DEBIT,374384.59,2026-05-22,Net Banking,Travel
T03205,A0473,CREDIT,14710.54,2024-01-24,Credit Card,Travel
T01191,A0533,CREDIT,244855.56,2026-07-16,ATM,Retail
T00166,A0163,DEBIT,293787.23,2025-05-29,Mobile Banking,Entertainment
T06715,A0543,CREDIT,381373.86,2024-02-20,UPI,Healthcare
T01921,A0033,CREDIT,348537.57,2024-10-07,UPI,Fuel
T02918,A0560,CREDIT,89187.71,2026-04-03,Net Banking,Retail
T04150,A0240,CREDIT,351441.26,2025-07-23,UPI,Utilities
T06999,A0313,DEBIT,451366.34,2024-07-17,UPI,Online Shopping
T00792,A0205,CREDIT,268911.97,2024-12-04,UPI,Retail
T01836,A0196,DEBIT,467590.91,2025-07-16,Debit Card,Education
T08642,A0299,CREDIT,179200.76,2024-03-02,Net Banking,Utilities
T05015,A0026,CREDIT,360399.99,2024-11-07,UPI,Online Shopping
T05535,A0447,DEBIT,476069.07,2025-10-07,Mobile Banking,Online Shopping
T08886,A0567,DEBIT,88804.95,2024-10-01,Debit Card,Restaurant
T05796,A0557,DEBIT,37376.39,2025-04-15,Credit Card,Restaurant
T08960,A0503,CREDIT,332682.23,2025-07-04,Debit Card,Restaurant
T05680,A0129,DEBIT,244993.95,2026-07-09,Net Banking,Utilities
T09217,A0214,CREDIT,23749.17,2024-05-13,ATM,Restaurant
T01595,A0517,DEBIT,376289.41,2024-09-24,ATM,Online Shopping
T05192,A0223,DEBIT,232413.17,2024-03-19,ATM,Travel
T01635,A0110,DEBIT,389338.64,2024-04-24,Net Banking,Grocery
T00903,A0294,DEBIT,78568.2,2026-06-13,ATM,Healthcare
T09347,A0208,CREDIT,304848.57,2024-06-01,ATM,Grocery
T06490,A0314,DEBIT,270524.6,2025-10-18,Net Banking,Restaurant
T06740,A0518,CREDIT,383630.69,2025-10-12,Credit Card,Retail
T07658,A0387,CREDIT,137449.46,2026-06-07,Net Banking,Restaurant
T00440,A0133,CREDIT,165725.96,2026-07-07,Mobile Banking,Education
T03740,A0003,CREDIT,163724.45,2024-09-25,Debit Card,Online Shopping
T04642,A0545,DEBIT,123381.9,2025-07-26,Net Banking,Utilities
T00054,A0293,CREDIT,91416.2,2026-02-25,UPI,Grocery
T02437,A0454,DEBIT,466764.33,2025-08-29,Credit Card,Fuel
T01599,A0389,DEBIT,20287.54,2025-03-21,Credit Card,Retail
T09333,A0153,CREDIT,391871.09,2026-03-03,ATM,Online Shopping
T08113,A0241,DEBIT,67538.05,2025-10-19,UPI,Healthcare
T03585,A0181,DEBIT,212189.03,2026-01-14,ATM,Retail
T06312,A0102,DEBIT,485405.17,2024-11-20,UPI,Online Shopping
T07494,A0418,CREDIT,49657.31,2024-01-16,Net Banking,Fuel
T07401,A0137,CREDIT,101057.61,2024-10-23,ATM,Retail
T03811,A0420,DEBIT,251240.67,2025-09-17,Credit Card,Restaurant
T00288,A0012,CREDIT,58402.15,2024-05-04,Credit Card,Education
T07009,A0081,DEBIT,282030.8,2025-12-07,UPI,Education
T03474,A0452,CREDIT,324178.75,2026-05-11,Debit Card,Education
T05842,A0038,DEBIT,365584.06,2026-03-03,Credit Card,Retail
T09127,A0286,CREDIT,134609.7,2024-08-22,Mobile Banking,Grocery
T01918,A0329,CREDIT,200364.09,2026-03-09,Mobile Banking,Retail
T03903,A0524,CREDIT,343606.01,2024-05-27,UPI,Travel
T04760,A0192,CREDIT,165626.24,2024-09-12,Debit Card,Utilities
T04156,A0532,DEBIT,254431.91,2025-06-13,UPI,Entertainment
T06853,A0431,DEBIT,428357.18,2024-11-29,Debit Card,Education
T00098,A0450,CREDIT,312711.84,2025-08-15,UPI,Online Shopping
T04903,A0108,DEBIT,429024.85,2025-07-02,ATM,Entertainment
T05768,A0202,DEBIT,300621.74,2026-05-30,Mobile Banking,Retail
T05235,A0304,CREDIT,486255.2,2026-03-24,Mobile Banking,Utilities
T03542,A0087,CREDIT,342869.42,2026-05-26,ATM,Fuel
T06403,A0238,DEBIT,29073.66,2026-08-10,ATM,Education
T04287,A0241,DEBIT,198023.27,2024-09-05,UPI,Fuel
T03299,A0114,DEBIT,171069.8,2026-08-22,Credit Card,Fuel
T06938,A0355,DEBIT,269011.84,2026-01-31,Mobile Banking,Education
T02591,A0432,CREDIT,245635.4,2025-02-23,Net Banking,Grocery
T03602,A0460,CREDIT,157930.34,2026-08-10,ATM,Online Shopping
T02648,A0436,CREDIT,407042.31,2024-11-19,ATM,Retail
T02329,A0066,CREDIT,88472.43,2024-06-04,UPI,Grocery
T08656,A0080,CREDIT,234643.55,2025-10-26,ATM,Travel
T00896,A0442,DEBIT,497913.34,2024-01-24,Debit Card,Education
T07420,A0041,CREDIT,196116.36,2026-07-06,ATM,Healthcare
T00544,A0472,CREDIT,63231.72,2026-06-01,ATM,Fuel
T08626,A0342,CREDIT,101429.84,2026-06-19,Credit Card,Retail
T04374,A0084,CREDIT,494879.65,2024-06-25,Net Banking,Entertainment
T05537,A0026,DEBIT,317396.5,2025-07-10,Mobile Banking,Online Shopping
T07299,A0206,DEBIT,322468.17,2024-10-02,Net Banking,Utilities
T04376,A0236,DEBIT,160713.43,2026-06-06,Mobile Banking,Entertainment
T07158,A0002,CREDIT,59504.8,2025-07-01,Debit Card,Healthcare
T09220,A0365,CREDIT,405564.69,2025-09-29,Net Banking,Entertainment
T03563,A0559,DEBIT,79925.57,2024-01-03,UPI,Travel
T07139,A0180,DEBIT,26619.4,2025-02-28,Debit Card,Online Shopping
T02366,A0077,CREDIT,233597.73,2025-03-31,Credit Card,Online Shopping
T05340,A0528,DEBIT,216898.12,2026-08-16,Net Banking,Restaurant
T04879,A0201,CREDIT,114076.21,2025-06-13,Debit Card,Entertainment
T00188,A0005,CREDIT,386227.61,2026-02-24,ATM,Travel
T09497,A0419,CREDIT,199922.62,2025-12-03,Credit Card,Restaurant
T04811,A0355,CREDIT,387237.44,2025-07-22,UPI,Education
T06210,A0268,DEBIT,192589.14,2024-06-06,Debit Card,Entertainment
T06057,A0496,DEBIT,438297.37,2026-01-07,Mobile Banking,Fuel
T02883,A0073,CREDIT,150329.45,2024-01-18,ATM,Education
T02743,A0268,DEBIT,302771.77,2024-05-09,Debit Card,Restaurant
T05759,A0014,CREDIT,12885.14,2026-07-27,Net Banking,Retail
T06023,A0082,CREDIT,147708.19,2025-07-18,ATM,Education
T06356,A0070,DEBIT,223511.6,2024-06-05,Credit Card,Healthcare
T00095,A0029,DEBIT,216031.28,2024-01-25,Net Banking,Utilities
T09731,A0168,TRANSFER,29312.16,2026-08-18,Credit Card,Online Shopping
T09090,A0497,DEBIT,238460.02,2025-09-17,UPI,Restaurant
T05857,A0325,DEBIT,127808.3,2026-04-09,UPI,Grocery
T01754,A0049,CREDIT,260819.14,2025-12-22,Debit Card,Fuel
T01367,A0194,DEBIT,463910.07,2025-04-10,Net Banking,Fuel
T01441,A0476,CREDIT,463033.21,2025-12-15,Net Banking,Education
T00117,A0225,CREDIT,319419.65,2025-12-10,ATM,Entertainment
T09667,A0259,DEBIT,-937.18,2024-08-12,ATM,Retail
T00786,A0144,DEBIT,199762.89,2024-10-30,UPI,Healthcare
T00954,A0097,DEBIT,171281.62,2025-12-04,Net Banking,Grocery
T05989,A0148,CREDIT,74601.31,2025-12-02,Mobile Banking,Utilities
T00355,A0150,DEBIT,8928.91,2024-07-23,UPI,Retail
T03960,A0427,CREDIT,421441.2,2025-01-23,Mobile Banking,Fuel
T09287,A0292,DEBIT,6970.44,2025-06-19,ATM,Healthcare
T09148,A0124,DEBIT,250342.56,2025-11-10,Debit Card,Utilities
T03856,A0116,DEBIT,105333.48,2025-08-30,Credit Card,Entertainment
T08004,A0330,CREDIT,280412.22,2026-06-01,Debit Card,Retail
T09467,A0410,CREDIT,142926.55,2025-11-14,Debit Card,Restaurant
T04298,A0338,DEBIT,333029.98,2026-03-27,Net Banking,Online Shopping
T00481,A0344,CREDIT,463181.79,2025-04-14,Credit Card,Utilities
T06227,A0498,DEBIT,329981.9,2024-05-03,Debit Card,Healthcare
T07112,A0367,CREDIT,53245.35,2025-08-12,Mobile Banking,Fuel
T04256,A0368,CREDIT,158993.78,2024-01-19,Mobile Banking,Fuel
T03057,A0534,DEBIT,305301.04,2026-06-10,UPI,Entertainment
T03187,A0182,DEBIT,415205.71,2024-12-30,Credit Card,Online Shopping
T08451,A0165,DEBIT,322471.93,2026-06-16,Debit Card,Retail
T08279,A0374,CREDIT,205686.94,2026-07-02,Debit Card,Fuel
T02387,A0558,CREDIT,135352.73,2026-05-03,Debit Card,Utilities
T00712,A0267,DEBIT,170851.74,2024-04-30,UPI,Healthcare
T05412,A0502,DEBIT,177364.04,2024-09-20,Credit Card,Healthcare
T05666,A0258,DEBIT,72275.38,2026-04-24,Net Banking,Retail
T04859,A0055,DEBIT,409099.06,2024-03-12,UPI,Online Shopping
T02944,A0050,DEBIT,464070.37,2024-02-23,Credit Card,Travel
T03883,A0137,CREDIT,135118.31,2024-03-28,ATM,Travel
T05758,A0301,DEBIT,61162.88,2024-11-19,Net Banking,Entertainment
T09763,A0483,CREDIT,25100.88,2023-06-09,Telegram,Healthcare
T04152,A0028,DEBIT,322039.15,2024-10-29,Credit Card,Online Shopping
T00477,A0171,DEBIT,108147.03,2024-08-02,ATM,Fuel
T06075,A0096,CREDIT,330627.05,2024-06-29,Net Banking,Travel
T02823,A0522,CREDIT,336484.66,2025-08-03,Net Banking,Grocery
T07006,A0292,DEBIT,403233.89,2024-07-08,Net Banking,Education
,A0357,CREDIT,16146.73,2024-11-20,Net Banking,Utilities
T07238,A0145,CREDIT,29071.48,2024-11-10,Credit Card,Entertainment
T05090,A0252,DEBIT,224204.26,2024-11-24,ATM,Education
T01412,A0377,DEBIT,57856.54,2026-07-14,Credit Card,Healthcare
T05188,A0238,DEBIT,211689.29,2026-05-31,Mobile Banking,Entertainment
T09815,A0135,CREDIT,30705.24,bad-date,ATM,Retail
T08619,A0444,CREDIT,299893.64,2025-01-17,UPI,Entertainment
T06583,A0547,CREDIT,45393.01,2025-11-18,ATM,Utilities
T01980,A0268,DEBIT,213805.99,2026-04-25,Net Banking,Travel
T02658,A0159,DEBIT,427055.56,2025-10-16,UPI,Fuel
T05806,A0413,CREDIT,267753.7,2024-01-08,Mobile Banking,Travel
T06594,A0563,CREDIT,193666.44,2024-10-01,UPI,Fuel
T02066,A0337,DEBIT,352109.39,2025-03-31,Mobile Banking,Healthcare
T04414,A0214,DEBIT,188500.76,2024-09-12,Net Banking,Fuel
T09079,A0319,DEBIT,349058.37,2025-10-10,UPI,Restaurant
T02020,A0006,DEBIT,467268.71,2026-08-21,UPI,Entertainment
T09670,A0547,CREDIT,-4717.59,2025-03-18,UPI,Travel
T06953,A0172,CREDIT,181566.4,2024-12-09,Debit Card,Travel
T00874,A0333,DEBIT,318027.75,2025-09-02,UPI,Utilities
T05672,A0434,DEBIT,71712.06,2025-10-19,Debit Card,Retail
T03413,A0501,CREDIT,444235.14,2024-02-23,Debit Card,Entertainment
T08329,A0346,CREDIT,243797.65,2025-05-15,ATM,Online Shopping
T07601,A0486,DEBIT,239322.6,2024-12-02,Debit Card,Retail
T02926,A0308,DEBIT,425017.1,2025-05-30,Net Banking,Retail
T03209,A0213,CREDIT,65994.27,2024-05-05,Debit Card,Healthcare
T09665,A0119,DEBIT,-9091.91,2023-01-26,Credit Card,Utilities
T09295,A0240,DEBIT,9028.9,2025-10-15,ATM,Entertainment
T08940,A0159,DEBIT,457452.33,2025-11-07,Credit Card,Fuel
T01559,A0106,DEBIT,359243.64,2024-08-14,Mobile Banking,Travel
T03291,A0425,CREDIT,463229.1,2025-03-04,Mobile Banking,Education
T01697,A0176,CREDIT,172436.09,2025-02-14,UPI,Entertainment
T05288,A0013,CREDIT,189739.78,2025-05-16,Credit Card,Grocery
T08786,A0193,DEBIT,435889.52,2025-09-13,Mobile Banking,Education
T04431,A0181,DEBIT,69840.96,2026-08-18,ATM,Education
T07215,A0435,CREDIT,264548.88,2024-12-15,UPI,Online Shopping
T03799,A0297,DEBIT,36801.58,2025-12-29,UPI,Restaurant
T02468,A0081,CREDIT,345134.54,2025-06-05,Mobile Banking,Fuel
T00743,A0220,CREDIT,217215.96,2025-05-17,Net Banking,Fuel
T09307,A0316,DEBIT,423407.71,2025-12-07,ATM,Travel
T06032,A0317,DEBIT,497640.85,2024-08-20,Mobile Banking,Healthcare
T04775,A0462,CREDIT,311148.4,2026-05-12,Net Banking,Entertainment
T05409,A0208,CREDIT,12121.85,2025-09-26,UPI,Entertainment
T06993,A0078,DEBIT,96469.86,2024-03-17,ATM,Utilities
T01253,A0054,DEBIT,276332.3,2025-01-12,ATM,Utilities
T07427,A0191,CREDIT,473077.02,2026-05-24,ATM,Travel
T05255,A0501,DEBIT,126630.69,2026-03-08,Debit Card,Fuel
T06325,A0013,CREDIT,31919.31,2024-03-06,Mobile Banking,Utilities
T03970,A0236,DEBIT,140033.5,2024-01-24,Credit Card,Retail
T00332,A0404,CREDIT,461535.88,2026-08-09,Mobile Banking,Education
T04726,A0295,DEBIT,203177.57,2025-02-03,Net Banking,Online Shopping
T01190,A0174,DEBIT,425641.29,2024-07-15,Net Banking,Restaurant
T08025,A0082,CREDIT,495715.23,2025-08-08,Mobile Banking,Retail
T05916,A0066,DEBIT,13013.92,2025-06-26,Debit Card,Online Shopping
T01522,A0084,DEBIT,84273.07,2025-10-26,Net Banking,Online Shopping
T07397,A0258,DEBIT,442251.18,2025-01-14,UPI,Online Shopping
T09487,A0301,DEBIT,230742.61,2026-07-05,Credit Card,Entertainment
T06119,A0441,CREDIT,251049.11,2025-09-22,UPI,Utilities
T06110,A0318,DEBIT,375108.85,2026-02-04,Mobile Banking,Utilities
T07588,A0327,DEBIT,397734.04,2026-05-20,Mobile Banking,Healthcare
T08802,A0082,DEBIT,350266.35,2025-02-02,Credit Card,Entertainment
T09707,A0209,DEBIT,-7881.58,2026-06-09,Mobile Banking,Healthcare
T08853,A0019,CREDIT,33750.21,2025-07-03,Credit Card,Grocery
T02822,A0486,CREDIT,471758.34,2025-08-17,Net Banking,Grocery
T06908,A0200,CREDIT,37673.28,2025-11-09,Credit Card,Retail
T06487,A0510,CREDIT,473383.78,2025-07-22,Net Banking,Restaurant
T05959,A0395,DEBIT,178513.36,2026-05-02,Debit Card,Grocery
T02141,A0401,CREDIT,342460.42,2025-09-11,ATM,Travel
T08241,A0407,CREDIT,396189.7,2024-03-20,Debit Card,Entertainment
T06904,A0134,DEBIT,83815.51,2025-02-09,UPI,Education
T02290,A0131,DEBIT,229280.49,2026-08-27,Net Banking,Retail
T01462,A0082,CREDIT,293882.78,2024-04-30,ATM,Online Shopping
T09042,A0529,CREDIT,75009.66,2024-03-21,ATM,Online Shopping
T07019,A0180,CREDIT,100128.78,2025-05-13,UPI,Healthcare
T08547,A0391,CREDIT,138116.88,2026-08-21,Mobile Banking,Online Shopping
T04559,A0016,DEBIT,86443.0,2025-05-13,Net Banking,Utilities
T05906,A0113,DEBIT,483191.39,2024-11-17,Credit Card,Fuel
T06857,A0185,CREDIT,433658.69,2026-02-06,Credit Card,Retail
T00297,A0263,CREDIT,42396.7,2024-05-07,Net Banking,Restaurant
T04099,A0494,CREDIT,9312.42,2024-07-23,UPI,Healthcare
T05337,A0342,DEBIT,405617.7,2024-08-05,Credit Card,Fuel
T07047,A0284,DEBIT,252600.23,2025-02-27,UPI,Education
T07662,A0062,CREDIT,251369.47,2024-05-17,UPI,Online Shopping
T07384,A0252,DEBIT,143723.64,2025-04-26,ATM,Grocery
T04299,A0388,DEBIT,263171.19,2026-04-23,ATM,Restaurant
T06456,A0248,DEBIT,316394.28,2024-10-05,Mobile Banking,Restaurant
T02969,A0356,DEBIT,286083.6,2025-01-17,ATM,Grocery
T09407,A0118,DEBIT,421312.16,2024-06-21,Credit Card,Grocery
T04597,A0541,DEBIT,459532.54,2025-12-22,Credit Card,Fuel
T04141,A0103,DEBIT,330325.01,2025-05-30,Credit Card,Education
T03025,A0479,DEBIT,195768.36,2026-02-10,Mobile Banking,Utilities
T05935,A0230,CREDIT,128666.78,2026-08-04,ATM,Utilities
T04443,A0232,DEBIT,218872.0,2024-03-22,Mobile Banking,Retail
T01469,A0323,CREDIT,3818.61,2026-03-13,ATM,Restaurant
T03455,A0516,DEBIT,489368.12,2024-04-06,Net Banking,Fuel
T07676,A0132,CREDIT,454393.26,2026-04-26,Debit Card,Fuel
T02604,A0366,DEBIT,287458.54,2024-06-25,UPI,Healthcare
T01671,A0453,CREDIT,374663.35,2024-11-12,Net Banking,Travel
T01936,A0129,CREDIT,257382.42,2024-09-23,Debit Card,Utilities
T08164,A0515,CREDIT,213636.62,2024-11-24,Debit Card,Education
T00977,A0480,CREDIT,230455.76,2024-12-07,ATM,Restaurant
T04470,A0170,DEBIT,35531.79,2024-11-22,Credit Card,Utilities
T06726,A0254,CREDIT,189697.21,2024-09-22,ATM,Online Shopping
T08433,A0202,CREDIT,464589.44,2024-06-29,Net Banking,Fuel
T03335,A0292,DEBIT,207101.13,2026-07-22,Credit Card,Online Shopping
T05601,A0502,CREDIT,296557.4,2024-01-30,Debit Card,Utilities
T04603,A0483,DEBIT,180289.27,2024-10-09,UPI,Fuel
T01256,A0332,CREDIT,441641.48,2024-02-27,Mobile Banking,Grocery
T04180,A0348,CREDIT,196661.42,2026-04-10,Net Banking,Education
T09812,A0270,CREDIT,11436.15,bad-date,ATM,Healthcare
T01325,A0298,DEBIT,213423.13,2025-12-04,ATM,Online Shopping
T00173,A0098,DEBIT,349352.51,2024-02-14,ATM,Grocery
T09343,A0411,CREDIT,418267.27,2025-03-17,UPI,Education
T04607,A0191,DEBIT,487486.8,2025-02-10,Net Banking,Travel
T07761,A0559,DEBIT,64278.62,2025-08-19,UPI,Travel
T05164,A0243,DEBIT,67240.67,2026-06-05,Mobile Banking,Entertainment
T00676,A0389,CREDIT,329996.85,2025-06-29,UPI,Restaurant
T09246,A0240,CREDIT,220392.93,2026-03-15,Debit Card,Healthcare
T07482,A0486,CREDIT,342681.19,2024-03-07,Debit Card,Travel
T01543,A0461,CREDIT,344246.61,2024-10-09,Credit Card,Healthcare
T06735,A0246,DEBIT,305214.56,2024-10-26,ATM,Utilities
T08478,A0322,CREDIT,272658.16,2026-06-29,Net Banking,Fuel
T00383,A0137,DEBIT,449178.05,2024-10-28,Debit Card,Retail
T05222,A0301,CREDIT,392936.54,2024-01-30,Credit Card,Travel
T07105,A0422,CREDIT,30550.1,2024-12-08,Debit Card,Entertainment
T01748,A0105,CREDIT,430239.06,2026-08-20,Net Banking,Online Shopping
T06529,A0185,DEBIT,182270.05,2025-06-25,UPI,Restaurant
T09498,A0206,CREDIT,119453.13,2024-12-08,Debit Card,Education
T03950,A0311,DEBIT,362708.36,2024-08-10,UPI,Education
T05369,A0146,CREDIT,2572.95,2024-03-19,Mobile Banking,Education
T08473,A0014,DEBIT,369030.31,2025-11-20,Credit Card,Fuel
T01770,A0295,CREDIT,251065.38,2024-11-07,Net Banking,Online Shopping
T09133,A0358,CREDIT,57291.03,2026-08-13,Credit Card,Grocery
T04690,A0097,CREDIT,455619.2,2025-07-26,UPI,Healthcare
T00246,A0246,DEBIT,332572.63,2025-01-22,Net Banking,Retail
T06811,A0019,CREDIT,453156.38,2024-07-05,Debit Card,Healthcare
T07971,A0073,DEBIT,316874.38,2025-09-29,UPI,Restaurant
T00851,A0384,CREDIT,238724.31,2024-12-18,UPI,Entertainment
T07782,A0155,DEBIT,86127.01,2024-12-25,Net Banking,Grocery
T06338,A0444,DEBIT,290286.03,2024-11-18,UPI,Healthcare
T00626,A0386,DEBIT,302960.31,2024-07-03,Net Banking,Education
T06699,A0410,CREDIT,327296.9,2026-06-09,Credit Card,Restaurant
T06001,A0484,CREDIT,496609.47,2026-07-03,Mobile Banking,Education
T08309,A0475,DEBIT,201991.74,2024-02-27,Credit Card,Retail
T08092,A0164,DEBIT,67401.8,2026-06-27,Net Banking,Education
T08660,A0354,DEBIT,90117.5,2025-01-11,ATM,Entertainment
T01022,A0337,DEBIT,334211.35,2025-06-16,Net Banking,Fuel
T01478,A0292,DEBIT,9055.66,2025-08-26,Mobile Banking,Online Shopping
T04192,A0049,CREDIT,327608.77,2024-07-16,Net Banking,Restaurant
T09618,A9999,DEBIT,44879.03,2025-11-06,Net Banking,Travel
T05083,A0323,DEBIT,8384.7,2025-08-09,Debit Card,Travel
T03846,A0157,DEBIT,149537.77,2026-03-23,Debit Card,Fuel
T03445,A0545,CREDIT,86827.74,2025-10-21,ATM,Utilities
T01693,A0486,DEBIT,461552.72,2024-06-13,Net Banking,Fuel
T08163,A0247,DEBIT,263698.33,2026-02-05,Debit Card,Utilities
T04036,A0331,DEBIT,342227.51,2026-07-22,Mobile Banking,Entertainment
T05878,A0238,CREDIT,345938.32,2025-04-27,UPI,Entertainment
T01015,A0426,DEBIT,67289.26,2025-09-09,Mobile Banking,Retail
T09410,A0163,DEBIT,231060.13,2026-02-14,Debit Card,Fuel
T07302,A0467,CREDIT,446124.88,2025-10-27,ATM,Restaurant
T05298,A0383,CREDIT,262790.15,2025-02-25,Net Banking,Retail
T09477,A0384,CREDIT,40284.4,2024-06-13,Credit Card,Online Shopping
T06734,A0527,CREDIT,207260.55,2025-10-29,ATM,Online Shopping
T08270,A0033,DEBIT,220148.72,2025-09-26,Net Banking,Healthcare
T02850,A0136,CREDIT,278778.91,2025-06-27,ATM,Retail
T00089,A0331,DEBIT,422186.34,2025-02-20,Debit Card,Online Shopping
T07364,A0329,DEBIT,282683.15,2026-05-10,UPI,Grocery
T01555,A0251,DEBIT,22997.14,2024-12-10,Debit Card,Entertainment
T07262,A0074,DEBIT,52245.63,2025-01-15,Mobile Banking,Grocery
T01927,A0335,CREDIT,459566.45,2025-10-03,Credit Card,Restaurant
T00890,A0352,DEBIT,159889.44,2026-04-22,Credit Card,Grocery
T09432,A0464,DEBIT,42792.15,2025-07-28,ATM,Utilities
T04325,A0320,CREDIT,116120.2,2024-05-20,Credit Card,Healthcare
T02583,A0071,DEBIT,44876.69,2024-01-31,Mobile Banking,Restaurant
T09511,,CREDIT,45443.11,2026-02-13,Net Banking,Online Shopping
T01212,A0224,DEBIT,125549.8,2024-12-19,Mobile Banking,Travel
T05809,A0165,DEBIT,290044.8,2025-04-18,Mobile Banking,Restaurant
T09456,A0329,CREDIT,64467.17,2024-06-27,Debit Card,Fuel
T08294,A0338,DEBIT,145725.59,2025-03-06,Debit Card,Fuel
T09423,A0204,CREDIT,312530.03,2024-06-02,ATM,Entertainment
T02124,A0131,CREDIT,317058.53,2024-02-21,Debit Card,Grocery
T08545,A0258,CREDIT,152212.73,2024-11-29,ATM,Travel
T02795,A0241,DEBIT,390136.91,2025-09-09,UPI,Retail
T04174,A0158,DEBIT,329460.65,2025-02-01,Net Banking,Entertainment
T05654,A0015,DEBIT,220064.19,2026-01-04,UPI,Utilities
T01027,A0193,DEBIT,226106.85,2024-08-07,Credit Card,Fuel
T02095,A0154,CREDIT,394659.48,2024-11-11,Debit Card,Online Shopping
T06464,A0261,DEBIT,462624.11,2025-04-08,Net Banking,Retail
T05940,A0010,DEBIT,436685.64,2026-02-18,Debit Card,Grocery
T08809,A0347,CREDIT,161121.04,2024-06-15,Debit Card,Restaurant
T07428,A0535,CREDIT,98504.54,2026-08-19,Debit Card,Grocery
T01108,A0511,CREDIT,267653.48,2024-12-19,UPI,Grocery
T05618,A0331,DEBIT,448036.11,2025-05-12,Debit Card,Education
T02958,A0128,CREDIT,315347.79,2024-05-03,Mobile Banking,Education
T09537,,DEBIT,27739.57,2025-04-27,Credit Card,Entertainment
T02085,A0035,CREDIT,203837.78,2025-05-13,Net Banking,Fuel
T04199,A0084,DEBIT,410991.5,2024-05-04,Credit Card,Healthcare
T09289,A0205,CREDIT,396679.51,2026-04-26,Net Banking,Education
T00192,A0172,CREDIT,207898.44,2024-04-20,Debit Card,Utilities
T08883,A0063,DEBIT,199676.26,2026-04-12,UPI,Fuel
T01584,A0247,CREDIT,254257.15,2025-09-13,Net Banking,Online Shopping
T00653,A0083,DEBIT,473305.68,2024-10-04,Mobile Banking,Retail
T05353,A0177,CREDIT,316533.15,2024-05-19,ATM,Travel
T07171,A0192,CREDIT,339458.61,2025-08-02,Debit Card,Entertainment
T02148,A0101,DEBIT,73844.7,2024-09-02,Mobile Banking,Restaurant
T03157,A0527,CREDIT,25978.59,2025-06-25,Debit Card,Education
T04058,A0333,DEBIT,27164.08,2025-08-24,Debit Card,Retail
T01582,A0547,CREDIT,280076.42,2025-02-08,Mobile Banking,Fuel
T08196,A0224,CREDIT,159383.65,2026-05-15,Mobile Banking,Retail
T05784,A0160,DEBIT,159862.92,2025-03-24,Debit Card,Retail
T04990,A0485,CREDIT,351674.91,2024-12-25,Net Banking,Fuel
T02765,A0441,CREDIT,92637.26,2025-05-03,Debit Card,Retail
T01036,A0204,DEBIT,262834.79,2026-03-09,ATM,Fuel
T08557,A0548,DEBIT,120697.75,2025-06-16,Net Banking,Online Shopping
T00258,A0109,DEBIT,496681.4,2024-01-30,ATM,Utilities
,A0170,CREDIT,10683.43,2025-10-10,UPI,Retail
T05923,A0047,CREDIT,119297.01,2026-06-01,UPI,Retail
T02524,A0172,CREDIT,237033.1,2024-01-07,Credit Card,Restaurant
T04836,A0281,DEBIT,441865.67,2024-02-22,ATM,Healthcare
T04507,A0037,DEBIT,406588.91,2024-01-31,UPI,Travel
T07328,A0218,DEBIT,219790.63,2025-11-16,Net Banking,Fuel
T00843,A0495,DEBIT,150156.63,2026-08-09,ATM,Education
T09762,A0146,DEBIT,23019.66,2026-05-01,Telegram,Restaurant
T02432,A0569,DEBIT,92058.85,2025-12-01,UPI,Utilities
T05589,A0046,CREDIT,454896.09,2026-02-18,UPI,Grocery
T07129,A0027,DEBIT,316528.97,2025-02-12,Net Banking,Healthcare
T06612,A0014,DEBIT,346764.79,2025-07-03,Debit Card,Online Shopping
T03782,A0091,DEBIT,167405.09,2026-07-11,Mobile Banking,Retail
T07627,A0065,DEBIT,10124.25,2025-10-17,ATM,Online Shopping
T06026,A0481,DEBIT,392945.46,2026-02-10,Debit Card,Travel
T03778,A0505,CREDIT,380055.68,2025-07-18,Mobile Banking,Entertainment
T02939,A0279,DEBIT,438211.97,2025-05-12,Credit Card,Healthcare
T09837,A0344,CREDIT,19410.71,bad-date,UPI,Restaurant
T03637,A0490,CREDIT,60599.84,2025-11-03,ATM,Restaurant
T04829,A0008,CREDIT,57904.2,2024-12-09,Debit Card,Fuel
T04143,A0400,DEBIT,157419.77,2024-05-08,ATM,Entertainment
T01309,A0248,DEBIT,151498.52,2024-08-02,Net Banking,Online Shopping
T08693,A0496,CREDIT,301553.24,2025-01-29,UPI,Restaurant
T00319,A0429,DEBIT,91633.95,2024-12-28,Credit Card,Education
T03165,A0439,CREDIT,122271.12,2026-04-08,Mobile Banking,Online Shopping
T09315,A0097,DEBIT,402578.8,2025-01-12,Net Banking,Utilities
T00141,A0377,DEBIT,158578.51,2025-01-26,UPI,Grocery
T08909,A0469,DEBIT,415823.91,2025-12-21,Mobile Banking,Grocery
T05706,A0019,CREDIT,376223.36,2024-11-11,Net Banking,Grocery
T09625,A9999,CREDIT,10927.8,2023-04-01,Mobile Banking,Utilities
T01740,A0181,DEBIT,426255.55,2024-10-01,Debit Card,Grocery
T01968,A0087,DEBIT,219250.34,2026-03-03,Credit Card,Travel
T06243,A0551,DEBIT,320118.6,2025-04-13,Debit Card,Fuel
T07925,A0181,DEBIT,48567.05,2025-04-17,UPI,Healthcare
T00662,A0047,CREDIT,436640.58,2024-09-12,UPI,Online Shopping
T01275,A0220,DEBIT,180533.07,2024-02-25,Mobile Banking,Travel
T05936,A0387,CREDIT,23466.01,2024-05-03,ATM,Online Shopping
T01311,A0191,CREDIT,33604.22,2025-04-08,UPI,Healthcare
T02686,A0109,CREDIT,417974.71,2026-04-30,Debit Card,Entertainment
T06246,A0413,DEBIT,252366.37,2025-12-27,Net Banking,Retail
T08954,A0245,CREDIT,312785.5,2024-07-30,Debit Card,Education
T08837,A0468,CREDIT,2504.31,2026-05-03,ATM,Grocery
T06974,A0297,CREDIT,52391.27,2025-03-17,Mobile Banking,Entertainment
T05613,A0540,CREDIT,438236.92,2024-05-13,Debit Card,Utilities
T04306,A0349,CREDIT,476972.26,2024-12-07,Mobile Banking,Retail
T08686,A0206,DEBIT,467176.51,2024-06-20,Credit Card,Grocery
T03172,A0328,CREDIT,9644.75,2026-05-30,Credit Card,Healthcare
T06919,A0103,CREDIT,110747.32,2024-05-08,UPI,Fuel
T05813,A0540,CREDIT,285441.73,2026-06-07,ATM,Online Shopping
T00538,A0383,CREDIT,14741.16,2024-02-18,UPI,Grocery
T02781,A0536,DEBIT,238356.73,2025-03-06,UPI,Healthcare
T07293,A0479,DEBIT,472386.06,2025-02-04,ATM,Online Shopping
T00613,A0415,DEBIT,491349.86,2026-04-19,ATM,Education
T05294,A0371,CREDIT,238207.14,2024-08-02,ATM,Entertainment
T03153,A0367,CREDIT,57316.91,2025-12-14,Net Banking,Entertainment
T01662,A0262,CREDIT,201487.25,2025-09-04,Mobile Banking,Fuel
T02465,A0126,CREDIT,141775.19,2024-03-03,ATM,Restaurant
T07532,A0490,DEBIT,219499.23,2025-01-15,UPI,Retail
T01862,A0358,DEBIT,223465.23,2025-12-21,Credit Card,Fuel
T09496,A0408,CREDIT,408231.72,2025-03-08,Mobile Banking,Restaurant
T02975,A0220,DEBIT,165115.85,2026-06-25,UPI,Education
T05740,A0292,CREDIT,77201.72,2025-04-15,UPI,Healthcare
T06639,A0560,DEBIT,464445.7,2025-03-15,Net Banking,Restaurant
T05486,A0565,CREDIT,45620.37,2025-11-20,ATM,Grocery
T00588,A0499,DEBIT,32401.78,2024-10-28,UPI,Entertainment
T04534,A0432,DEBIT,258678.6,2026-01-25,Credit Card,Restaurant
T09668,A0309,DEBIT,-6664.15,2026-07-22,Credit Card,Utilities
T07090,A0242,DEBIT,242892.37,2025-05-09,Credit Card,Entertainment
T02922,A0156,DEBIT,160915.8,2025-09-14,Mobile Banking,Utilities
T07518,A0022,DEBIT,114340.39,2026-04-03,ATM,Travel
T08673,A0086,DEBIT,162478.15,2024-07-07,Net Banking,Grocery
T07553,A0146,CREDIT,353674.59,2025-08-24,Debit Card,Healthcare
T09166,A0562,CREDIT,3712.02,2025-10-04,Mobile Banking,Education
T01581,A0094,CREDIT,398321.24,2024-05-09,UPI,Travel
T02657,A0382,DEBIT,253394.16,2024-12-15,Debit Card,Restaurant
T03531,A0553,CREDIT,458850.88,2024-05-08,Mobile Banking,Healthcare
T07697,A0496,CREDIT,304408.48,2026-04-18,Net Banking,Retail
T04702,A0508,DEBIT,261122.93,2024-12-23,Credit Card,Grocery
T09375,A0362,CREDIT,80032.12,2025-11-03,ATM,Entertainment
T01661,A0297,DEBIT,287086.34,2026-08-15,UPI,Entertainment
T05017,A0052,CREDIT,95261.64,2025-02-04,Debit Card,Travel
T07272,A0319,DEBIT,53405.52,2024-09-25,UPI,Online Shopping
T05586,A0396,DEBIT,4576.21,2024-03-20,Debit Card,Entertainment
T03079,A0538,CREDIT,494417.58,2026-06-18,Net Banking,Education
T09052,A0269,CREDIT,162855.35,2026-07-09,Debit Card,Retail
T04157,A0013,CREDIT,202703.23,2024-04-19,UPI,Retail
T08606,A0109,DEBIT,323036.43,2024-09-30,Debit Card,Online Shopping
T04692,A0195,DEBIT,312773.61,2026-01-11,Debit Card,Retail
T05447,A0396,DEBIT,351847.46,2025-08-02,Debit Card,Fuel
T03562,A0103,CREDIT,122359.14,2025-01-19,UPI,Online Shopping
T00287,A0475,DEBIT,137680.5,2025-10-30,Credit Card,Utilities
T00521,A0461,CREDIT,444735.9,2025-06-07,Debit Card,Fuel
T00228,A0467,CREDIT,127218.59,2025-09-08,Net Banking,Grocery
T08323,A0132,CREDIT,206716.35,2024-01-03,UPI,Education
T03097,A0453,CREDIT,369893.56,2026-02-23,ATM,Travel
T03511,A0476,DEBIT,385912.17,2025-12-04,Mobile Banking,Travel
T02300,A0463,CREDIT,397235.14,2024-04-12,ATM,Online Shopping
T09739,A0283,TRANSFER,5800.64,2024-02-05,Net Banking,Travel
T02312,A0454,CREDIT,152436.16,2026-05-10,Net Banking,Entertainment
T01355,A0141,DEBIT,168603.92,2025-12-09,Credit Card,Utilities
T03113,A0151,DEBIT,116837.36,2025-06-05,Credit Card,Education
T04094,A0047,DEBIT,334450.76,2026-03-25,Debit Card,Healthcare
T04416,A0302,DEBIT,302061.01,2025-03-08,Mobile Banking,Utilities
T05937,A0419,DEBIT,423376.54,2025-04-21,Debit Card,Grocery
T06362,A0126,CREDIT,480017.33,2026-04-21,UPI,Entertainment
T02815,A0210,DEBIT,339900.68,2024-06-22,Mobile Banking,Education
T05845,A0344,CREDIT,255605.07,2025-10-11,Net Banking,Online Shopping
T01963,A0127,CREDIT,251781.0,2026-06-18,Debit Card,Utilities
T04935,A0008,DEBIT,494257.33,2026-01-31,Net Banking,Online Shopping
T05272,A0314,DEBIT,355656.09,2024-12-28,Credit Card,Education
T02014,A0122,DEBIT,264616.4,2025-11-29,Mobile Banking,Entertainment
T02729,A0203,CREDIT,240612.95,2024-11-12,Net Banking,Utilities
,A0561,CREDIT,4848.61,2023-09-28,ATM,Travel
T04646,A0211,DEBIT,114003.28,2025-09-10,Debit Card,Fuel
T07800,A0034,DEBIT,245888.27,2026-02-03,UPI,Restaurant
T08438,A0070,CREDIT,179505.53,2025-08-13,Credit Card,Restaurant
T03048,A0139,DEBIT,168384.02,2024-06-05,Net Banking,Restaurant
T09222,A0166,DEBIT,376004.06,2024-01-09,Net Banking,Fuel
T06665,A0305,CREDIT,160156.2,2025-10-17,Net Banking,Fuel
T07432,A0319,DEBIT,462228.57,2024-07-08,Net Banking,Grocery
T02488,A0522,DEBIT,382653.86,2026-06-11,Debit Card,Utilities
T08235,A0368,CREDIT,277108.64,2025-07-20,ATM,Travel
T09512,,CREDIT,1576.2,2026-08-15,Net Banking,Grocery
T01869,A0103,DEBIT,482543.97,2025-10-03,Net Banking,Retail
T06969,A0331,DEBIT,70563.53,2024-09-09,ATM,Education
T07257,A0477,DEBIT,491403.42,2024-08-16,Debit Card,Retail
T02078,A0010,DEBIT,143994.03,2025-11-24,Net Banking,Travel
T01711,A0449,CREDIT,378963.44,2026-06-06,ATM,Education
T03343,A0537,CREDIT,20717.94,2024-04-10,Debit Card,Retail
T05435,A0109,CREDIT,300832.24,2024-08-11,ATM,Education
T00751,A0422,CREDIT,14578.38,2024-10-01,Net Banking,Travel
T04538,A0367,DEBIT,2534.96,2024-04-15,UPI,Restaurant
T08439,A0441,CREDIT,108682.35,2025-01-05,ATM,Entertainment
T08215,A0134,CREDIT,117629.4,2026-03-07,Net Banking,Healthcare
T01793,A0065,DEBIT,343772.67,2024-07-22,Credit Card,Travel
T07892,A0249,CREDIT,161891.02,2024-04-20,Credit Card,Healthcare
T07280,A0015,CREDIT,328543.47,2024-01-30,Net Banking,Fuel
T03790,A0037,CREDIT,450299.97,2024-12-03,Mobile Banking,Utilities
T09199,A0382,CREDIT,116301.36,2026-02-17,UPI,Utilities
T02581,A0249,CREDIT,229194.79,2024-01-31,UPI,Grocery
T05344,A0053,DEBIT,366654.5,2024-03-22,Mobile Banking,Entertainment
T04435,A0294,DEBIT,441725.82,2024-12-02,ATM,Retail
T08690,A0396,DEBIT,354657.08,2024-01-05,UPI,Travel
T03581,A0452,CREDIT,469983.82,2025-01-16,Debit Card,Entertainment
T00555,A0151,DEBIT,438110.5,2026-02-01,UPI,Travel
T00222,A0394,DEBIT,153974.63,2025-08-25,UPI,Healthcare
T01150,A0344,DEBIT,12752.31,2025-03-27,UPI,Travel
T03888,A0424,DEBIT,384335.9,2026-06-24,UPI,Restaurant
T06275,A0536,CREDIT,31649.18,2024-06-21,Credit Card,Travel
T04139,A0318,DEBIT,225272.93,2025-05-29,Debit Card,Healthcare
T08975,A0321,DEBIT,152180.13,2025-01-04,Net Banking,Travel
T04793,A0137,DEBIT,130787.86,2026-03-20,ATM,Fuel
T00493,A0570,DEBIT,96410.94,2025-10-21,Credit Card,Retail
T09613,A9999,DEBIT,27644.89,2023-04-22,ATM,Online Shopping
T03433,A0024,CREDIT,45900.46,2026-08-30,Credit Card,Grocery
T04205,A0234,CREDIT,488757.67,2024-05-23,Net Banking,Grocery
T01005,A0145,CREDIT,88761.46,2024-01-10,ATM,Education
T03958,A0520,DEBIT,134254.73,2025-11-27,UPI,Travel
T00760,A0406,CREDIT,145164.72,2024-06-14,Debit Card,Utilities
T03325,A0303,DEBIT,97986.27,2025-09-21,Mobile Banking,Online Shopping
T09355,A0436,DEBIT,59818.81,2025-08-20,Net Banking,Entertainment
T09146,A0241,CREDIT,192280.84,2026-03-02,Debit Card,Fuel
T04939,A0238,CREDIT,195545.42,2025-01-27,UPI,Fuel
T09116,A0291,DEBIT,45123.28,2024-12-19,UPI,Fuel
T03614,A0437,DEBIT,174094.7,2026-03-25,Mobile Banking,Grocery
T07028,A0530,CREDIT,137020.06,2025-08-08,Debit Card,Travel
T00906,A0194,CREDIT,309476.1,2024-05-21,Net Banking,Fuel
T08114,A0262,CREDIT,100317.06,2026-07-29,Net Banking,Utilities
T07668,A0318,CREDIT,3165.45,2024-11-30,Mobile Banking,Restaurant
T08403,A0345,CREDIT,221283.14,2026-05-18,Debit Card,Travel
T07055,A0299,CREDIT,111474.46,2026-03-22,Net Banking,Retail
T00554,A0434,CREDIT,343164.37,2026-06-09,Net Banking,Online Shopping
T07667,A0063,DEBIT,256477.69,2026-08-30,ATM,Retail
T03186,A0249,DEBIT,330969.32,2025-07-17,Mobile Banking,Utilities
T05545,A0005,DEBIT,352013.9,2024-12-24,ATM,Restaurant
T00553,A0464,CREDIT,390032.53,2024-07-11,UPI,Restaurant
T09434,A0030,CREDIT,88476.11,2024-03-19,ATM,Online Shopping
T09298,A0233,DEBIT,236895.59,2025-07-28,Net Banking,Online Shopping
T02643,A0149,DEBIT,36442.54,2025-05-06,UPI,Travel
T04551,A0483,DEBIT,343525.81,2025-12-08,UPI,Entertainment
T09198,A0483,DEBIT,8635.0,2025-04-09,UPI,Education
T09116,A0485,CREDIT,6373.3,2025-05-07,Net Banking,Online Shopping
T05729,A0424,DEBIT,287214.67,2024-09-08,Credit Card,Online Shopping
T06840,A0057,DEBIT,288669.9,2026-05-20,Mobile Banking,Grocery
T08229,A0150,CREDIT,402931.26,2026-02-24,Credit Card,Healthcare
T00732,A0551,CREDIT,3431.89,2026-05-02,UPI,Utilities
T08930,A0368,DEBIT,492945.68,2024-02-20,Net Banking,Fuel
T07926,A0380,CREDIT,482605.14,2024-12-16,Net Banking,Utilities
T08659,A0567,CREDIT,38957.22,2023-10-01,UPI,Entertainment
,A0014,DEBIT,39828.21,2024-09-23,Mobile Banking,Fuel
T05074,A0324,DEBIT,482721.52,2025-12-10,Mobile Banking,Entertainment
T02285,A0438,CREDIT,387975.27,2025-09-16,Net Banking,Utilities
T01849,A0292,DEBIT,421768.3,2026-08-26,ATM,Restaurant
T08477,A0385,CREDIT,416426.68,2024-05-28,UPI,Restaurant
T06307,A0295,CREDIT,332179.88,2025-08-16,UPI,Utilities
T07660,A0273,DEBIT,131395.87,2024-08-05,Mobile Banking,Utilities
T04904,A0149,CREDIT,382367.91,2026-06-10,ATM,Healthcare
T03107,A0310,DEBIT,178644.53,2025-06-08,Debit Card,Restaurant
T01242,A0373,CREDIT,236926.09,2024-08-16,Mobile Banking,Retail
T07631,A0078,CREDIT,90160.43,2025-04-20,Net Banking,Grocery
T03785,A0030,CREDIT,395668.33,2026-05-01,ATM,Restaurant
T03643,A0278,CREDIT,334734.09,2025-11-15,UPI,Grocery
T07355,A0492,DEBIT,348651.51,2025-06-13,Net Banking,Fuel
T00147,A0268,CREDIT,385061.04,2024-10-15,Debit Card,Healthcare
T01925,A0411,DEBIT,416680.64,2024-05-28,UPI,Restaurant
T02700,A0286,DEBIT,216672.3,2024-09-04,Net Banking,Retail
T06319,A0006,CREDIT,127157.74,2026-07-03,UPI,Online Shopping
T08633,A0508,CREDIT,331540.61,2026-08-12,ATM,Retail
T01232,A0347,DEBIT,342060.38,2025-03-15,Net Banking,Online Shopping
T05971,A0021,CREDIT,312243.73,2025-05-19,Credit Card,Grocery
T09626,A9999,CREDIT,25094.01,2025-01-07,Mobile Banking,Education
T07558,A0311,DEBIT,112006.41,2026-01-03,ATM,Entertainment
T00096,A0257,CREDIT,54009.54,2024-09-01,Debit Card,Retail
T06213,A0405,CREDIT,385161.41,2024-06-14,Net Banking,Utilities
T09484,A0338,CREDIT,52533.44,2025-07-16,Net Banking,Education
T04103,A0384,DEBIT,168573.92,2024-01-25,Mobile Banking,Retail
T08288,A0145,DEBIT,330502.53,2025-11-08,Mobile Banking,Entertainment
T04079,A0401,CREDIT,192998.28,2024-09-05,Net Banking,Education
T05140,A0284,CREDIT,216187.06,2024-10-23,UPI,Healthcare
T07646,A0358,DEBIT,493860.95,2026-05-25,ATM,Utilities
T04764,A0546,CREDIT,270213.78,2025-05-22,Debit Card,Utilities
T05462,A0203,CREDIT,460581.78,2025-04-24,Net Banking,Travel
T09574,A9999,CREDIT,46544.45,2023-05-11,Mobile Banking,Fuel
T09097,A0327,CREDIT,376770.93,2025-10-29,Mobile Banking,Fuel
T00053,A0264,CREDIT,57410.85,2024-04-11,Net Banking,Grocery
T04862,A0402,DEBIT,488378.93,2024-09-25,Net Banking,Entertainment
T03431,A0259,DEBIT,121308.74,2026-07-06,Mobile Banking,Education
T09833,A0069,CREDIT,13574.35,bad-date,ATM,Education
T07180,A0474,DEBIT,104157.75,2024-01-22,Mobile Banking,Healthcare
T00215,A0433,DEBIT,380186.2,2026-04-19,Credit Card,Retail
T04102,A0013,CREDIT,71874.3,2025-11-11,UPI,Grocery
T06719,A0354,DEBIT,262697.51,2026-08-29,Credit Card,Restaurant
T09554,,CREDIT,45195.9,2024-09-10,Mobile Banking,Education
T08322,A0226,CREDIT,476799.71,2025-07-01,Credit Card,Fuel
T05514,A0520,DEBIT,437348.97,2026-02-11,ATM,Healthcare
T06642,A0429,DEBIT,101348.37,2025-05-30,UPI,Utilities
T00321,A0313,CREDIT,473732.58,2025-02-20,Debit Card,Online Shopping
T06170,A0534,DEBIT,112274.84,2025-08-05,Net Banking,Grocery
T05619,A0362,CREDIT,165195.98,2024-06-23,ATM,Utilities
T01025,A0015,CREDIT,317351.86,2026-05-05,ATM,Grocery
T02178,A0410,DEBIT,203428.14,2024-07-18,Credit Card,Retail
T03611,A0091,CREDIT,262825.31,2025-12-07,Mobile Banking,Fuel
T02108,A0194,DEBIT,350241.98,2024-06-21,UPI,Fuel
T00131,A0287,CREDIT,425766.17,2025-08-21,Credit Card,Travel
T04803,A0259,CREDIT,41673.41,2025-02-24,Mobile Banking,Utilities
T03610,A0421,CREDIT,244052.98,2025-07-28,Net Banking,Online Shopping
T01794,A0191,CREDIT,162978.72,2024-06-25,ATM,Fuel
T08462,A0327,CREDIT,126146.74,2024-09-03,Net Banking,Healthcare
T00512,A0222,DEBIT,57482.75,2024-08-10,UPI,Utilities
T00436,A0565,CREDIT,319230.64,2024-02-03,ATM,Restaurant
T05817,A0514,DEBIT,137359.87,2025-01-11,Debit Card,Online Shopping
T03989,A0188,CREDIT,235556.59,2024-01-20,Debit Card,Online Shopping
T00781,A0559,DEBIT,156576.79,2025-10-29,ATM,Utilities
T02358,A0566,DEBIT,482569.61,2024-04-21,UPI,Online Shopping
T06613,A0328,DEBIT,449192.44,2024-04-29,ATM,Utilities
T05408,A0477,CREDIT,69942.97,2024-10-03,UPI,Restaurant
T03480,A0014,CREDIT,321908.63,2025-02-04,Mobile Banking,Retail
T00752,A0419,CREDIT,281172.43,2024-11-26,Debit Card,Utilities
T08537,A0156,DEBIT,52266.58,2025-05-13,Debit Card,Healthcare
T06949,A0534,CREDIT,130609.33,2024-02-28,Mobile Banking,Education
T06376,A0373,DEBIT,344574.68,2026-01-26,Mobile Banking,Education
T09175,A0455,DEBIT,157851.8,2024-04-04,ATM,Utilities
T06427,A0552,CREDIT,412203.4,2025-04-02,Debit Card,Restaurant
T02534,A0554,DEBIT,56062.18,2024-02-07,ATM,Online Shopping
T00204,A0156,DEBIT,102272.23,2024-02-08,ATM,Fuel
T07243,A0329,DEBIT,198862.87,2025-11-08,ATM,Retail
T08482,A0195,CREDIT,285520.99,2024-06-02,Mobile Banking,Healthcare
T03398,A0097,DEBIT,452720.23,2025-12-18,Credit Card,Utilities
T02558,A0436,DEBIT,499987.47,2025-02-01,ATM,Retail
T07174,A0301,DEBIT,36314.98,2024-05-22,Mobile Banking,Grocery
T00116,A0108,DEBIT,438065.13,2026-07-21,UPI,Entertainment
T06714,A0267,CREDIT,336585.54,2026-06-21,Debit Card,Grocery
T05651,A0211,DEBIT,339389.62,2024-03-12,Debit Card,Education
T07246,A0418,CREDIT,160933.63,2025-06-24,UPI,Education
T02838,A0054,CREDIT,189868.87,2026-05-21,Debit Card,Fuel
T04359,A0388,DEBIT,499728.53,2026-06-09,Net Banking,Utilities
T02455,A0282,DEBIT,288261.23,2026-06-27,UPI,Fuel
T01723,A0548,DEBIT,117686.07,2025-09-30,Net Banking,Education
T06710,A0084,CREDIT,17024.51,2023-08-19,Credit Card,Education
T09211,A0481,CREDIT,296485.94,2024-11-07,Debit Card,Utilities
T03919,A0263,DEBIT,233687.36,2024-04-21,Net Banking,Fuel
T00778,A0239,CREDIT,383727.5,2024-09-15,Credit Card,Restaurant
T01037,A0544,CREDIT,400149.97,2025-01-06,Net Banking,Travel
T07022,A0318,CREDIT,236091.25,2025-02-27,Mobile Banking,Restaurant
T02277,A0159,CREDIT,268327.1,2026-03-21,Debit Card,Retail
T05982,A0560,CREDIT,133958.58,2024-07-16,ATM,Restaurant
T01546,A0149,CREDIT,133911.13,2025-01-14,Net Banking,Restaurant
T01880,A0273,CREDIT,116726.11,2024-06-27,Debit Card,Healthcare
T08665,A0072,CREDIT,178455.45,2025-09-01,Credit Card,Education
T09242,A0318,DEBIT,485323.05,2024-03-23,Mobile Banking,Restaurant
T05108,A0446,DEBIT,179892.26,2026-04-02,UPI,Grocery
T07935,A0147,DEBIT,247362.3,2024-02-03,Debit Card,Retail
T01193,A0280,DEBIT,329739.32,2024-12-06,Net Banking,Retail
T07996,A0356,CREDIT,319529.24,2026-08-27,Debit Card,Healthcare
T08639,A0047,DEBIT,69559.69,2026-02-18,UPI,Fuel
,A0404,DEBIT,21795.13,2024-03-01,Debit Card,Entertainment
T06253,A0012,CREDIT,124840.47,2024-05-18,Net Banking,Retail
T05789,A0194,DEBIT,140973.77,2026-05-11,Credit Card,Entertainment
T04706,A0076,DEBIT,159068.65,2025-11-20,UPI,Grocery
T04318,A0490,CREDIT,421385.17,2024-11-28,UPI,Entertainment
T04147,A0110,CREDIT,196652.89,2025-09-21,Debit Card,Online Shopping
T03304,A0299,DEBIT,90723.44,2024-08-15,UPI,Utilities
T05414,A0346,DEBIT,155061.32,2026-08-06,UPI,Restaurant
T05161,A0440,CREDIT,201011.21,2024-12-30,Mobile Banking,Fuel
T07286,A0183,DEBIT,21969.66,2024-01-14,Net Banking,Retail
T05165,A0515,DEBIT,434200.75,2024-02-10,Mobile Banking,Travel
T00025,A0460,DEBIT,286260.4,2024-01-06,Credit Card,Utilities
T03229,A0040,CREDIT,264865.46,2026-04-30,Credit Card,Healthcare
T07743,A0381,DEBIT,331928.97,2025-09-23,ATM,Grocery
T02386,A0410,DEBIT,276483.19,2026-07-12,UPI,Retail
T08759,A0232,CREDIT,138451.53,2024-01-08,UPI,Restaurant
T08555,A0218,DEBIT,274567.39,2026-06-11,Credit Card,Grocery
T03253,A0444,DEBIT,173999.26,2025-11-10,Credit Card,Travel
T01394,A0235,CREDIT,353581.56,2024-06-11,UPI,Fuel
T02176,A0026,DEBIT,398336.65,2026-06-15,Mobile Banking,Grocery
T05356,A0297,DEBIT,474042.83,2024-09-21,Debit Card,Healthcare
T00482,A0182,CREDIT,271427.16,2025-01-25,Debit Card,Healthcare
T08250,A0227,CREDIT,17842.55,2025-04-15,Credit Card,Travel
T04289,A0305,DEBIT,156385.21,2025-12-01,Mobile Banking,Restaurant
T01386,A0387,CREDIT,394056.17,2024-07-31,ATM,Utilities
T02172,A0146,CREDIT,39792.47,2026-01-17,Net Banking,Entertainment
T01875,A0305,DEBIT,464637.59,2025-02-08,Net Banking,Education
T09772,A0112,CREDIT,37066.35,2023-02-17,Telegram,Grocery
T01486,A0295,CREDIT,427631.42,2026-08-05,Credit Card,Education
T07512,A0443,DEBIT,42039.94,2025-12-28,Credit Card,Grocery
T04280,A0470,DEBIT,340411.28,2024-03-13,ATM,Education
T03163,A0416,DEBIT,211680.02,2024-05-11,Debit Card,Entertainment
T05506,A0183,DEBIT,348977.21,2025-07-13,ATM,Grocery
T09359,A0083,DEBIT,172435.37,2024-12-31,Debit Card,Restaurant
T04940,A0249,CREDIT,334148.01,2025-03-06,UPI,Education
T01474,A0207,CREDIT,73988.14,2025-11-27,Mobile Banking,Education
T09609,A9999,CREDIT,38008.96,2025-09-08,ATM,Retail
T08860,A0136,CREDIT,146607.43,2024-03-14,Mobile Banking,Travel
T06324,A0482,DEBIT,178892.27,2026-05-08,Credit Card,Restaurant
T06235,A0064,DEBIT,323650.73,2025-06-22,ATM,Retail
T07582,A0356,DEBIT,376810.79,2025-06-04,ATM,Travel
T03734,A0285,DEBIT,340236.51,2025-09-30,Net Banking,Healthcare
T02956,A0141,CREDIT,159579.48,2026-02-04,Net Banking,Fuel
T00234,A0408,DEBIT,3309.51,2024-06-21,Credit Card,Retail
T04505,A0496,CREDIT,5771.46,2025-11-01,ATM,Education
T01715,A0490,CREDIT,201389.4,2026-08-18,Credit Card,Travel
T01041,A0400,DEBIT,446882.87,2025-04-24,Debit Card,Grocery
T07109,A0234,DEBIT,207011.16,2026-08-30,Net Banking,Fuel
,A0022,DEBIT,15730.85,2024-10-10,Credit Card,Online Shopping
T03847,A0170,DEBIT,103083.73,2024-04-12,Credit Card,Restaurant
T07618,A0246,DEBIT,155434.88,2026-06-12,ATM,Restaurant
T09781,A0202,CREDIT,20326.37,2024-09-05,Telegram,Travel
T01442,A0372,DEBIT,371287.53,2025-03-05,Net Banking,Utilities
T07750,A0223,DEBIT,253064.19,2026-08-26,UPI,Entertainment
T03981,A0044,CREDIT,361081.15,2026-08-31,ATM,Grocery
T06028,A0232,CREDIT,67052.82,2024-05-11,Debit Card,Entertainment
T03131,A0194,DEBIT,188618.08,2025-04-15,UPI,Fuel
T03215,A0518,CREDIT,496738.58,2024-04-22,ATM,Healthcare
T07708,A0395,CREDIT,161663.3,2025-01-04,Credit Card,Online Shopping
T02222,A0545,DEBIT,203051.12,2025-08-02,Net Banking,Entertainment
T08095,A0301,CREDIT,38312.75,2026-08-19,Net Banking,Online Shopping
T01073,A0272,DEBIT,175361.89,2026-04-05,Credit Card,Utilities
T02045,A0517,DEBIT,280931.01,2024-12-01,Mobile Banking,Restaurant
T03920,A0086,DEBIT,18598.79,2026-01-05,Mobile Banking,Travel
T07818,A0113,CREDIT,209118.57,2025-02-09,Mobile Banking,Utilities
T04860,A0022,CREDIT,314179.83,2025-03-22,UPI,Entertainment
T08755,A0240,CREDIT,137087.48,2024-10-29,Debit Card,Healthcare
T03838,A0514,DEBIT,368957.72,2024-06-23,UPI,Utilities
T03589,A0213,DEBIT,131039.75,2024-01-28,Debit Card,Healthcare
T08227,A0114,DEBIT,98840.57,2024-06-20,Credit Card,Education
T09453,A0259,CREDIT,467890.25,2024-04-11,UPI,Entertainment
T01181,A0426,CREDIT,266199.36,2025-09-25,Credit Card,Grocery
T02063,A0110,CREDIT,246742.92,2025-12-17,Debit Card,Retail
T09464,A0415,DEBIT,310798.03,2024-11-02,UPI,Fuel
T03795,A0199,DEBIT,4659.84,2024-10-13,Credit Card,Fuel
T08147,A0095,DEBIT,185354.51,2026-07-09,Net Banking,Retail
T05628,A0328,CREDIT,418594.58,2025-07-10,Debit Card,Online Shopping
T05191,A0434,DEBIT,367801.42,2026-07-28,Debit Card,Online Shopping
T05393,A0050,CREDIT,406345.21,2024-01-05,ATM,Entertainment
T06611,A0003,DEBIT,81981.87,2024-11-18,ATM,Grocery
T02607,A0475,CREDIT,1360.47,2025-11-15,Credit Card,Travel
T02978,A0051,CREDIT,485287.53,2026-02-02,Mobile Banking,Entertainment
T04735,A0303,CREDIT,79152.73,2026-07-07,Debit Card,Entertainment
T08858,A0215,DEBIT,385837.41,2024-12-04,UPI,Education
T02656,A0505,DEBIT,403609.28,2024-05-17,ATM,Fuel
T00264,A0115,CREDIT,170184.9,2025-08-29,ATM,Online Shopping
T05585,A0066,DEBIT,298900.87,2025-12-17,Mobile Banking,Retail
T03095,A0524,DEBIT,431139.88,2026-03-12,Mobile Banking,Travel
T06040,A0297,DEBIT,373090.61,2025-03-31,Mobile Banking,Entertainment
T00385,A0017,CREDIT,361328.84,2025-12-05,Credit Card,Restaurant
T00789,A0381,DEBIT,236107.81,2024-08-03,Debit Card,Grocery
T01184,A0391,DEBIT,189746.94,2024-06-23,UPI,Fuel
T04136,A0107,CREDIT,471939.72,2026-05-25,Net Banking,Online Shopping
T07102,A0293,CREDIT,343530.65,2026-03-19,Debit Card,Restaurant
T00853,A0475,CREDIT,381551.78,2024-04-08,Credit Card,Grocery
T09264,A0275,DEBIT,171542.5,2025-10-27,UPI,Online Shopping
,A0488,CREDIT,31615.92,2023-05-30,ATM,Healthcare
T04275,A0422,CREDIT,221131.74,2024-09-13,Debit Card,Online Shopping
T05102,A0079,CREDIT,220804.29,2026-03-03,Debit Card,Online Shopping
T08116,A0465,CREDIT,384349.81,2025-03-31,ATM,Retail
T04814,A0416,CREDIT,181723.39,2024-01-29,UPI,Online Shopping
T06385,A0107,CREDIT,105643.49,2026-04-22,Mobile Banking,Grocery
T01101,A0142,DEBIT,91576.5,2024-11-14,Debit Card,Grocery
T03875,A0020,CREDIT,230112.66,2025-09-22,Mobile Banking,Retail
T03536,A0305,DEBIT,23194.35,2025-11-26,ATM,Education
T02170,A0232,CREDIT,480529.17,2025-11-28,UPI,Retail
,A0530,DEBIT,35588.82,2024-03-12,Credit Card,Grocery
T00164,A0429,DEBIT,371597.06,2025-02-02,ATM,Grocery
T07132,A0308,CREDIT,474802.58,2026-07-02,UPI,Utilities
T00323,A0059,CREDIT,371730.39,2025-07-21,Credit Card,Retail
T02246,A0254,DEBIT,486190.08,2026-02-10,Debit Card,Restaurant
T09174,A0063,DEBIT,434922.41,2026-08-23,ATM,Utilities
T08484,A0432,DEBIT,131795.9,2026-08-16,Net Banking,Online Shopping
T05127,A0141,CREDIT,51260.27,2025-02-16,Net Banking,Grocery
T00558,A0363,DEBIT,106111.81,2025-02-10,Net Banking,Healthcare
T05466,A0228,DEBIT,464649.52,2026-04-19,UPI,Fuel
T02843,A0164,DEBIT,75196.3,2024-06-18,Net Banking,Healthcare
T05691,A0440,DEBIT,422847.8,2026-07-02,Debit Card,Education
T04303,A0531,DEBIT,24658.35,2023-08-15,ATM,Entertainment
T02570,A0526,DEBIT,298272.11,2026-02-24,Debit Card,Retail
T04455,A0410,DEBIT,116500.05,2025-02-04,Debit Card,Healthcare
T02705,A0554,CREDIT,80116.65,2025-08-09,UPI,Healthcare
T01708,A0095,DEBIT,447143.69,2025-08-26,Net Banking,Grocery
T01797,A0148,CREDIT,448363.61,2024-11-28,Mobile Banking,Utilities
T04756,A0428,CREDIT,383645.57,2024-11-03,Net Banking,Education
T08206,A0260,DEBIT,393368.03,2025-09-01,Credit Card,Utilities
T05967,A0065,DEBIT,43787.51,2026-03-30,Net Banking,Entertainment
T03725,A0412,DEBIT,38342.74,2026-01-17,Debit Card,Entertainment
T08530,A0497,DEBIT,237463.18,2024-10-31,Debit Card,Entertainment
T05656,A0161,CREDIT,466279.46,2026-07-15,Credit Card,Restaurant
T02614,A0053,DEBIT,305689.26,2026-08-31,Net Banking,Healthcare
T07976,A0219,CREDIT,222377.72,2024-11-23,ATM,Restaurant
T07041,A0193,DEBIT,320346.97,2025-12-23,ATM,Healthcare
T05823,A0369,DEBIT,50220.84,2026-04-28,Net Banking,Fuel
T00725,A0531,DEBIT,142700.07,2025-01-28,Debit Card,Grocery
T06552,A0425,CREDIT,390202.16,2026-02-17,Credit Card,Utilities
T03698,A0433,CREDIT,126939.34,2025-11-27,Debit Card,Travel
T09194,A0344,DEBIT,468884.04,2026-04-24,Credit Card,Retail
T03667,A0383,DEBIT,439581.06,2026-08-01,Credit Card,Retail
T01941,A0269,CREDIT,7276.1,2026-03-20,Debit Card,Utilities
T00335,A0110,CREDIT,174925.88,2026-01-09,ATM,Healthcare
T04977,A0044,CREDIT,145990.48,2024-03-30,Mobile Banking,Education
T07763,A0011,CREDIT,201231.52,2024-05-13,ATM,Healthcare
T04841,A0363,CREDIT,137610.61,2025-03-29,Debit Card,Utilities
T00591,A0052,DEBIT,68945.62,2026-06-18,Debit Card,Education
T03410,A0517,DEBIT,99289.92,2026-03-09,Net Banking,Retail
T03797,A0016,CREDIT,254518.97,2024-07-31,Debit Card,Online Shopping
T06791,A0474,CREDIT,418196.61,2026-03-20,UPI,Utilities
T01646,A0134,DEBIT,470339.8,2024-02-13,Debit Card,Retail
T07648,A0091,CREDIT,50206.19,2024-12-11,Debit Card,Healthcare
T00368,A0352,DEBIT,362702.79,2026-02-18,ATM,Education
T06059,A0305,CREDIT,426755.07,2026-08-30,Debit Card,Online Shopping
T06601,A0547,DEBIT,443803.31,2025-01-28,Debit Card,Fuel
T04394,A0568,DEBIT,298267.5,2026-04-18,ATM,Online Shopping
T06538,A0493,CREDIT,41805.35,2026-06-25,UPI,Online Shopping
T09559,,CREDIT,30992.5,2023-02-19,UPI,Travel
T01898,A0434,CREDIT,231733.2,2026-02-09,Credit Card,Fuel
T07038,A0516,DEBIT,201406.94,2024-08-07,Credit Card,Education
T02286,A0323,CREDIT,449332.64,2024-02-28,ATM,Restaurant
T03902,A0010,DEBIT,26440.11,2025-10-08,Mobile Banking,Entertainment
T01556,A0247,DEBIT,246625.96,2025-03-17,Net Banking,Retail
T09788,A0395,DEBIT,25785.89,2026-01-08,Telegram,Retail
T04747,A0284,CREDIT,140590.6,2024-02-01,Net Banking,Entertainment
T03520,A0489,DEBIT,172075.61,2025-01-01,Debit Card,Travel
T09424,A0265,DEBIT,436833.38,2024-09-28,Mobile Banking,Utilities
T07258,A0263,CREDIT,311475.99,2026-06-06,Mobile Banking,Restaurant
,A0560,CREDIT,23056.34,2024-09-20,ATM,Education
T01465,A0566,DEBIT,468724.36,2024-08-02,Credit Card,Retail
T07767,A0366,DEBIT,313573.4,2024-03-10,Credit Card,Education
T01357,A0526,CREDIT,156594.51,2026-07-16,Debit Card,Travel
T03648,A0553,CREDIT,448637.71,2025-04-23,UPI,Utilities
T03751,A0568,DEBIT,165213.01,2026-04-07,Net Banking,Online Shopping
T01966,A0202,CREDIT,55790.69,2026-08-25,ATM,Grocery
T06315,A0451,CREDIT,37274.08,2025-11-19,ATM,Entertainment
T00875,A0038,DEBIT,124388.5,2024-03-27,Net Banking,Online Shopping
T08009,A0269,DEBIT,478717.98,2025-05-26,Net Banking,Utilities
T03452,A0226,CREDIT,496754.74,2026-06-02,UPI,Retail
T07282,A0100,DEBIT,162963.85,2026-02-05,Debit Card,Retail
T08803,A0069,DEBIT,458596.48,2025-04-13,Debit Card,Grocery
T08397,A0325,DEBIT,389456.06,2025-03-22,ATM,Travel
T04269,A0557,DEBIT,33796.74,2026-06-29,Debit Card,Grocery
T09153,A0035,CREDIT,208257.94,2024-11-29,Credit Card,Fuel
T04198,A0561,CREDIT,439405.35,2024-01-22,Credit Card,Travel
T04368,A0454,DEBIT,226560.55,2024-06-04,Mobile Banking,Restaurant
T00057,A0328,CREDIT,206470.12,2024-11-27,Debit Card,Healthcare
T00002,A0155,CREDIT,353231.82,2026-08-06,Credit Card,Entertainment
T08733,A0425,DEBIT,300529.75,2024-05-05,Mobile Banking,Utilities
T05575,A0508,DEBIT,382360.33,2025-08-06,UPI,Utilities
T07886,A0211,CREDIT,84228.97,2024-04-13,UPI,Restaurant
T08072,A0510,CREDIT,111559.97,2026-08-01,Debit Card,Education
T02458,A0213,CREDIT,411574.01,2025-01-17,UPI,Utilities
T01980,A0497,CREDIT,16853.85,2025-07-07,Net Banking,Travel
T06797,A0444,DEBIT,28933.97,2025-08-13,UPI,Restaurant
T02798,A0097,DEBIT,111142.28,2025-06-01,Net Banking,Restaurant
T07032,A0102,CREDIT,170396.16,2026-03-29,Mobile Banking,Grocery
T06753,A0324,DEBIT,83056.87,2026-08-08,Debit Card,Entertainment
T01088,A0549,DEBIT,52493.33,2026-04-26,Net Banking,Travel
T05241,A0078,DEBIT,132462.71,2025-10-24,Credit Card,Entertainment
T04304,A0548,CREDIT,194013.31,2024-06-09,ATM,Travel
T09789,A0194,CREDIT,7197.73,2025-08-01,Telegram,Entertainment
T03294,A0491,DEBIT,308021.01,2024-06-13,Mobile Banking,Fuel
,A0483,DEBIT,7299.02,2023-03-24,UPI,Education
T08352,A0457,DEBIT,419453.09,2025-01-10,Credit Card,Grocery
T05622,A0492,CREDIT,310620.67,2025-07-30,Mobile Banking,Healthcare
T02968,A0434,DEBIT,404500.76,2024-11-19,Credit Card,Retail
T02233,A0431,DEBIT,197882.05,2024-11-12,Net Banking,Healthcare
T09738,A0377,TRANSFER,657.76,2023-01-19,Mobile Banking,Education
T00063,A0312,DEBIT,223046.53,2026-05-16,Mobile Banking,Education
T00709,A0079,DEBIT,326699.63,2025-09-11,ATM,Entertainment
T00622,A0516,CREDIT,174482.16,2025-12-24,Net Banking,Healthcare
T06838,A0140,DEBIT,116279.47,2024-09-25,Net Banking,Grocery
T09062,A0467,CREDIT,24677.79,2024-11-02,Net Banking,Fuel
T04611,A0265,CREDIT,366247.15,2024-08-20,Debit Card,Online Shopping
T00527,A0068,DEBIT,141878.76,2024-08-05,Net Banking,Travel
T08387,A0319,CREDIT,146248.4,2025-10-03,Credit Card,Online Shopping
T07605,A0351,CREDIT,285078.06,2026-07-24,Mobile Banking,Healthcare
T01097,A0123,CREDIT,306963.84,2025-06-26,Credit Card,Grocery
T03850,A0389,DEBIT,291216.22,2024-02-07,Credit Card,Retail
T06475,A0457,DEBIT,482989.66,2026-07-27,UPI,Restaurant
T02860,A0301,CREDIT,187778.77,2024-05-16,Mobile Banking,Restaurant
T01099,A0031,DEBIT,364360.69,2024-12-05,UPI,Online Shopping
T07486,A0198,DEBIT,41171.96,2024-04-28,Debit Card,Retail
T01887,A0241,DEBIT,342204.65,2026-02-07,Net Banking,Fuel
T07348,A0538,CREDIT,332619.2,2024-09-09,Mobile Banking,Grocery
T02092,A0357,CREDIT,36531.98,2024-08-05,Credit Card,Utilities
T02073,A0356,DEBIT,220133.26,2026-06-30,Net Banking,Utilities
T07816,A0031,DEBIT,326527.78,2025-10-06,ATM,Restaurant
T08203,A0391,DEBIT,386527.5,2026-07-22,Net Banking,Utilities
T08661,A0089,DEBIT,69264.78,2025-12-02,UPI,Utilities
T08022,A0233,DEBIT,250161.44,2025-11-07,Debit Card,Fuel
T05363,A0411,DEBIT,240380.9,2025-02-07,UPI,Education
T04167,A0166,CREDIT,283816.7,2024-04-21,Credit Card,Retail
T06617,A0544,DEBIT,43987.85,2024-01-26,Debit Card,Online Shopping
T03761,A0091,CREDIT,124804.35,2024-12-06,Mobile Banking,Utilities
T08225,A0272,DEBIT,454652.42,2024-12-18,Credit Card,Entertainment
T00361,A0484,DEBIT,454250.14,2024-04-13,Credit Card,Grocery
T00908,A0333,CREDIT,83312.79,2025-10-02,Credit Card,Online Shopping
T00922,A0249,DEBIT,105121.48,2024-04-09,Debit Card,Online Shopping
T08058,A0101,CREDIT,244887.07,2025-05-11,Net Banking,Healthcare
T04326,A0197,CREDIT,131500.19,2026-04-23,Credit Card,Retail
T06061,A0066,CREDIT,326302.18,2026-06-04,Debit Card,Travel
T06279,A0564,DEBIT,244702.51,2026-06-23,Debit Card,Restaurant
T05309,A0333,DEBIT,341417.61,2024-12-12,UPI,Fuel
T05695,A0267,CREDIT,194401.72,2026-06-15,ATM,Grocery
T00798,A0393,DEBIT,287870.29,2026-05-23,Net Banking,Fuel
T04422,A0248,CREDIT,26523.48,2026-05-07,Credit Card,Grocery
T08409,A0171,DEBIT,276498.73,2026-08-11,Credit Card,Education
T07242,A0018,DEBIT,92673.52,2026-01-22,Net Banking,Online Shopping
T00596,A0143,CREDIT,125085.22,2025-03-02,Net Banking,Travel
T08259,A0391,CREDIT,140715.69,2024-07-22,Net Banking,Travel
T00259,A0393,DEBIT,110265.98,2024-09-20,Mobile Banking,Entertainment
T07661,A0052,DEBIT,301065.37,2025-05-09,Net Banking,Grocery
T05048,A0411,DEBIT,217063.66,2025-05-17,Credit Card,Travel
T03348,A0322,DEBIT,306836.17,2025-02-24,Debit Card,Education
T08821,A0407,DEBIT,401761.61,2024-09-11,ATM,Online Shopping
T02048,A0264,DEBIT,478279.29,2026-02-23,UPI,Healthcare
T04159,A0228,DEBIT,156668.0,2026-07-18,Debit Card,Fuel
T07079,A0296,CREDIT,144634.14,2024-01-21,ATM,Healthcare
T05999,A0395,CREDIT,437831.52,2025-12-24,Net Banking,Utilities
T00108,A0191,CREDIT,68922.59,2024-02-15,UPI,Grocery
T03457,A0486,DEBIT,366749.92,2024-12-30,Mobile Banking,Retail
T04557,A0020,CREDIT,137619.76,2025-06-24,Mobile Banking,Restaurant
T01225,A0154,DEBIT,168723.88,2024-01-23,Credit Card,Healthcare
T05531,A0373,CREDIT,89467.2,2024-02-12,Credit Card,Utilities
T07862,A0193,CREDIT,283392.46,2026-07-18,Credit Card,Restaurant
T09774,A0259,CREDIT,4078.07,2024-01-23,Telegram,Fuel
T06442,A0041,DEBIT,301258.83,2026-01-26,UPI,Online Shopping
T08210,A0337,CREDIT,491440.16,2024-06-23,Debit Card,Grocery
T09501,,CREDIT,17207.42,2026-03-16,Net Banking,Entertainment
T03922,A0284,DEBIT,26830.98,2023-04-21,ATM,Grocery
T02537,A0549,DEBIT,127724.1,2025-07-23,Credit Card,Education
T06030,A0371,DEBIT,337258.95,2024-02-19,ATM,Online Shopping
T09161,A0167,CREDIT,270200.04,2024-12-02,ATM,Entertainment
T07520,A0439,CREDIT,396043.23,2024-12-14,Debit Card,Retail
T08721,A0563,CREDIT,377423.3,2024-03-18,Mobile Banking,Entertainment
T01916,A0210,DEBIT,54069.44,2024-08-06,Credit Card,Healthcare
T01382,A0455,DEBIT,75277.73,2026-06-28,Credit Card,Fuel
T00508,A0165,CREDIT,149447.62,2026-07-14,ATM,Fuel
T05939,A0480,CREDIT,219595.37,2024-08-06,Mobile Banking,Utilities
T08336,A0481,CREDIT,383657.03,2024-09-14,Net Banking,Travel
T02052,A0413,CREDIT,342332.72,2024-03-11,Credit Card,Restaurant
T07815,A0477,DEBIT,167779.21,2024-10-03,Debit Card,Education
T06443,A0520,CREDIT,85402.09,2026-07-02,UPI,Healthcare
T06923,A0052,CREDIT,397698.99,2024-08-18,Mobile Banking,Education
T02695,A0476,CREDIT,460803.42,2026-04-05,UPI,Healthcare
T02531,A0324,CREDIT,112402.19,2024-05-13,Credit Card,Healthcare
T08324,A0076,DEBIT,368537.05,2025-04-12,Credit Card,Retail
T09532,,DEBIT,45821.63,2025-10-28,Credit Card,Retail
T09838,A0247,DEBIT,25800.63,bad-date,Net Banking,Fuel
T07448,A0140,CREDIT,229091.42,2026-08-19,Mobile Banking,Retail
T00041,A0493,DEBIT,282925.41,2026-07-10,Debit Card,Healthcare
,A0424,DEBIT,275.51,2026-06-01,Debit Card,Grocery
T08938,A0055,CREDIT,344390.9,2026-07-10,Debit Card,Retail
T02089,A0224,CREDIT,285180.97,2024-10-22,Debit Card,Fuel
T06522,A0510,DEBIT,459669.83,2024-03-26,UPI,Restaurant
T05311,A0449,CREDIT,450638.34,2025-02-04,Credit Card,Fuel
T02104,A0145,DEBIT,185084.99,2025-06-17,ATM,Online Shopping
T02072,A0081,DEBIT,55585.8,2024-08-07,Mobile Banking,Grocery
T08008,A0516,DEBIT,1488.69,2026-06-12,ATM,Healthcare
T02000,A0088,CREDIT,393105.78,2024-10-09,Credit Card,Education
T09402,A0109,DEBIT,131435.36,2024-06-19,Credit Card,Grocery
T07846,A0006,CREDIT,280201.2,2024-08-28,ATM,Entertainment
T00850,A0209,DEBIT,45174.43,2024-09-07,ATM,Education
T04631,A0228,DEBIT,310399.96,2024-06-10,Credit Card,Restaurant
T02707,A0061,CREDIT,415239.54,2026-01-05,Credit Card,Entertainment
T06981,A0382,DEBIT,247719.97,2025-09-14,Debit Card,Fuel
T04832,A0349,DEBIT,254242.22,2025-12-05,Net Banking,Education
T05455,A0315,CREDIT,28803.08,2025-09-25,Credit Card,Retail
T09796,A0428,DEBIT,31819.98,2023-09-10,Telegram,Retail
T09493,A0353,DEBIT,81011.62,2025-02-14,Net Banking,Fuel
T08474,A0379,CREDIT,6608.19,2025-03-17,ATM,Healthcare
T08709,A0554,DEBIT,33902.75,2025-12-16,UPI,Travel
T06394,A0077,DEBIT,421240.78,2024-11-04,Debit Card,Fuel
T07273,A0112,CREDIT,327096.08,2024-10-26,Mobile Banking,Entertainment
T09810,A0127,DEBIT,7886.83,2024-03-06,Telegram,Restaurant
T00424,A0187,DEBIT,371804.61,2026-02-05,Net Banking,Restaurant
T03597,A0387,CREDIT,289546.81,2024-03-24,Net Banking,Entertainment
,A0301,DEBIT,48448.04,2026-04-05,ATM,Entertainment
T05156,A0287,DEBIT,139024.2,2024-06-24,ATM,Utilities
T06606,A0378,CREDIT,498893.93,2024-01-05,Mobile Banking,Retail
T03324,A0295,CREDIT,222024.55,2026-03-12,Mobile Banking,Online Shopping
T02663,A0475,CREDIT,180890.73,2026-04-04,Debit Card,Entertainment
T08585,A0364,DEBIT,183172.23,2024-04-14,ATM,Education
T05004,A0008,CREDIT,444640.75,2024-12-30,Mobile Banking,Healthcare
T03353,A0147,CREDIT,433197.37,2026-02-23,ATM,Entertainment
T09251,A0062,DEBIT,280862.37,2024-09-03,Net Banking,Fuel
T00221,A0504,DEBIT,462852.97,2026-08-20,Credit Card,Utilities
T03342,A0509,DEBIT,171315.01,2024-03-14,Debit Card,Travel
T02654,A0435,CREDIT,160096.64,2024-09-09,Net Banking,Utilities
T08066,A0018,CREDIT,351681.07,2026-06-05,Mobile Banking,Grocery
T06972,A0044,DEBIT,97461.39,2025-03-19,Credit Card,Travel
T03359,A0294,DEBIT,486235.62,2026-01-10,Net Banking,Entertainment
T05050,A0172,CREDIT,18555.73,2026-06-05,UPI,Travel
T05325,A0218,CREDIT,215636.94,2024-09-29,Debit Card,Fuel
T07048,A0526,CREDIT,219961.84,2024-11-15,Net Banking,Fuel
T08880,A0438,CREDIT,237145.61,2026-07-11,Mobile Banking,Travel
T08432,A0529,DEBIT,461798.79,2025-09-03,Credit Card,Retail
T09273,A0047,DEBIT,435409.4,2024-07-25,Mobile Banking,Education
T01430,A0013,CREDIT,97327.27,2025-08-05,ATM,Healthcare
T06321,A0397,CREDIT,103227.58,2026-06-16,UPI,Online Shopping
T06608,A0336,DEBIT,164268.79,2025-05-08,ATM,Education
T01796,A0335,CREDIT,320214.72,2024-08-29,Net Banking,Education
T05699,A0515,DEBIT,121934.13,2025-11-29,Mobile Banking,Retail
T04420,A0259,CREDIT,433207.85,2024-08-25,UPI,Healthcare
T03031,A0365,DEBIT,366254.2,2025-12-01,Net Banking,Healthcare
T03152,A0383,DEBIT,146276.12,2026-04-29,ATM,Grocery
T06899,A0218,CREDIT,66552.27,2025-05-16,Net Banking,Online Shopping
T06252,A0525,CREDIT,52789.55,2025-02-16,Debit Card,Education
T04499,A0313,CREDIT,81464.3,2025-06-22,Net Banking,Retail
T03399,A0045,CREDIT,340691.59,2025-07-06,Debit Card,Healthcare
T08800,A0115,CREDIT,384204.36,2025-03-06,Debit Card,Education
T00852,A0564,DEBIT,349420.0,2026-07-23,Credit Card,Healthcare
T04524,A0293,CREDIT,311563.31,2025-10-28,ATM,Travel
T02405,A0447,DEBIT,68549.82,2026-08-12,Credit Card,Grocery
T08986,A0531,DEBIT,421422.13,2024-10-24,Net Banking,Education
T02135,A0155,CREDIT,400749.07,2024-07-26,UPI,Healthcare
T02033,A0140,DEBIT,423824.4,2025-04-26,ATM,Education
T06121,A0511,CREDIT,144220.86,2024-11-16,UPI,Utilities
T00658,A0129,DEBIT,350698.76,2025-07-16,ATM,Online Shopping
T05812,A0481,DEBIT,376074.43,2025-12-12,ATM,Healthcare
T05334,A0519,DEBIT,393857.06,2024-04-27,Debit Card,Travel
T02379,A0361,DEBIT,202873.49,2024-03-18,Net Banking,Travel
T01271,A0207,DEBIT,167309.42,2024-11-30,Debit Card,Healthcare
T01281,A0281,CREDIT,151792.93,2025-01-25,Mobile Banking,Fuel
T02936,A0304,DEBIT,363232.11,2026-03-19,UPI,Education
T05485,A0506,DEBIT,301273.66,2026-03-14,ATM,Fuel
T02875,A0410,DEBIT,355086.77,2025-04-06,Net Banking,Grocery
T06322,A0107,CREDIT,226022.22,2025-06-29,ATM,Online Shopping
T03550,A0496,CREDIT,386460.74,2025-01-02,ATM,Fuel
T07005,A0071,CREDIT,375552.66,2025-11-18,ATM,Restaurant
T09828,A0108,CREDIT,34860.41,bad-date,Net Banking,Utilities
T01558,A0045,CREDIT,233594.73,2025-07-01,Mobile Banking,Online Shopping
T09144,A0560,CREDIT,445302.65,2026-04-25,UPI,Retail
T07173,A0073,DEBIT,406830.22,2025-10-08,Mobile Banking,Fuel
T01845,A0228,DEBIT,16288.25,2024-03-01,UPI,Retail
T02632,A0203,DEBIT,169490.12,2024-08-20,UPI,Entertainment
T09121,A0427,DEBIT,481178.29,2024-01-23,Net Banking,Fuel
T04630,A0148,CREDIT,183887.78,2025-11-12,Mobile Banking,Education
T06345,A0015,DEBIT,53328.22,2025-11-20,Debit Card,Restaurant
T06635,A0132,CREDIT,4016.62,2024-06-08,ATM,Travel
T08832,A0043,DEBIT,363562.03,2026-07-06,ATM,Entertainment
T06071,A0378,DEBIT,211655.38,2025-11-03,ATM,Retail
T05082,A0387,DEBIT,488242.65,2026-04-05,Net Banking,Education
T03722,A0371,DEBIT,38990.54,2025-09-06,Mobile Banking,Fuel
T00334,A0365,CREDIT,307803.57,2024-12-02,Debit Card,Utilities
T02298,A0352,DEBIT,197162.04,2025-06-30,Debit Card,Restaurant
T06212,A0111,CREDIT,220743.43,2025-08-30,Net Banking,Entertainment
T06507,A0029,CREDIT,413217.2,2025-07-30,Mobile Banking,Retail
T08057,A0283,CREDIT,314786.51,2025-03-28,UPI,Entertainment
T07008,A0035,DEBIT,108843.26,2026-04-07,Credit Card,Travel
T08978,A0418,CREDIT,258052.69,2025-02-17,UPI,Entertainment
T07917,A0362,DEBIT,98390.96,2025-11-24,Mobile Banking,Retail
T02257,A0345,DEBIT,400196.42,2024-05-15,ATM,Retail
T07277,A0502,CREDIT,457272.48,2025-01-29,Mobile Banking,Education
T01459,A0464,DEBIT,475857.12,2024-11-09,Debit Card,Healthcare
T06029,A0489,DEBIT,385004.31,2025-04-11,Credit Card,Restaurant
T09644,A0441,CREDIT,-1676.34,2023-12-25,UPI,Utilities
T09717,A0350,TRANSFER,11356.19,2024-04-03,Credit Card,Healthcare
T00783,A0108,DEBIT,349657.86,2025-01-19,ATM,Retail
T08353,A0044,DEBIT,409015.0,2025-10-08,UPI,Travel
T06087,A0253,DEBIT,182508.74,2024-06-12,Credit Card,Grocery
T02374,A0010,DEBIT,369113.24,2026-06-26,ATM,Fuel
T07400,A0408,DEBIT,267500.21,2025-02-10,Net Banking,Entertainment
T05829,A0450,CREDIT,260380.56,2026-03-21,Mobile Banking,Restaurant
T00491,A0005,DEBIT,16434.04,2024-01-27,ATM,Utilities
T05873,A0132,CREDIT,257719.63,2026-04-11,UPI,Utilities
T02814,A0048,DEBIT,235417.02,2024-07-29,Net Banking,Healthcare
T07778,A0352,DEBIT,298626.45,2025-10-14,UPI,Entertainment
T03507,A0248,CREDIT,31811.48,2024-05-21,Debit Card,Education
T08052,A0206,CREDIT,238380.19,2025-08-03,Net Banking,Restaurant
T08306,A0431,DEBIT,433921.62,2025-05-28,ATM,Online Shopping
T00505,A0507,DEBIT,456368.29,2024-07-31,Credit Card,Online Shopping
T09499,A0216,CREDIT,362870.46,2024-08-18,ATM,Online Shopping
T06441,A0324,DEBIT,211083.71,2024-03-26,ATM,Education
T08171,A0059,CREDIT,166841.91,2024-01-06,Net Banking,Healthcare
T06951,A0043,CREDIT,418035.9,2025-03-04,UPI,Entertainment
T03139,A0281,DEBIT,13548.2,2024-06-17,ATM,Travel
T03141,A0445,DEBIT,70142.24,2026-04-08,Credit Card,Retail
T08904,A0559,CREDIT,69384.21,2024-07-29,UPI,Grocery
T01777,A0533,DEBIT,192974.24,2025-09-26,Mobile Banking,Entertainment
T00615,A0150,CREDIT,92485.45,2026-04-18,Mobile Banking,Travel
T03935,A0312,CREDIT,453682.35,2026-02-22,UPI,Grocery
T06014,A0034,CREDIT,452552.07,2026-03-13,ATM,Education
T08518,A0417,DEBIT,207571.48,2024-05-24,Credit Card,Healthcare
T03463,A0189,DEBIT,216184.47,2025-03-30,Net Banking,Education
T04627,A0117,DEBIT,474743.83,2025-08-08,Mobile Banking,Healthcare
T07639,A0350,DEBIT,64375.42,2024-10-19,Credit Card,Online Shopping
T08655,A0016,DEBIT,337071.85,2025-01-01,UPI,Utilities
T02683,A0248,DEBIT,73666.57,2024-07-04,Credit Card,Travel
T02154,A0512,DEBIT,14091.91,2026-01-06,Debit Card,Utilities
T06152,A0254,DEBIT,422787.27,2025-02-25,UPI,Fuel
T08731,A0015,DEBIT,241440.89,2025-11-11,Debit Card,Online Shopping
T01044,A0493,CREDIT,382320.01,2026-04-06,ATM,Healthcare
T09585,A9999,DEBIT,25108.35,2026-01-29,Debit Card,Entertainment
T07118,A0402,CREDIT,395581.13,2024-05-02,ATM,Retail
T05631,A0172,CREDIT,135632.67,2025-06-07,Debit Card,Grocery
T05207,A0355,DEBIT,341252.52,2024-12-22,Mobile Banking,Utilities
T02649,A0151,CREDIT,184213.65,2024-03-13,Credit Card,Entertainment
T05084,A0280,DEBIT,400952.55,2024-03-02,Mobile Banking,Online Shopping
T05224,A0495,DEBIT,300399.55,2026-04-10,Mobile Banking,Retail
T03553,A0281,DEBIT,25654.11,2026-04-08,ATM,Retail
T08799,A0008,DEBIT,195516.13,2025-02-08,Net Banking,Online Shopping
T08669,A0031,CREDIT,321051.32,2025-10-30,Debit Card,Fuel
T09811,A0058,DEBIT,28291.59,bad-date,Credit Card,Utilities
T02874,A0159,CREDIT,107746.59,2026-02-08,Net Banking,Entertainment
T08528,A0085,CREDIT,38708.55,2024-07-20,Debit Card,Healthcare
T08866,A0379,CREDIT,92070.08,2024-11-11,UPI,Grocery
T05342,A0045,DEBIT,22083.9,2025-05-25,Debit Card,Healthcare
T07981,A0318,DEBIT,386918.55,2025-07-17,Debit Card,Entertainment
T08110,A0536,DEBIT,382633.78,2025-07-31,Mobile Banking,Fuel
T09190,A0176,CREDIT,428286.67,2025-09-13,Mobile Banking,Travel
T07034,A0031,CREDIT,339618.28,2024-10-13,Credit Card,Entertainment
T00523,A0361,DEBIT,15066.98,2024-07-03,Debit Card,Healthcare
T04526,A0191,CREDIT,262347.0,2026-06-29,Debit Card,Education
T07445,A0292,DEBIT,359575.85,2026-02-10,Debit Card,Grocery
T00931,A0530,DEBIT,238539.47,2026-07-10,ATM,Utilities
T06506,A0446,DEBIT,295102.73,2024-04-08,UPI,Grocery
T01512,A0077,DEBIT,154261.73,2024-11-03,Credit Card,Retail
T09281,A0228,DEBIT,30861.67,2025-05-01,Mobile Banking,Utilities
T08861,A0534,CREDIT,314350.23,2025-05-28,Mobile Banking,Entertainment
T04589,A0089,CREDIT,275345.64,2024-06-16,ATM,Healthcare
T08612,A0042,CREDIT,96207.94,2025-01-31,Mobile Banking,Fuel
T07108,A0008,CREDIT,224472.12,2024-06-21,Net Banking,Retail
T00247,A0365,DEBIT,403154.48,2024-01-04,Credit Card,Healthcare
T07701,A0533,DEBIT,473684.76,2024-03-20,ATM,Restaurant
T02132,A0481,DEBIT,189122.24,2025-09-14,UPI,Grocery
T08944,A0009,CREDIT,2623.04,2026-07-14,UPI,Online Shopping
T06883,A0076,CREDIT,107207.27,2024-06-21,Net Banking,Education
T05128,A0242,DEBIT,91597.08,2024-09-13,Mobile Banking,Retail
T02692,A0031,CREDIT,373463.99,2025-08-05,Net Banking,Retail
T02662,A0453,CREDIT,13755.5,2024-07-27,UPI,Education
T00795,A0314,DEBIT,312288.02,2025-02-16,Debit Card,Education
T07529,A0550,CREDIT,206587.31,2025-06-18,Debit Card,Fuel
T03425,A0099,CREDIT,34714.48,2025-12-26,ATM,Healthcare
T09291,A0032,DEBIT,316251.25,2024-12-14,Mobile Banking,Grocery
T09086,A0237,CREDIT,485478.28,2024-06-15,ATM,Grocery
T07583,A0509,CREDIT,152229.28,2025-05-18,Mobile Banking,Restaurant
T07836,A0089,DEBIT,202666.68,2025-11-26,Credit Card,Grocery
T08193,A0540,DEBIT,393243.0,2026-04-10,Credit Card,Retail
T09649,A0086,CREDIT,-1434.28,2024-12-04,UPI,Retail
T00589,A0042,CREDIT,141580.35,2025-08-30,UPI,Retail
T07594,A0427,DEBIT,272883.97,2024-03-17,Credit Card,Education
T06157,A0152,DEBIT,177910.63,2025-04-04,Net Banking,Grocery
T05671,A0385,DEBIT,469449.08,2026-02-05,Net Banking,Travel
T00413,A0142,CREDIT,191654.29,2025-07-16,Credit Card,Education
T08316,A0267,CREDIT,284445.47,2025-06-16,Debit Card,Education
T05415,A0480,CREDIT,89944.27,2025-02-02,Credit Card,Healthcare
T02191,A0002,DEBIT,181858.93,2025-04-30,Mobile Banking,Travel
T03500,A0224,DEBIT,150452.94,2026-06-11,Mobile Banking,Healthcare
T00408,A0272,CREDIT,394449.18,2026-06-01,ATM,Grocery
T07130,A0429,CREDIT,19270.04,2024-03-22,Net Banking,Grocery
T04947,A0557,DEBIT,259428.11,2026-08-24,Mobile Banking,Online Shopping
T00167,A0283,CREDIT,3820.91,2024-05-26,Credit Card,Online Shopping
T00124,A0023,CREDIT,421456.42,2026-07-21,UPI,Retail
T07817,A0286,DEBIT,274489.32,2025-02-23,UPI,Restaurant
T02114,A0391,CREDIT,354443.98,2026-02-07,Debit Card,Travel
T07359,A0425,DEBIT,81365.72,2024-03-09,Mobile Banking,Entertainment
T04635,A0039,CREDIT,301654.81,2025-09-20,Net Banking,Entertainment
T05674,A0473,DEBIT,450164.47,2024-02-03,Mobile Banking,Entertainment
T05502,A0191,CREDIT,421898.67,2024-02-24,UPI,Fuel
T09184,A0187,CREDIT,483684.98,2024-09-03,UPI,Utilities
T08416,A0432,DEBIT,153023.87,2024-09-01,Mobile Banking,Utilities
T06485,A0482,DEBIT,65457.45,2025-10-02,Mobile Banking,Grocery
T00708,A0456,DEBIT,181004.39,2024-12-26,Net Banking,Education
T03906,A0083,DEBIT,191062.72,2024-05-17,ATM,Retail
T00727,A0441,DEBIT,287611.4,2025-09-22,Debit Card,Online Shopping
T03056,A0093,DEBIT,455682.65,2025-09-06,ATM,Utilities
T06192,A0142,CREDIT,313134.01,2024-01-24,Credit Card,Fuel
T00230,A0408,CREDIT,259316.67,2024-07-12,Credit Card,Grocery
T03695,A0002,DEBIT,321385.93,2025-05-30,Debit Card,Grocery
T04327,A0030,CREDIT,347171.03,2026-04-24,ATM,Healthcare
T09350,A0179,CREDIT,113899.83,2025-05-21,ATM,Travel
T04563,A0363,DEBIT,65302.26,2024-12-17,ATM,Education
T08884,A0305,DEBIT,262276.57,2024-02-25,Credit Card,Grocery
T09096,A0285,DEBIT,59438.83,2026-08-31,Net Banking,Utilities
T00001,A0349,DEBIT,384710.01,2026-02-27,Net Banking,Restaurant
T00737,A0335,CREDIT,253579.38,2024-10-09,Credit Card,Education
T02410,A0175,CREDIT,424066.77,2026-04-17,ATM,Education
T02015,A0075,DEBIT,15414.37,2026-04-02,Net Banking,Healthcare
T08974,A0564,CREDIT,431784.78,2025-12-24,UPI,Entertainment
T00475,A0534,CREDIT,494120.48,2026-08-23,ATM,Entertainment
T03419,A0018,DEBIT,76254.34,2026-08-16,Debit Card,Grocery
T02234,A0509,DEBIT,148942.16,2025-04-03,Net Banking,Entertainment
T03786,A0014,DEBIT,391609.51,2026-05-17,Debit Card,Entertainment
T07191,A0006,CREDIT,368281.64,2024-03-22,Mobile Banking,Education
T08685,A0355,CREDIT,190271.54,2025-09-11,Mobile Banking,Healthcare
T08282,A0072,DEBIT,465911.64,2024-08-24,Debit Card,Fuel
T06369,A0194,CREDIT,100854.91,2025-10-28,Credit Card,Travel
T08564,A0055,CREDIT,88757.39,2025-10-15,Credit Card,Travel
T03843,A0405,CREDIT,222960.93,2025-09-16,UPI,Entertainment
T05233,A0252,DEBIT,121092.27,2026-02-16,Credit Card,Restaurant
T07610,A0186,CREDIT,428033.39,2024-09-25,Credit Card,Retail
T04153,A0170,DEBIT,113007.12,2024-02-08,Credit Card,Restaurant
T01527,A0140,DEBIT,486863.37,2025-02-25,Net Banking,Restaurant
T09545,,DEBIT,4069.98,2023-05-30,Net Banking,Healthcare
T06710,A0270,CREDIT,40938.69,2025-02-25,UPI,Grocery
T04475,A0118,DEBIT,257021.64,2026-06-15,Debit Card,Online Shopping
T02720,A0346,DEBIT,164347.54,2026-01-05,Mobile Banking,Retail
T03331,A0401,DEBIT,313069.18,2025-11-27,Credit Card,Retail
T08792,A0223,CREDIT,282593.74,2024-10-14,UPI,Retail
T05135,A0482,DEBIT,25999.31,2025-07-06,Mobile Banking,Entertainment
T04354,A0063,CREDIT,256373.49,2024-05-30,Credit Card,Online Shopping
T00547,A0232,CREDIT,131979.64,2024-10-30,Mobile Banking,Online Shopping
T01855,A0530,CREDIT,406186.85,2025-11-17,Debit Card,Entertainment
T02734,A0434,DEBIT,236778.93,2024-06-03,Mobile Banking,Education
T09191,A0367,CREDIT,451840.44,2024-01-02,UPI,Entertainment
T06668,A0178,DEBIT,353048.76,2026-05-11,ATM,Entertainment
T04118,A0269,CREDIT,461521.56,2026-05-21,Mobile Banking,Grocery
T02733,A0103,DEBIT,186251.28,2026-01-09,Credit Card,Grocery
T07177,A0102,DEBIT,178404.82,2025-04-07,Debit Card,Retail
T05578,A0182,CREDIT,24453.46,2025-04-21,Net Banking,Grocery
T00955,A0199,CREDIT,381450.04,2024-08-06,Debit Card,Education
,A0333,CREDIT,25134.78,2026-07-14,ATM,Retail
T09694,A0185,DEBIT,-2425.84,2024-07-23,Debit Card,Entertainment
T06181,A0184,DEBIT,344254.04,2026-04-02,Mobile Banking,Education
T08302,A0451,CREDIT,399772.41,2025-06-11,Credit Card,Online Shopping
T01045,A0164,DEBIT,195560.73,2024-07-17,ATM,Utilities
T09039,A0460,CREDIT,31605.71,2026-06-05,Net Banking,Online Shopping
T05782,A0074,CREDIT,493770.4,2026-03-12,Mobile Banking,Education
T05471,A0459,CREDIT,243972.03,2025-10-09,Debit Card,Healthcare
T03502,A0327,CREDIT,180652.96,2026-01-08,UPI,Fuel
T07419,A0071,DEBIT,1837.71,2024-07-12,UPI,Entertainment
T01994,A0218,CREDIT,72938.27,2024-02-15,UPI,Retail
T03221,A0279,CREDIT,380733.16,2024-03-24,ATM,Travel
T03391,A0450,DEBIT,289613.33,2025-12-30,Net Banking,Travel
T01742,A0362,DEBIT,92925.88,2024-09-09,Mobile Banking,Grocery
T06893,A0247,CREDIT,385592.42,2025-04-25,Net Banking,Entertainment
T05268,A0305,CREDIT,337025.88,2025-09-03,Net Banking,Education
T08869,A0118,DEBIT,271544.49,2024-05-22,UPI,Grocery
T00418,A0143,DEBIT,230248.15,2026-05-05,Net Banking,Healthcare
T04026,A0430,DEBIT,241516.32,2025-05-04,Credit Card,Grocery
T02316,A0264,CREDIT,198690.75,2025-10-11,Mobile Banking,Travel
T09126,A0109,CREDIT,158112.44,2025-08-12,Credit Card,Education
T09793,A0463,CREDIT,11571.33,2025-08-05,Telegram,Entertainment
T08941,A0264,DEBIT,215691.86,2024-11-02,Credit Card,Education
T06055,A0015,CREDIT,882.29,2024-09-28,Mobile Banking,Utilities
T09572,A9999,CREDIT,32295.96,2023-01-24,Credit Card,Fuel
T02212,A0375,DEBIT,31722.45,2026-01-18,Debit Card,Entertainment
T03873,A0512,DEBIT,186494.37,2026-02-23,Credit Card,Retail
T05205,A0144,CREDIT,369466.89,2025-10-12,UPI,Utilities
T03467,A0326,CREDIT,67875.97,2024-12-15,Net Banking,Entertainment
T05659,A0448,DEBIT,412543.95,2026-07-29,ATM,Utilities
T02851,A0246,CREDIT,228199.11,2025-10-12,ATM,Healthcare
T06743,A0223,CREDIT,221948.0,2024-07-02,Debit Card,Travel
T07335,A0356,CREDIT,165998.36,2025-02-27,Net Banking,Utilities
T03392,A0204,CREDIT,206970.22,2025-05-02,UPI,Utilities
T06927,A0045,CREDIT,356712.77,2025-03-16,Net Banking,Travel
T00979,A0406,DEBIT,399068.69,2026-05-01,Net Banking,Retail
T05318,A0110,DEBIT,392077.39,2026-08-01,Mobile Banking,Healthcare
T06313,A0069,DEBIT,81324.73,2024-09-26,UPI,Grocery
T00991,A0340,DEBIT,43781.37,2024-12-09,Debit Card,Grocery
T01087,A0253,CREDIT,48401.04,2026-07-28,Net Banking,Entertainment
T06633,A0239,CREDIT,267101.46,2025-09-24,Net Banking,Fuel
T07650,A0367,DEBIT,235665.88,2024-08-26,UPI,Entertainment
T03908,A0332,DEBIT,487391.3,2026-07-09,UPI,Online Shopping
T06947,A0139,DEBIT,343994.95,2025-08-30,Debit Card,Travel
T06962,A0392,DEBIT,193293.17,2026-01-08,Credit Card,Entertainment
T08562,A0003,DEBIT,178873.04,2026-01-11,UPI,Fuel
T04985,A0049,DEBIT,64515.47,2024-07-28,Net Banking,Online Shopping
T00701,A0027,CREDIT,304558.17,2026-04-07,Debit Card,Education
T03609,A0183,DEBIT,51767.54,2025-09-03,Debit Card,Fuel
T00609,A0159,DEBIT,314156.91,2026-01-06,UPI,Entertainment
T05132,A0163,CREDIT,268494.48,2025-03-27,UPI,Entertainment
T00029,A0151,DEBIT,414235.97,2024-03-24,UPI,Retail
T09451,A0094,DEBIT,19699.94,2026-08-16,Credit Card,Education
T01689,A0378,CREDIT,318787.69,2024-10-03,UPI,Entertainment
T07374,A0133,CREDIT,22331.41,2025-01-24,UPI,Entertainment
T01766,A0439,DEBIT,29278.74,2024-11-28,Net Banking,Education
T06115,A0438,DEBIT,97011.33,2025-01-28,Mobile Banking,Restaurant
T03510,A0320,CREDIT,171774.5,2026-06-24,UPI,Grocery
T09044,A0395,CREDIT,434035.2,2025-10-11,UPI,Entertainment
T00235,A0100,CREDIT,386894.44,2025-03-03,Net Banking,Healthcare
T03736,A0222,CREDIT,266013.87,2025-01-20,UPI,Restaurant
T01931,A0051,CREDIT,62146.0,2024-05-18,Mobile Banking,Fuel
T05627,A0290,CREDIT,207483.85,2026-01-27,Debit Card,Entertainment
T05540,A0476,DEBIT,208104.84,2024-03-13,Net Banking,Utilities
T06255,A0375,CREDIT,36074.16,2024-12-28,Debit Card,Travel
T05341,A0455,DEBIT,408201.9,2024-01-29,Mobile Banking,Entertainment
T02036,A0165,DEBIT,358566.67,2024-09-03,UPI,Grocery
T01953,A0547,DEBIT,496687.42,2024-01-07,Net Banking,Retail
T09471,A0184,CREDIT,268917.72,2026-05-07,Debit Card,Healthcare
T09385,A0220,CREDIT,151391.68,2026-07-08,Net Banking,Entertainment
T04614,A0205,DEBIT,380052.16,2025-08-11,Net Banking,Retail
T07584,A0149,DEBIT,11915.19,2026-04-02,Debit Card,Travel
T05644,A0246,DEBIT,171099.83,2025-04-12,Credit Card,Restaurant
T05381,A0260,DEBIT,227465.89,2025-06-19,ATM,Utilities
T04129,A0125,DEBIT,394014.34,2025-09-10,ATM,Fuel
T04919,A0130,CREDIT,257205.77,2024-05-31,Debit Card,Fuel
T01523,A0018,DEBIT,109287.1,2025-12-26,ATM,Grocery
T06387,A0496,CREDIT,261908.91,2024-11-25,Mobile Banking,Entertainment
T08424,A0246,DEBIT,306343.21,2025-09-09,ATM,Travel
T07052,A0491,CREDIT,308962.63,2026-03-19,Net Banking,Education
T03705,A0456,DEBIT,348340.54,2025-06-05,Net Banking,Education
T08916,A0294,DEBIT,256823.24,2025-12-26,UPI,Retail
T04113,A0387,CREDIT,72721.54,2024-06-07,Credit Card,Utilities
T05970,A0203,DEBIT,382639.09,2024-09-14,Debit Card,Education
T02412,A0295,DEBIT,364354.21,2024-08-11,UPI,Grocery
T03708,A0492,DEBIT,42615.51,2023-08-22,ATM,Restaurant
T00312,A0108,CREDIT,87948.11,2026-01-15,Debit Card,Fuel
T01293,A0446,DEBIT,396002.69,2026-01-02,Mobile Banking,Retail
T01115,A0347,CREDIT,182910.19,2024-09-02,Credit Card,Travel
T02334,A0317,DEBIT,375063.29,2026-05-07,Mobile Banking,Retail
T08346,A0318,DEBIT,186770.89,2025-07-12,Mobile Banking,Healthcare
T02619,A0215,DEBIT,459499.89,2025-05-01,UPI,Travel
T09716,A0499,TRANSFER,24009.27,2024-01-01,UPI,Restaurant
T09396,A0430,CREDIT,15711.08,2025-03-15,Credit Card,Education
T02323,A0324,DEBIT,116372.43,2024-09-07,Credit Card,Grocery
T09337,A0021,CREDIT,477209.2,2026-01-06,Debit Card,Healthcare
T06448,A0493,DEBIT,428392.56,2026-01-09,Mobile Banking,Healthcare
T05167,A0529,CREDIT,220730.02,2026-06-27,Net Banking,Fuel
T08232,A0439,DEBIT,171446.69,2024-10-08,Mobile Banking,Retail
T06880,A0252,DEBIT,325499.13,2025-10-11,UPI,Utilities
T00273,A0342,CREDIT,413959.56,2024-08-03,Mobile Banking,Travel
T08691,A0212,CREDIT,66382.49,2025-09-21,Net Banking,Education
T07843,A0379,DEBIT,168017.17,2024-02-22,UPI,Retail
T08201,A0313,CREDIT,40873.4,2026-04-02,Credit Card,Travel
T08073,A0118,CREDIT,204312.04,2024-06-16,ATM,Retail
T04918,A0382,CREDIT,185031.66,2026-06-19,Mobile Banking,Online Shopping
T01389,A0067,DEBIT,356563.53,2024-01-23,Credit Card,Fuel
T01283,A0434,DEBIT,38142.14,2025-03-03,Mobile Banking,Retail
T07405,A0081,CREDIT,422581.29,2026-01-05,ATM,Retail
T02576,A0565,DEBIT,53680.72,2024-04-28,Mobile Banking,Healthcare
T08618,A0023,CREDIT,7370.06,2025-09-18,Net Banking,Education
T04202,A0434,CREDIT,158500.39,2025-10-02,Net Banking,Fuel
T09109,A0281,CREDIT,97845.51,2024-12-19,Mobile Banking,Restaurant
T07312,A0264,CREDIT,420849.52,2025-08-13,ATM,Healthcare
T04656,A0035,CREDIT,151251.61,2025-06-15,Credit Card,Healthcare
T00520,A0393,DEBIT,99940.42,2024-12-27,Debit Card,Online Shopping
T06867,A0255,CREDIT,269858.23,2025-08-20,Net Banking,Online Shopping
T02976,A0241,CREDIT,440565.29,2025-12-31,Net Banking,Entertainment
T01909,A0249,DEBIT,137681.09,2025-07-13,ATM,Retail
T01424,A0025,DEBIT,201765.69,2026-03-28,Net Banking,Entertainment
T03817,A0161,DEBIT,221937.02,2026-02-17,UPI,Online Shopping
T09399,A0559,DEBIT,239890.02,2025-04-23,Mobile Banking,Healthcare
T04149,A0018,CREDIT,83998.06,2026-02-16,Credit Card,Utilities
T09025,A0169,CREDIT,294252.45,2026-04-16,Debit Card,Utilities
T02999,A0029,DEBIT,1824.16,2025-07-25,Debit Card,Retail
T00257,A0554,CREDIT,121753.66,2024-06-23,Mobile Banking,Online Shopping
T06334,A0357,CREDIT,313993.97,2024-12-12,Net Banking,Grocery
T01228,A0446,CREDIT,243722.34,2025-11-12,UPI,Utilities
T03067,A0529,CREDIT,49418.62,2025-03-30,ATM,Retail
T09807,A0486,DEBIT,49535.16,2025-08-05,Telegram,Restaurant
,A0074,DEBIT,44799.35,2025-04-21,Debit Card,Healthcare
T07138,A0329,DEBIT,196929.74,2025-01-22,UPI,Healthcare
T05194,A0468,CREDIT,20955.7,2025-06-02,Credit Card,Travel
T08042,A0555,DEBIT,394110.91,2025-07-23,ATM,Healthcare
T05588,A0327,CREDIT,69482.69,2024-07-14,UPI,Healthcare
T05100,A0349,DEBIT,236194.98,2024-02-20,Mobile Banking,Retail
T08920,A0159,DEBIT,152917.25,2024-04-23,Mobile Banking,Retail
T02712,A0373,DEBIT,423259.12,2024-01-23,ATM,Retail
T05413,A0067,DEBIT,63724.17,2024-12-31,Credit Card,Travel
T05073,A0284,DEBIT,186823.48,2026-02-15,Mobile Banking,Retail
T03642,A0103,DEBIT,145165.62,2024-06-21,Debit Card,Education
T05395,A0010,CREDIT,270059.24,2025-11-07,Credit Card,Grocery
T05158,A0336,CREDIT,175574.28,2024-04-08,Net Banking,Healthcare
T05056,A0134,CREDIT,245083.18,2025-05-23,Debit Card,Education
T01969,A0249,DEBIT,322567.94,2025-11-25,Mobile Banking,Grocery
T00982,A0078,CREDIT,487116.35,2026-03-10,UPI,Education
T09365,A0149,CREDIT,375904.9,2026-06-28,UPI,Healthcare
T03016,A0547,CREDIT,330300.39,2026-07-21,UPI,Utilities
T01795,A0220,DEBIT,440791.2,2024-04-13,Mobile Banking,Healthcare
T00061,A0496,CREDIT,203806.15,2024-08-27,UPI,Restaurant
T09139,A0513,DEBIT,305948.72,2025-09-03,Mobile Banking,Online Shopping
T06003,A0102,CREDIT,334783.68,2025-08-05,Debit Card,Utilities
T06621,A0158,DEBIT,203642.2,2025-10-01,ATM,Healthcare
T01518,A0414,CREDIT,156014.91,2026-06-18,Credit Card,Online Shopping
T05426,A0040,DEBIT,22058.66,2024-08-31,Mobile Banking,Grocery
T03087,A0029,DEBIT,369140.05,2025-07-14,Net Banking,Online Shopping
T00186,A0546,CREDIT,221084.87,2024-02-18,Mobile Banking,Education
T08148,A0212,DEBIT,169229.65,2024-12-29,Mobile Banking,Restaurant
T06994,A0494,CREDIT,402415.94,2026-02-06,Net Banking,Grocery
T05637,A0088,DEBIT,24230.02,2024-09-08,ATM,Travel
T05374,A0039,CREDIT,81197.33,2026-06-06,UPI,Restaurant
T08374,A0488,DEBIT,26616.88,2025-12-30,Mobile Banking,Fuel
T06873,A0276,CREDIT,294084.34,2025-12-04,Mobile Banking,Healthcare
T08200,A0489,CREDIT,19929.09,2024-04-22,Debit Card,Fuel
T01580,A0201,DEBIT,147837.56,2026-03-02,Net Banking,Entertainment
T07913,A0106,DEBIT,56186.04,2025-12-23,ATM,Education
T05810,A0493,DEBIT,361697.19,2024-07-03,ATM,Entertainment
T00346,A0135,CREDIT,478843.53,2026-03-22,UPI,Grocery
T03758,A0475,CREDIT,489039.65,2026-05-17,UPI,Fuel
T09310,A0514,DEBIT,69379.36,2026-06-19,Credit Card,Entertainment
T00194,A0238,CREDIT,53032.07,2024-11-27,ATM,Retail
T03845,A0103,CREDIT,228096.81,2025-01-18,Debit Card,Online Shopping
T01784,A0095,CREDIT,188640.45,2024-01-09,UPI,Education
T08028,A0245,CREDIT,211872.94,2024-01-27,Net Banking,Education
T01017,A0331,DEBIT,478456.99,2025-11-15,Mobile Banking,Online Shopping
T02801,A0263,DEBIT,424554.92,2024-05-14,Mobile Banking,Healthcare
T03208,A0568,CREDIT,278010.38,2024-05-23,Credit Card,Restaurant
T08835,A0218,CREDIT,160279.23,2025-04-15,UPI,Online Shopping
T09479,A0257,DEBIT,341117.27,2025-02-10,UPI,Grocery
T05948,A0447,CREDIT,195451.39,2026-07-18,UPI,Utilities
T09629,A9999,DEBIT,30651.44,2026-03-12,Mobile Banking,Restaurant
T03472,A0495,CREDIT,285871.42,2026-04-22,ATM,Fuel
T03066,A0386,DEBIT,82956.6,2025-03-06,Credit Card,Restaurant
T03634,A0181,CREDIT,230505.04,2025-10-13,ATM,Utilities
T08539,A0128,CREDIT,370413.02,2024-09-25,ATM,Utilities
T05230,A0140,CREDIT,41960.55,2024-09-27,Debit Card,Healthcare
T06855,A0043,DEBIT,428973.82,2025-07-08,ATM,Education
T07958,A0209,DEBIT,359174.84,2025-10-29,ATM,Retail
T03911,A0480,DEBIT,23200.32,2025-08-09,UPI,Healthcare
T09780,A0061,CREDIT,35611.25,2023-07-23,Telegram,Restaurant
T07794,A0245,CREDIT,487123.86,2026-01-22,Net Banking,Utilities
T08237,A0224,DEBIT,193859.87,2025-06-11,ATM,Grocery
T06527,A0009,DEBIT,402856.15,2025-08-03,UPI,Grocery
T00950,A0255,DEBIT,137716.65,2025-07-28,Net Banking,Restaurant
T03053,A0258,CREDIT,444146.75,2025-08-21,Mobile Banking,Education
T08467,A0327,DEBIT,471933.47,2024-12-12,ATM,Travel
T06534,A0489,CREDIT,347233.45,2026-01-11,Mobile Banking,Online Shopping
T09178,A0019,CREDIT,493181.53,2025-11-06,Mobile Banking,Restaurant
T01440,A0110,CREDIT,277551.54,2026-05-14,ATM,Travel
T08705,A0143,CREDIT,436646.44,2025-10-02,Debit Card,Fuel
T05013,A0233,CREDIT,74038.04,2024-06-29,Credit Card,Restaurant
T02671,A0011,DEBIT,326386.06,2025-01-21,Mobile Banking,Travel
T09193,A0069,CREDIT,63674.14,2025-03-21,UPI,Travel
T02168,A0162,DEBIT,408307.35,2024-11-04,Debit Card,Restaurant
T00239,A0266,DEBIT,220421.15,2026-07-23,Net Banking,Online Shopping
T04154,A0022,CREDIT,140521.32,2024-10-24,Net Banking,Healthcare
T05236,A0216,DEBIT,69122.37,2024-04-03,Mobile Banking,Grocery
T06698,A0040,CREDIT,48133.42,2026-06-25,Net Banking,Restaurant
T08563,A0049,CREDIT,419334.88,2025-05-05,ATM,Travel
T01398,A0095,CREDIT,286347.26,2026-03-12,Mobile Banking,Grocery
T06008,A0523,CREDIT,294796.64,2024-01-16,Credit Card,Fuel
T02150,A0246,CREDIT,360110.7,2024-10-15,Credit Card,Grocery
T09442,A0048,CREDIT,270473.08,2025-05-27,Mobile Banking,Online Shopping
T02118,A0142,CREDIT,361219.0,2025-05-03,ATM,Retail
T06414,A0217,CREDIT,207142.92,2026-04-10,Net Banking,Fuel
T05428,A0091,CREDIT,2027.25,2024-10-09,Debit Card,Travel
T05593,A0562,DEBIT,70590.86,2024-02-07,Credit Card,Fuel
T01094,A0406,CREDIT,330934.23,2024-11-13,Net Banking,Restaurant
T04474,A0397,CREDIT,281616.19,2025-10-08,UPI,Entertainment
T04195,A0063,DEBIT,332688.73,2025-06-25,UPI,Entertainment
T02891,A0035,DEBIT,201208.89,2024-05-14,UPI,Online Shopping
T01173,A0160,DEBIT,287577.06,2026-03-31,ATM,Grocery
T05319,A0460,DEBIT,484329.17,2025-03-28,Net Banking,Education
T07325,A0276,DEBIT,25403.61,2026-08-19,Debit Card,Entertainment
T00904,A0296,CREDIT,266379.59,2024-12-08,Credit Card,Grocery
T03089,A0138,CREDIT,324463.12,2025-05-15,UPI,Healthcare
T07143,A0440,CREDIT,63824.48,2025-11-05,UPI,Travel
T05603,A0214,DEBIT,221844.69,2024-01-17,Credit Card,Restaurant
T00722,A0156,CREDIT,296817.29,2025-01-13,Mobile Banking,Entertainment
T01631,A0232,CREDIT,441203.15,2026-05-25,UPI,Online Shopping
T08274,A0343,CREDIT,433191.18,2025-01-13,Credit Card,Travel
T04560,A0344,CREDIT,152509.98,2024-07-04,Net Banking,Utilities
T00016,A0312,DEBIT,454624.5,2024-01-09,Debit Card,Education
T09093,A0470,DEBIT,333897.51,2024-02-04,Credit Card,Utilities
T03664,A0393,CREDIT,277287.09,2024-12-17,UPI,Entertainment
T06911,A0397,CREDIT,432666.54,2024-08-29,Credit Card,Retail
T00953,A0168,CREDIT,32873.18,2025-03-18,Mobile Banking,Restaurant
T09344,A0133,CREDIT,341760.6,2024-05-30,UPI,Retail
T07163,A0016,DEBIT,342301.71,2025-08-18,UPI,Retail
T00356,A0390,DEBIT,262533.09,2025-12-17,Mobile Banking,Travel
T07481,A0396,DEBIT,43590.2,2026-08-28,UPI,Fuel
T08770,A0201,DEBIT,76443.42,2025-12-25,Net Banking,Online Shopping
T09773,A0370,DEBIT,49994.42,2026-08-17,Telegram,Retail
T04444,A0417,CREDIT,332952.46,2024-08-21,ATM,Restaurant
T00978,A0262,CREDIT,70220.94,2025-10-19,Credit Card,Healthcare
T00791,A0482,CREDIT,496655.83,2024-01-06,Debit Card,Travel
T04739,A0536,DEBIT,300141.69,2026-06-18,UPI,Entertainment
T09443,A0158,DEBIT,240788.21,2025-09-24,Credit Card,Healthcare
T08744,A0167,CREDIT,48777.76,2024-10-04,UPI,Education
T03649,A0319,CREDIT,150110.96,2024-11-28,UPI,Fuel
T05565,A0033,DEBIT,138041.41,2025-01-07,Debit Card,Online Shopping
T02542,A0088,DEBIT,150457.69,2024-02-21,Credit Card,Fuel
T02438,A0067,DEBIT,112319.5,2026-04-13,Credit Card,Grocery
T03271,A0169,CREDIT,461775.53,2024-01-08,Credit Card,Restaurant
T06530,A0406,CREDIT,400201.96,2024-11-21,UPI,Online Shopping
T05928,A0153,DEBIT,57542.22,2026-05-23,Mobile Banking,Fuel
T09351,A0313,DEBIT,69179.45,2024-03-14,Credit Card,Retail
T02157,A0344,CREDIT,180310.26,2024-09-02,Credit Card,Utilities
T04812,A0558,DEBIT,89660.18,2026-03-16,Credit Card,Grocery
T08026,A0068,CREDIT,248320.13,2024-11-05,Net Banking,Entertainment
T05110,A0442,DEBIT,276007.43,2025-03-25,Mobile Banking,Fuel
T00997,A0390,CREDIT,46516.62,2024-06-28,Net Banking,Fuel
T05195,A0040,DEBIT,180686.9,2025-08-24,Debit Card,Utilities
T00661,A0095,CREDIT,113640.23,2026-02-04,Net Banking,Fuel
T04951,A0525,CREDIT,92878.54,2024-07-09,Mobile Banking,Healthcare
T07525,A0080,DEBIT,387440.71,2026-05-14,ATM,Restaurant
T08216,A0461,DEBIT,415867.87,2026-03-15,Credit Card,Restaurant
T06007,A0145,DEBIT,257527.59,2024-12-27,Net Banking,Education
T04637,A0024,CREDIT,82573.93,2025-08-31,Net Banking,Utilities
T01024,A0036,DEBIT,315976.92,2026-03-24,ATM,Grocery
T04059,A0280,CREDIT,76241.08,2025-10-25,Mobile Banking,Restaurant
T08130,A0519,DEBIT,53459.89,2025-02-19,Debit Card,Retail
T01065,A0102,DEBIT,460342.78,2026-04-01,UPI,Entertainment
T04258,A0338,CREDIT,354203.31,2025-01-16,ATM,Travel
T02332,A0512,DEBIT,149047.33,2024-01-09,UPI,Fuel
T02640,A0399,DEBIT,341151.91,2024-12-31,UPI,Healthcare
T02416,A0559,CREDIT,308781.0,2025-07-23,Debit Card,Utilities
T09427,A0290,DEBIT,408241.96,2026-01-16,Mobile Banking,Entertainment
T05249,A0356,DEBIT,296621.62,2026-04-25,Debit Card,Education
T04966,A0054,CREDIT,233908.43,2024-08-23,Credit Card,Education
T09839,A0296,DEBIT,38394.83,bad-date,UPI,Healthcare
T08065,A0298,CREDIT,334341.12,2024-12-14,Net Banking,Fuel
T00934,A0067,DEBIT,112490.11,2024-07-30,ATM,Grocery
T04229,A0044,DEBIT,199021.58,2024-09-12,UPI,Education
T08443,A0541,DEBIT,389986.13,2024-04-23,Net Banking,Education
T04892,A0004,CREDIT,14772.87,2025-09-03,Mobile Banking,Fuel
T07702,A0023,DEBIT,345711.58,2024-04-30,Debit Card,Retail
T03890,A0053,DEBIT,336804.85,2024-08-21,Debit Card,Healthcare
T01499,A0199,DEBIT,495557.66,2026-02-14,Mobile Banking,Utilities
T04772,A0314,DEBIT,353942.87,2024-11-15,Debit Card,Travel
T02954,A0045,CREDIT,431533.81,2025-04-19,Debit Card,Entertainment
T03159,A0250,CREDIT,156078.72,2025-08-19,UPI,Utilities
T04132,A0129,DEBIT,423514.75,2025-01-22,Mobile Banking,Fuel
T03371,A0416,DEBIT,361918.45,2025-10-15,UPI,Travel
T04445,A0356,DEBIT,240221.29,2024-12-16,Credit Card,Grocery
T05208,A0225,DEBIT,133563.34,2026-08-17,UPI,Entertainment
T05317,A0199,DEBIT,302426.59,2024-07-25,Net Banking,Restaurant
T00998,A0529,CREDIT,81525.21,2024-08-02,UPI,Entertainment
T05438,A0435,DEBIT,465920.43,2026-06-24,Debit Card,Restaurant
T09254,A0119,CREDIT,380405.51,2026-03-12,Mobile Banking,Fuel
T00122,A0031,CREDIT,98992.71,2024-06-27,ATM,Restaurant
T07261,A0118,DEBIT,296399.85,2024-03-09,Credit Card,Utilities
T09645,A0247,DEBIT,-6405.99,2024-10-18,ATM,Online Shopping
T05871,A0020,CREDIT,112459.79,2024-01-27,Net Banking,Healthcare
T03438,A0018,DEBIT,43099.63,2024-01-25,Net Banking,Utilities
T06800,A0292,DEBIT,221637.87,2025-08-04,Net Banking,Healthcare
T02101,A0570,DEBIT,161706.48,2025-08-02,ATM,Online Shopping
T02908,A0483,CREDIT,488730.78,2025-12-05,Net Banking,Utilities
T07226,A0088,DEBIT,76205.35,2025-03-04,Credit Card,Travel
T03857,A0128,CREDIT,332028.68,2024-04-22,UPI,Utilities
T05385,A0254,CREDIT,403961.92,2025-07-09,Mobile Banking,Fuel
T05632,A0023,DEBIT,395322.68,2024-07-28,Debit Card,Healthcare
T06882,A0324,CREDIT,343321.62,2025-01-27,Net Banking,Restaurant
,A0287,CREDIT,42919.6,2023-12-21,UPI,Healthcare
T07072,A0523,CREDIT,146746.53,2024-08-23,Mobile Banking,Healthcare
T03853,A0505,CREDIT,168209.18,2025-02-24,Net Banking,Grocery
T02423,A0366,CREDIT,148851.8,2026-06-13,Net Banking,Restaurant
T04795,A0442,CREDIT,331162.5,2024-02-07,Credit Card,Healthcare
T01125,A0029,CREDIT,483387.42,2025-01-29,ATM,Utilities
T09824,A0485,DEBIT,9890.8,bad-date,Mobile Banking,Restaurant
T00899,A0297,CREDIT,432460.15,2026-02-24,Mobile Banking,Healthcare
T05081,A0263,CREDIT,99813.69,2024-04-12,Credit Card,Education
T01886,A0266,CREDIT,424824.72,2026-07-12,Net Banking,Online Shopping
T08299,A0252,DEBIT,124986.53,2024-08-24,Mobile Banking,Utilities
T05763,A0034,DEBIT,52406.79,2024-04-19,Net Banking,Education
T04447,A0038,CREDIT,127419.3,2024-08-06,Debit Card,Education
T07551,A0276,CREDIT,84769.68,2025-01-25,UPI,Grocery
T07664,A0518,CREDIT,293802.85,2026-04-20,Net Banking,Retail
T07860,A0184,CREDIT,447835.89,2024-04-14,Debit Card,Utilities
T05734,A0195,DEBIT,370202.85,2024-11-23,Credit Card,Entertainment
T03212,A0398,DEBIT,172301.89,2025-02-19,ATM,Travel
T09002,A0331,DEBIT,37842.44,2026-01-18,Mobile Banking,Restaurant
T07092,A0393,DEBIT,109139.03,2024-03-22,Net Banking,Healthcare
T08525,A0540,DEBIT,48437.35,2025-01-29,ATM,Education
T07614,A0457,CREDIT,136352.53,2024-09-02,Net Banking,Education
T01827,A0214,CREDIT,330202.58,2025-04-11,Mobile Banking,Restaurant
T09666,A0480,DEBIT,-6262.93,2023-12-11,UPI,Healthcare
T02030,A0376,DEBIT,415269.22,2025-12-28,Net Banking,Retail
T04850,A0044,DEBIT,405730.08,2024-01-30,Credit Card,Travel
T06208,A0302,DEBIT,301408.82,2025-11-26,ATM,Education
T07303,A0410,CREDIT,323854.92,2026-04-15,Net Banking,Online Shopping
T09654,A0309,CREDIT,-8894.52,2025-12-26,Mobile Banking,Education
T04236,A0564,DEBIT,68949.6,2025-04-26,Debit Card,Online Shopping
T04476,A0230,DEBIT,471035.67,2025-12-07,Debit Card,Grocery
T08715,A0386,DEBIT,229808.66,2024-07-21,UPI,Healthcare
T09475,A0359,DEBIT,195892.81,2024-02-04,Credit Card,Retail
T06346,A0291,DEBIT,153290.26,2025-05-25,ATM,Travel
T07729,A0082,DEBIT,370604.36,2026-07-15,Net Banking,Education
T07824,A0272,CREDIT,244691.89,2026-06-06,UPI,Grocery
T01071,A0314,CREDIT,457094.24,2024-04-02,Mobile Banking,Healthcare
T06892,A0078,CREDIT,400535.83,2024-08-26,Net Banking,Restaurant
T06600,A0231,DEBIT,418287.12,2026-01-01,Credit Card,Retail
T07957,A0298,CREDIT,482598.87,2025-11-30,Credit Card,Travel
T01272,A0123,DEBIT,225879.72,2025-04-01,Net Banking,Education
,A0444,DEBIT,40656.55,2024-01-10,ATM,Fuel
T05062,A0092,DEBIT,481085.98,2025-08-12,ATM,Travel
T09011,A0122,DEBIT,364854.91,2025-08-10,Net Banking,Grocery
T04281,A0529,CREDIT,3615.53,2026-07-31,Credit Card,Restaurant
T07683,A0207,CREDIT,179470.05,2024-07-02,Debit Card,Healthcare
T07619,A0063,CREDIT,307683.81,2026-02-26,Debit Card,Education
T01964,A0275,CREDIT,15814.62,2026-08-25,Credit Card,Restaurant
T01685,A0343,CREDIT,24053.28,2024-03-08,Credit Card,Education
T00645,A0230,DEBIT,461144.44,2024-09-14,Credit Card,Utilities
T06844,A0124,DEBIT,324012.12,2024-12-13,Credit Card,Healthcare
T08265,A0570,CREDIT,93649.07,2026-03-27,Debit Card,Utilities
T03151,A0068,DEBIT,462583.2,2024-10-09,Credit Card,Online Shopping
T07154,A0267,CREDIT,379130.27,2025-11-18,Debit Card,Restaurant
T09223,A0218,CREDIT,210894.23,2025-04-27,Credit Card,Restaurant
T08671,A0201,DEBIT,216108.29,2024-03-31,ATM,Healthcare
T09483,A0437,DEBIT,257532.36,2024-02-14,Net Banking,Healthcare
T07831,A0119,CREDIT,407132.1,2025-06-04,Debit Card,Online Shopping
T03807,A0191,CREDIT,262816.02,2024-06-17,Mobile Banking,Education
T05389,A0314,DEBIT,210510.47,2026-08-29,ATM,Fuel
T04549,A0008,CREDIT,46448.65,2025-02-27,Mobile Banking,Grocery
T01439,A0511,DEBIT,25738.16,2025-08-28,Debit Card,Restaurant
T00441,A0104,CREDIT,11940.29,2026-03-26,Credit Card,Entertainment
T02408,A0315,DEBIT,450393.21,2024-11-06,Net Banking,Restaurant
T08608,A0513,CREDIT,382914.82,2024-03-21,Mobile Banking,Online Shopping
T03129,A0030,CREDIT,212433.71,2026-05-23,Mobile Banking,Utilities
T06223,A0225,DEBIT,278896.69,2024-09-17,Net Banking,Education
T05120,A0519,DEBIT,350950.26,2025-03-22,Net Banking,Education
T06088,A0325,DEBIT,220389.31,2025-04-25,Mobile Banking,Retail
T03015,A0104,CREDIT,50512.07,2026-01-05,Net Banking,Fuel
T03414,A0458,DEBIT,47058.44,2025-09-25,Mobile Banking,Healthcare
T02878,A0253,CREDIT,163752.57,2025-09-09,Net Banking,Travel
T06296,A0160,CREDIT,52791.35,2024-03-06,Credit Card,Online Shopping
T07665,A0108,DEBIT,444396.58,2026-03-10,Mobile Banking,Utilities
T07851,A0253,CREDIT,469950.26,2026-01-18,Net Banking,Education
T08754,A0306,CREDIT,155591.71,2026-06-26,UPI,Restaurant
T06512,A0248,DEBIT,313941.37,2025-10-07,Debit Card,Retail
T01222,A0026,CREDIT,394153.83,2025-01-25,Mobile Banking,Grocery
T06327,A0567,CREDIT,425915.03,2024-03-17,UPI,Healthcare
T06106,A0318,DEBIT,133114.71,2024-10-10,Mobile Banking,Utilities
T04193,A0385,CREDIT,382104.6,2025-12-04,Mobile Banking,Education
T01395,A0567,CREDIT,125270.52,2025-06-21,Debit Card,Entertainment
T07457,A0328,DEBIT,425187.93,2026-01-20,ATM,Grocery
T08301,A0438,DEBIT,199548.55,2024-07-23,Mobile Banking,Retail
T02127,A0134,CREDIT,209022.55,2026-06-26,UPI,Healthcare
T04670,A0045,DEBIT,254104.81,2025-09-25,ATM,Education
T01863,A0260,DEBIT,14939.05,2024-05-03,Net Banking,Retail
T08180,A0494,CREDIT,355051.0,2026-05-01,Mobile Banking,Restaurant
T01564,A0046,DEBIT,344529.45,2025-07-08,ATM,Retail
T06083,A0206,DEBIT,72632.05,2026-08-05,UPI,Retail
T08126,A0483,CREDIT,498196.43,2024-10-24,Mobile Banking,Fuel
T02938,A0400,CREDIT,411454.85,2025-08-09,Debit Card,Travel
T05822,A0010,DEBIT,491928.58,2025-08-16,Net Banking,Healthcare
T01613,A0410,DEBIT,121189.37,2025-11-20,UPI,Grocery
T09583,A9999,DEBIT,12593.55,2024-11-25,ATM,Entertainment
T00685,A0281,DEBIT,134446.8,2024-09-13,Mobile Banking,Fuel
T01488,A0082,DEBIT,323456.81,2026-08-27,Credit Card,Retail
T09801,A0066,DEBIT,21954.18,2024-08-01,Telegram,Healthcare
T05478,A0483,CREDIT,135992.39,2024-09-13,Net Banking,Restaurant
T00967,A0165,DEBIT,361452.29,2026-08-22,Mobile Banking,Fuel
T07637,A0515,CREDIT,490544.98,2024-01-27,Net Banking,Travel
T08714,A0337,CREDIT,152364.57,2025-12-03,Debit Card,Education
T06980,A0213,DEBIT,122917.02,2026-03-01,Mobile Banking,Utilities
T02737,A0005,CREDIT,329956.4,2026-06-19,Net Banking,Restaurant
T03760,A0198,DEBIT,45429.89,2024-03-30,Debit Card,Healthcare
T07440,A0275,DEBIT,280740.27,2025-01-05,Net Banking,Utilities
T07241,A0518,DEBIT,45903.88,2024-05-08,Mobile Banking,Fuel
T01674,A0004,DEBIT,480014.27,2026-06-27,Mobile Banking,Online Shopping
T02024,A0555,CREDIT,140237.41,2025-09-15,Mobile Banking,Fuel
T07260,A0311,DEBIT,422417.35,2025-02-14,Net Banking,Utilities
T04253,A0029,CREDIT,164665.99,2025-11-02,UPI,Entertainment
T08856,A0010,DEBIT,343055.57,2024-02-01,Mobile Banking,Utilities
T01463,A0460,CREDIT,74748.48,2024-03-16,Debit Card,Utilities
T06133,A0186,DEBIT,239498.11,2025-05-03,Credit Card,Entertainment
T03313,A0047,DEBIT,265866.25,2026-08-18,Debit Card,Retail
T06066,A0449,CREDIT,128454.69,2025-04-26,Credit Card,Online Shopping
T04931,A0570,CREDIT,395173.84,2024-12-27,Debit Card,Fuel
T06197,A0372,DEBIT,385630.6,2026-07-27,Mobile Banking,Online Shopping
T01751,A0329,DEBIT,386524.32,2024-10-21,Debit Card,Travel
T00802,A0484,DEBIT,151348.9,2026-02-17,UPI,Travel
T07821,A0080,DEBIT,306367.24,2026-02-01,UPI,Restaurant
T03621,A0562,CREDIT,76658.98,2026-05-21,Debit Card,Travel
T03309,A0555,CREDIT,452595.75,2025-01-02,Mobile Banking,Travel
T03491,A0505,CREDIT,181007.32,2024-11-07,Debit Card,Utilities
T03169,A0020,DEBIT,457764.67,2024-05-21,ATM,Restaurant
T02035,A0060,CREDIT,242788.86,2025-10-29,Net Banking,Grocery
T06514,A0487,CREDIT,341923.86,2024-03-22,Credit Card,Fuel
T03166,A0382,DEBIT,89685.01,2026-01-30,ATM,Retail
T02571,A0153,DEBIT,70455.13,2025-06-27,Debit Card,Education
T04333,A0259,DEBIT,305839.54,2025-04-13,Credit Card,Fuel
T07793,A0238,DEBIT,85203.3,2024-02-04,UPI,Fuel
T05594,A0405,DEBIT,308981.46,2026-04-13,Mobile Banking,Entertainment
T09437,A0399,CREDIT,85317.82,2024-11-28,Mobile Banking,Online Shopping
T04634,A0270,CREDIT,263133.9,2025-07-23,ATM,Fuel
T01043,A0214,CREDIT,29705.19,2025-02-24,ATM,Grocery
T06862,A0066,CREDIT,185109.17,2026-05-20,ATM,Entertainment
T00507,A0216,DEBIT,187689.66,2024-11-17,Mobile Banking,Entertainment
T04886,A0324,CREDIT,12075.1,2024-07-09,Mobile Banking,Retail
T08533,A0165,CREDIT,173187.49,2025-07-13,Debit Card,Education
T05755,A0218,CREDIT,68385.56,2025-08-26,ATM,Healthcare
T07279,A0099,DEBIT,140963.86,2025-05-14,Net Banking,Restaurant
T01686,A0058,DEBIT,40144.21,2025-10-06,Net Banking,Online Shopping
T03927,A0408,CREDIT,390501.33,2024-12-15,ATM,Healthcare
T08418,A0238,CREDIT,143306.45,2025-08-06,ATM,Healthcare
T06781,A0418,DEBIT,364126.21,2025-12-03,Credit Card,Retail
T00018,A0453,DEBIT,443848.68,2026-03-11,Mobile Banking,Healthcare
T08258,A0299,CREDIT,296000.68,2024-02-01,Credit Card,Restaurant
T03986,A0258,CREDIT,402802.33,2025-08-04,Debit Card,Healthcare
T04270,A0183,CREDIT,184051.3,2025-12-20,Debit Card,Restaurant
T06286,A0476,CREDIT,308574.55,2024-02-25,Mobile Banking,Travel
T02789,A0170,DEBIT,437085.82,2026-03-02,Net Banking,Utilities
T09703,A0510,DEBIT,-574.51,2025-09-04,Debit Card,Restaurant
T01628,A0093,CREDIT,355681.64,2025-04-10,Net Banking,Entertainment
T01155,A0060,DEBIT,384370.85,2024-05-02,ATM,Retail
T00723,A0389,DEBIT,219349.66,2025-06-04,Mobile Banking,Fuel
T03078,A0456,DEBIT,248250.15,2024-11-17,ATM,Fuel
T08918,A0516,DEBIT,67707.1,2024-07-13,Mobile Banking,Grocery
T04576,A0214,CREDIT,459160.16,2025-02-28,Debit Card,Healthcare
T07470,A0108,CREDIT,369471.54,2025-05-08,Debit Card,Fuel
T07252,A0541,CREDIT,364710.99,2025-06-19,Credit Card,Retail
T08824,A0059,DEBIT,283180.96,2024-01-04,Net Banking,Fuel
T09204,A0260,DEBIT,475624.57,2025-04-23,UPI,Healthcare
T04184,A0244,DEBIT,330739.86,2025-05-01,Mobile Banking,Online Shopping
T07670,A0281,CREDIT,458835.11,2025-03-02,UPI,Utilities
T08830,A0352,DEBIT,11750.21,2026-04-03,UPI,Restaurant
T02754,A0521,DEBIT,199009.5,2024-05-08,Mobile Banking,Fuel
T01163,A0129,DEBIT,104129.65,2025-02-19,Credit Card,Healthcare
T04386,A0401,CREDIT,137588.72,2025-08-25,Net Banking,Retail
T08667,A0162,CREDIT,206185.09,2025-03-18,ATM,Online Shopping
T03167,A0414,CREDIT,26491.64,2024-07-18,UPI,Grocery
T09076,A0234,DEBIT,282543.74,2024-09-11,Mobile Banking,Travel
T07720,A0227,CREDIT,194176.49,2024-11-10,UPI,Restaurant
T03673,A0282,DEBIT,369811.99,2025-09-17,Mobile Banking,Healthcare
T07999,A0305,CREDIT,375377.87,2025-05-25,Debit Card,Travel
T05519,A0029,DEBIT,161243.73,2024-11-23,UPI,Education
T07290,A0537,DEBIT,314851.44,2026-03-15,Mobile Banking,Grocery
T04108,A0539,CREDIT,386246.26,2024-03-01,UPI,Retail
T00910,A0566,CREDIT,425169.48,2024-06-14,Credit Card,Utilities
T09379,A0401,DEBIT,229865.99,2024-10-28,Credit Card,Travel
T03630,A0249,CREDIT,447388.67,2026-03-31,Credit Card,Fuel
T00517,A0403,CREDIT,291865.76,2026-02-23,Net Banking,Restaurant
T02256,A0198,DEBIT,315185.6,2026-03-14,Credit Card,Utilities
T05095,A0291,DEBIT,494572.45,2024-01-04,ATM,Online Shopping
T03512,A0230,DEBIT,310258.23,2026-05-02,Debit Card,Travel
T02004,A0389,DEBIT,417062.16,2024-12-05,UPI,Retail
T06759,A0146,CREDIT,401333.75,2026-04-01,UPI,Retail
T01730,A0459,DEBIT,238852.96,2025-07-06,Mobile Banking,Grocery
T08016,A0013,CREDIT,290467.27,2025-11-19,Mobile Banking,Restaurant
T03027,A0397,CREDIT,441808.67,2025-07-08,ATM,Retail
T01548,A0021,CREDIT,283621.22,2026-06-25,UPI,Travel
T05614,A0301,CREDIT,250904.47,2026-03-16,Net Banking,Travel
T01656,A0042,CREDIT,121125.85,2026-07-06,Net Banking,Retail
T00894,A0312,DEBIT,375453.67,2025-04-07,Mobile Banking,Entertainment
T04225,A0222,DEBIT,481591.35,2025-04-11,UPI,Travel
T02427,A0228,CREDIT,62493.4,2024-08-10,Credit Card,Online Shopping
T03929,A0564,DEBIT,183482.52,2024-10-09,Net Banking,Retail
T07731,A0366,DEBIT,83816.36,2025-03-10,Debit Card,Travel
T00506,A0503,CREDIT,206931.19,2025-05-13,Mobile Banking,Online Shopping
T03488,A0026,DEBIT,247459.59,2026-03-11,Mobile Banking,Online Shopping
T01640,A0073,CREDIT,435433.71,2025-10-16,Net Banking,Restaurant
T05072,A0472,DEBIT,167889.99,2026-08-13,UPI,Travel
T09535,,CREDIT,49200.11,2025-11-15,Mobile Banking,Utilities
T03050,A0014,DEBIT,158954.81,2024-02-13,Credit Card,Travel
T01273,A0033,DEBIT,18625.16,2024-07-07,Credit Card,Healthcare
T02112,A0217,DEBIT,166224.64,2025-07-17,UPI,Fuel
T08965,A0465,CREDIT,32956.23,2026-06-01,Credit Card,Travel
T04571,A0042,DEBIT,436991.0,2026-03-07,Net Banking,Restaurant
T04883,A0568,CREDIT,395951.15,2026-03-15,Credit Card,Restaurant
T06828,A0031,DEBIT,370215.65,2026-01-31,Debit Card,Education
T07602,A0138,CREDIT,148900.93,2025-04-27,UPI,Restaurant
T05888,A0120,DEBIT,9205.45,2025-02-09,Net Banking,Utilities
T02812,A0288,CREDIT,307192.75,2026-02-28,Net Banking,Entertainment
T00077,A0127,DEBIT,486022.31,2025-01-20,Net Banking,Utilities
T01075,A0318,DEBIT,378409.61,2025-07-05,ATM,Healthcare
T05698,A0114,DEBIT,195287.51,2024-04-20,Net Banking,Online Shopping
T00925,A0282,CREDIT,380685.24,2024-05-31,Net Banking,Restaurant
T05963,A0297,CREDIT,63441.01,2024-07-14,Debit Card,Fuel
T03434,A0418,DEBIT,182497.09,2026-03-08,Net Banking,Grocery
T09831,A0455,CREDIT,10626.5,bad-date,UPI,Online Shopping
T00630,A0332,CREDIT,490666.07,2026-04-07,Mobile Banking,Travel
T09330,A0473,CREDIT,473668.99,2025-01-30,Net Banking,Online Shopping
T03146,A0306,CREDIT,13260.27,2026-08-07,Net Banking,Utilities
T06251,A0227,CREDIT,99932.82,2025-10-31,Debit Card,Online Shopping
T07413,A0242,DEBIT,30779.81,2025-08-23,Credit Card,Fuel
T02113,A0321,DEBIT,345164.67,2025-04-26,ATM,Online Shopping
T05393,A0559,DEBIT,32065.41,2026-02-06,Debit Card,Utilities
T08034,A0018,DEBIT,406840.66,2026-06-16,Net Banking,Grocery
T09405,A0309,CREDIT,427152.46,2024-01-17,ATM,Grocery
T07230,A0319,DEBIT,274673.06,2024-12-09,ATM,Entertainment
T00642,A0450,DEBIT,312772.8,2026-06-13,UPI,Fuel
T08593,A0296,CREDIT,309254.01,2026-06-25,Net Banking,Travel
T06940,A0570,DEBIT,40258.35,2024-01-31,ATM,Healthcare
T06599,A0237,CREDIT,378258.12,2024-10-10,Credit Card,Retail
T06786,A0489,DEBIT,487078.37,2024-03-26,UPI,Utilities
T07636,A0380,CREDIT,96221.47,2024-11-19,ATM,Fuel
T06784,A0351,DEBIT,189307.2,2024-11-07,Credit Card,Utilities
T04954,A0199,CREDIT,380836.57,2025-09-05,Credit Card,Healthcare
T01050,A0555,DEBIT,76922.94,2026-06-20,Mobile Banking,Utilities
T03181,A0291,DEBIT,63207.59,2024-11-07,ATM,Education
T05711,A0343,CREDIT,459247.43,2025-11-11,UPI,Online Shopping
T08726,A0146,DEBIT,488233.85,2025-10-27,Debit Card,Online Shopping
T09744,A0515,TRANSFER,36343.82,2026-01-04,Mobile Banking,Healthcare
T05459,A0157,CREDIT,303717.04,2025-01-13,UPI,Online Shopping
T05804,A0286,DEBIT,226089.95,2024-12-13,UPI,Utilities
T02091,A0387,CREDIT,167153.72,2024-01-09,ATM,Grocery
T01621,A0087,DEBIT,188697.84,2025-02-25,Debit Card,Restaurant
T02543,A0542,CREDIT,196579.76,2026-01-17,Mobile Banking,Grocery
T01513,A0027,DEBIT,163944.15,2025-12-29,UPI,Grocery
T08699,A0315,CREDIT,376686.87,2025-08-02,Credit Card,Healthcare
T00611,A0533,CREDIT,123678.32,2024-04-16,Credit Card,Retail
T06377,A0504,DEBIT,303936.83,2025-12-24,Net Banking,Travel
T07510,A0086,CREDIT,95578.59,2026-02-19,UPI,Utilities
T08523,A0239,CREDIT,417390.13,2024-07-04,ATM,Healthcare
T08178,A0252,DEBIT,38245.6,2025-12-01,Mobile Banking,Retail
T07323,A0039,CREDIT,67796.3,2026-07-22,Debit Card,Online Shopping
T01244,A0280,DEBIT,242400.39,2024-11-17,Net Banking,Education
T00879,A0104,DEBIT,256364.88,2026-01-12,UPI,Utilities
T05442,A0189,DEBIT,410040.69,2024-12-28,Mobile Banking,Healthcare
T01629,A0127,CREDIT,303267.6,2024-07-22,ATM,Fuel
T00721,A0138,CREDIT,361881.36,2025-08-26,Net Banking,Online Shopping
T09488,A0024,DEBIT,19925.05,2026-02-27,Mobile Banking,Utilities
T03780,A0274,DEBIT,307880.73,2026-01-22,ATM,Restaurant
T07176,A0387,DEBIT,1871.77,2024-08-02,ATM,Entertainment
T09513,,DEBIT,20160.7,2023-09-04,ATM,Education
T08579,A0042,CREDIT,206428.4,2025-07-06,Mobile Banking,Fuel
T07964,A0242,CREDIT,443672.81,2025-08-14,Mobile Banking,Entertainment
T02669,A0413,CREDIT,446762.12,2024-07-09,Net Banking,Education
T02970,A0262,DEBIT,37619.15,2024-09-08,Net Banking,Utilities
T08581,A0474,CREDIT,268932.72,2025-09-03,Debit Card,Fuel
T00341,A0006,DEBIT,441799.78,2025-12-27,ATM,Online Shopping
T02868,A0542,DEBIT,141923.53,2024-03-16,ATM,Utilities
T09767,A0184,CREDIT,784.91,2026-08-20,Telegram,Travel
T06259,A0362,CREDIT,144922.91,2024-02-08,ATM,Healthcare
T07296,A0466,CREDIT,309863.3,2024-06-19,Mobile Banking,Fuel
T01712,A0249,CREDIT,424053.23,2024-06-30,Net Banking,Utilities
T03072,A0431,CREDIT,117859.73,2025-04-16,Mobile Banking,Grocery
T01001,A0008,DEBIT,401725.5,2025-02-13,UPI,Utilities
T07900,A0114,CREDIT,207195.56,2025-12-09,Debit Card,Healthcare
T07936,A0379,CREDIT,372323.42,2025-12-09,Credit Card,Entertainment
T03918,A0166,DEBIT,422490.82,2025-11-01,Debit Card,Healthcare
T01922,A0427,DEBIT,422579.46,2025-04-26,Mobile Banking,Entertainment
T09819,A0306,CREDIT,1840.45,bad-date,ATM,Education
T07642,A0095,CREDIT,225528.33,2024-01-27,Credit Card,Entertainment
T00947,A0200,DEBIT,496119.62,2024-09-14,Credit Card,Fuel
T03108,A0422,DEBIT,287295.04,2024-10-27,UPI,Travel
T01457,A0528,CREDIT,248258.12,2024-08-17,Mobile Banking,Restaurant
T04085,A0500,CREDIT,412078.59,2026-01-11,Mobile Banking,Education
T09658,A0376,DEBIT,-1713.06,2023-01-12,Debit Card,Utilities
T03346,A0066,CREDIT,243977.09,2024-10-13,Debit Card,Utilities
T09636,A9999,DEBIT,29743.22,2023-05-14,ATM,Grocery
T00816,A0182,CREDIT,41504.03,2026-05-04,UPI,Retail
T09321,A0070,DEBIT,38373.95,2024-03-27,UPI,Grocery
T00989,A0546,DEBIT,326840.99,2024-07-24,Net Banking,Utilities
T04469,A0470,CREDIT,64737.28,2025-11-02,Credit Card,Entertainment
T02553,A0093,CREDIT,126136.07,2025-02-19,UPI,Retail
T07082,A0058,CREDIT,79166.97,2026-01-30,Net Banking,Travel
T02769,A0089,CREDIT,191222.52,2024-01-06,Mobile Banking,Retail
T03428,A0467,CREDIT,110406.46,2024-10-22,Net Banking,Education
T05361,A0380,DEBIT,326488.68,2025-05-18,Mobile Banking,Entertainment
T09180,A0319,DEBIT,85064.14,2026-01-31,Debit Card,Grocery
T01279,A0492,DEBIT,397522.09,2025-11-14,ATM,Online Shopping
T04748,A0525,CREDIT,132693.07,2026-07-17,ATM,Entertainment
T07857,A0404,CREDIT,218851.96,2024-10-02,Debit Card,Utilities
T00993,A0214,CREDIT,151534.46,2025-03-10,Debit Card,Travel
T05099,A0235,DEBIT,192522.08,2026-07-23,UPI,Fuel
T05807,A0171,DEBIT,497685.58,2026-01-26,ATM,Entertainment
T07690,A0379,CREDIT,283446.54,2025-10-03,UPI,Travel
T07340,A0349,CREDIT,119410.52,2025-03-31,Net Banking,Education
T06902,A0546,DEBIT,305555.54,2024-06-19,UPI,Healthcare
T00581,A0369,CREDIT,372208.12,2024-07-17,Credit Card,Online Shopping
T07449,A0177,DEBIT,409398.9,2025-11-24,Mobile Banking,Utilities
T01637,A0510,DEBIT,364657.65,2026-04-22,Net Banking,Online Shopping
T07235,A0031,CREDIT,132592.73,2026-01-11,UPI,Fuel
T01648,A0048,CREDIT,58344.67,2024-05-11,Credit Card,Retail
T02910,A0356,CREDIT,134065.47,2025-01-27,ATM,Restaurant
T05685,A0246,DEBIT,467117.64,2024-09-01,Credit Card,Restaurant
T01239,A0524,CREDIT,192133.26,2024-05-31,Net Banking,Utilities
T02039,A0061,CREDIT,58172.71,2025-01-15,UPI,Fuel
T05494,A0019,CREDIT,48931.83,2026-03-02,Credit Card,Entertainment
T07505,A0176,CREDIT,349449.56,2025-04-24,ATM,Restaurant
T04489,A0363,DEBIT,285879.9,2025-08-19,Net Banking,Retail
T01064,A0027,CREDIT,283508.31,2024-01-25,Mobile Banking,Utilities
T09183,A0498,DEBIT,350814.8,2026-05-17,Debit Card,Restaurant
T00003,A0114,CREDIT,390848.03,2025-09-16,UPI,Education
T06285,A0553,DEBIT,180499.02,2024-01-14,Mobile Banking,Entertainment
T09265,A0304,DEBIT,192525.12,2024-08-05,ATM,Education
T05292,A0488,CREDIT,55788.21,2024-01-27,Debit Card,Grocery
T09122,A0468,DEBIT,288966.02,2026-07-29,UPI,Online Shopping
T08044,A0497,DEBIT,368556.96,2025-12-10,Credit Card,Fuel
T07871,A0421,CREDIT,216372.28,2025-12-12,Mobile Banking,Education
T00968,A0482,CREDIT,390635.85,2025-02-03,Mobile Banking,Entertainment
T00378,A0566,CREDIT,85637.44,2024-02-16,Net Banking,Travel
T06637,A0149,DEBIT,13644.64,2026-01-13,Mobile Banking,Grocery
T03106,A0462,DEBIT,268909.65,2026-06-13,ATM,Travel
T08565,A0143,DEBIT,91753.56,2024-07-30,Credit Card,Travel
T06568,A0484,CREDIT,335879.55,2024-08-19,Net Banking,Entertainment
T09401,A0281,CREDIT,60088.26,2024-12-25,UPI,Retail
T02770,A0430,CREDIT,465888.94,2024-05-27,Credit Card,Entertainment
T03207,A0005,CREDIT,137007.45,2025-09-20,Credit Card,Entertainment
T03551,A0527,DEBIT,243713.22,2025-03-28,Mobile Banking,Restaurant
T00912,A0136,DEBIT,32499.93,2024-02-01,ATM,Fuel
T07244,A0548,CREDIT,175744.43,2024-03-26,Mobile Banking,Education
T09327,A0522,CREDIT,374738.83,2024-02-14,Net Banking,Grocery
T06823,A0022,DEBIT,478611.56,2024-02-21,Mobile Banking,Healthcare
T07197,A0392,DEBIT,492747.51,2025-04-30,UPI,Retail
T02196,A0391,CREDIT,49425.28,2025-05-18,UPI,Grocery
T07036,A0001,DEBIT,147497.51,2024-04-17,ATM,Retail
T07430,A0497,CREDIT,385728.32,2026-06-01,Mobile Banking,Restaurant
T09292,A0543,DEBIT,142619.82,2024-11-15,Mobile Banking,Travel
T03018,A0187,DEBIT,218525.0,2025-12-16,ATM,Grocery
T06067,A0187,CREDIT,477790.0,2025-02-26,UPI,Fuel
T08548,A0389,DEBIT,496866.1,2024-12-25,Credit Card,Travel
T04708,A0556,CREDIT,449618.78,2025-11-14,Mobile Banking,Grocery
T07855,A0514,CREDIT,294803.4,2025-06-02,UPI,Fuel
T04697,A0018,DEBIT,459212.69,2025-12-19,UPI,Fuel
T02760,A0258,CREDIT,323094.93,2024-04-02,ATM,Grocery
T02949,A0122,CREDIT,29445.26,2026-01-28,ATM,Retail
T00793,A0480,CREDIT,33479.32,2025-10-13,Net Banking,Travel
T05720,A0206,CREDIT,355275.86,2026-01-27,Debit Card,Grocery
T06204,A0309,CREDIT,343743.63,2025-01-20,UPI,Entertainment
T06489,A0434,CREDIT,394000.77,2024-07-10,Credit Card,Healthcare
T01188,A0114,CREDIT,480791.4,2024-11-24,Debit Card,Online Shopping
T08406,A0315,CREDIT,329377.98,2026-05-25,Net Banking,Healthcare
T06481,A0276,DEBIT,168382.4,2024-12-10,Mobile Banking,Entertainment
T01567,A0358,DEBIT,376688.36,2025-07-23,Mobile Banking,Grocery
T07493,A0439,CREDIT,158868.74,2026-08-25,ATM,Travel
T02633,A0430,CREDIT,449845.18,2024-01-08,ATM,Restaurant
T04799,A0534,DEBIT,490725.32,2026-03-28,Credit Card,Utilities
T02725,A0552,CREDIT,61312.18,2026-05-01,Debit Card,Restaurant
T07159,A0317,CREDIT,482963.68,2025-09-02,Debit Card,Restaurant
T05552,A0249,DEBIT,333022.5,2024-07-19,Mobile Banking,Fuel
T07963,A0087,CREDIT,272059.2,2026-08-28,UPI,Grocery
T00358,A0053,DEBIT,55116.47,2025-01-07,Debit Card,Utilities
T06702,A0512,CREDIT,79007.15,2025-02-25,Credit Card,Utilities
T09406,A0487,CREDIT,242448.94,2026-07-17,Debit Card,Grocery
T01223,A0410,DEBIT,7073.69,2026-03-21,Mobile Banking,Grocery
T05965,A0407,CREDIT,437140.59,2024-09-09,Debit Card,Healthcare
T01436,A0562,DEBIT,315799.11,2024-11-30,Net Banking,Grocery
T09805,A0195,CREDIT,8958.55,2024-04-08,Telegram,Grocery
T09850,A0367,DEBIT,38548.39,bad-date,Mobile Banking,Retail
T05722,A0351,CREDIT,406664.46,2026-04-28,Mobile Banking,Travel
T05942,A0216,CREDIT,243591.66,2026-01-06,Credit Card,Entertainment
T01031,A0270,CREDIT,390998.94,2025-03-12,Mobile Banking,Retail
T08999,A0166,CREDIT,177677.15,2025-10-13,Net Banking,Online Shopping
T02623,A0222,CREDIT,15168.71,2026-05-15,Debit Card,Healthcare
T03521,A0465,CREDIT,461910.77,2025-03-03,ATM,Entertainment
T07953,A0068,CREDIT,103667.55,2024-10-24,Net Banking,Travel
T00920,A0439,CREDIT,51901.14,2026-05-17,Debit Card,Fuel
T07932,A0225,CREDIT,156184.68,2025-08-02,Mobile Banking,Online Shopping
T02232,A0291,DEBIT,3543.14,2024-02-21,UPI,Grocery
T02650,A0374,DEBIT,349173.12,2025-02-17,Mobile Banking,Travel
T01734,A0510,CREDIT,418538.8,2024-05-12,Debit Card,Education
T05390,A0201,DEBIT,400873.65,2025-12-01,Net Banking,Restaurant
T00483,A0291,CREDIT,497682.07,2026-04-05,UPI,Online Shopping
T02719,A0353,CREDIT,56849.7,2026-06-24,Mobile Banking,Travel
T04837,A0206,CREDIT,245052.12,2026-05-09,Credit Card,Healthcare
T00294,A0128,CREDIT,482843.95,2026-07-08,UPI,Grocery
T02933,A0034,DEBIT,497098.08,2026-03-28,Mobile Banking,Grocery
T04080,A0117,DEBIT,483446.01,2025-04-29,Mobile Banking,Education
T00406,A0343,CREDIT,339748.71,2024-06-02,Mobile Banking,Restaurant
T04448,A0366,DEBIT,109240.17,2026-08-22,ATM,Entertainment
T00140,A0477,DEBIT,213108.56,2025-04-23,Credit Card,Healthcare
T00748,A0116,DEBIT,209855.05,2025-04-02,Debit Card,Travel
T06936,A0022,DEBIT,200680.71,2026-06-25,Credit Card,Grocery
T09756,A0415,TRANSFER,38334.09,2026-03-25,Net Banking,Utilities
T01775,A0493,CREDIT,260941.27,2025-10-10,Mobile Banking,Healthcare
T08261,A0554,DEBIT,454148.95,2026-06-12,UPI,Utilities
T03759,A0105,CREDIT,31750.78,2024-11-17,ATM,Entertainment
T08506,A0547,CREDIT,103721.84,2025-01-30,ATM,Travel
T00298,A0373,CREDIT,211583.36,2026-08-25,Mobile Banking,Retail
T07904,A0496,CREDIT,208860.38,2026-02-09,Debit Card,Travel
T06159,A0312,CREDIT,368944.26,2025-03-11,Credit Card,Online Shopping
T08466,A0225,CREDIT,432488.69,2026-06-06,Debit Card,Restaurant
T03747,A0081,DEBIT,105097.69,2025-09-28,Net Banking,Education
T05075,A0495,CREDIT,229394.2,2024-07-27,UPI,Grocery
T09820,A0469,CREDIT,38599.95,bad-date,Debit Card,Online Shopping
T02896,A0264,CREDIT,355439.54,2024-11-21,ATM,Online Shopping
T03382,A0535,CREDIT,137292.79,2025-10-23,ATM,Entertainment
T03943,A0266,CREDIT,378051.48,2025-04-09,Credit Card,Entertainment
T08804,A0421,DEBIT,466691.27,2026-03-18,ATM,Healthcare
T04399,A0009,DEBIT,425795.94,2024-10-30,Net Banking,Grocery
T00702,A0521,DEBIT,469975.92,2025-01-22,Net Banking,Retail
T05457,A0147,CREDIT,8168.88,2026-03-08,ATM,Utilities
T04878,A0551,DEBIT,220739.59,2026-01-18,Debit Card,Education
T07885,A0554,CREDIT,364397.94,2024-11-30,UPI,Education
T07044,A0250,CREDIT,237866.11,2026-05-04,Debit Card,Healthcare
T04762,A0484,CREDIT,3656.96,2024-09-25,Credit Card,Healthcare
T03280,A0026,CREDIT,232383.11,2025-08-22,UPI,Grocery
T02399,A0425,CREDIT,15711.88,2025-10-08,ATM,Healthcare
T06256,A0496,CREDIT,179803.79,2024-09-08,Debit Card,Online Shopping
T00619,A0469,CREDIT,282148.12,2024-01-12,Net Banking,Restaurant
T02997,A0505,DEBIT,233772.96,2024-08-11,ATM,Online Shopping
T07528,A0517,CREDIT,371013.49,2026-07-10,Debit Card,Fuel
T07562,A0224,DEBIT,89942.82,2025-08-09,UPI,Retail
T04593,A0065,DEBIT,153788.69,2026-02-15,Mobile Banking,Education
T05064,A0252,DEBIT,278450.01,2024-02-10,Debit Card,Healthcare
T06262,A0150,DEBIT,480837.2,2024-04-11,ATM,Utilities
T00822,A0518,DEBIT,86566.81,2026-02-03,UPI,Restaurant
T04115,A0133,CREDIT,448330.13,2024-10-20,UPI,Utilities
T02740,A0011,DEBIT,47134.17,2024-08-02,Mobile Banking,Grocery
T07178,A0566,CREDIT,332299.03,2024-02-05,Credit Card,Utilities
T06854,A0046,DEBIT,390984.62,2024-06-23,Net Banking,Restaurant
T00352,A0204,DEBIT,353259.8,2026-04-09,UPI,Education
T05087,A0154,CREDIT,460419.18,2024-01-02,UPI,Education
T09345,A0015,CREDIT,297077.79,2025-07-03,UPI,Healthcare
T01570,A0184,CREDIT,413656.0,2024-07-21,ATM,Restaurant
T04209,A0425,DEBIT,129143.28,2025-12-01,Net Banking,Restaurant
T04688,A0347,DEBIT,96592.14,2025-06-15,UPI,Online Shopping
T07757,A0417,CREDIT,215747.22,2025-02-19,Mobile Banking,Fuel
T00134,A0511,DEBIT,89581.36,2025-12-30,Debit Card,Education
T00109,A0320,DEBIT,256611.56,2025-10-29,Debit Card,Restaurant
T07541,A0531,CREDIT,85473.07,2025-04-14,Net Banking,Retail
T03270,A0322,CREDIT,159410.34,2026-03-09,Credit Card,Grocery
T09243,A0182,CREDIT,314697.65,2025-04-19,ATM,Fuel
T00983,A0163,CREDIT,287005.23,2025-04-24,Net Banking,Travel
T01092,A0066,DEBIT,32799.84,2026-01-06,Debit Card,Fuel
T05200,A0340,CREDIT,453595.61,2024-04-18,Net Banking,Utilities
T08213,A0516,DEBIT,248918.9,2024-05-07,Mobile Banking,Travel
T02351,A0166,DEBIT,421241.4,2025-09-22,ATM,Fuel
T05911,A0271,DEBIT,219882.89,2025-07-23,Mobile Banking,Healthcare
T02325,A0044,DEBIT,188553.91,2024-12-09,Mobile Banking,Restaurant
T05568,A0301,DEBIT,239077.82,2024-10-22,ATM,Online Shopping
T07453,A0520,CREDIT,392997.27,2026-08-14,Net Banking,Restaurant
T05749,A0356,DEBIT,329710.36,2024-11-29,Credit Card,Restaurant
T07589,A0062,CREDIT,196291.13,2025-04-08,ATM,Travel
T09088,A0570,CREDIT,196432.28,2026-02-03,UPI,Grocery
T06086,A0093,CREDIT,370473.72,2025-01-07,ATM,Entertainment
T02096,A0072,CREDIT,368640.66,2024-02-02,Net Banking,Retail
T05748,A0495,CREDIT,230054.32,2024-04-13,Net Banking,Retail
T08300,A0126,DEBIT,433497.82,2024-05-28,Net Banking,Online Shopping
T09102,A0200,DEBIT,221827.5,2024-05-07,Debit Card,Fuel
T01323,A0398,CREDIT,126676.83,2024-04-30,Mobile Banking,Education
T01162,A0471,DEBIT,355371.84,2025-07-08,ATM,Healthcare
T06380,A0433,CREDIT,63917.07,2024-06-01,UPI,Travel
T02472,A0396,DEBIT,119780.45,2025-05-14,Net Banking,Grocery
T01361,A0567,DEBIT,102311.8,2025-04-18,Net Banking,Education
T01741,A0537,DEBIT,230396.84,2025-02-07,ATM,Grocery
T00100,A0131,CREDIT,459565.98,2025-03-28,UPI,Restaurant
T07063,A0383,DEBIT,182284.21,2024-11-23,Credit Card,Restaurant
T07728,A0294,CREDIT,476717.19,2026-05-02,Debit Card,Fuel
T06428,A0190,CREDIT,484869.48,2024-09-23,UPI,Utilities
T06263,A0045,DEBIT,62773.76,2024-03-02,Net Banking,Restaurant
T09016,A0017,CREDIT,451234.56,2024-11-21,UPI,Healthcare
T08889,A0252,CREDIT,294486.75,2024-04-04,Mobile Banking,Online Shopping
T00846,A0537,CREDIT,475751.79,2025-08-04,ATM,Grocery
T08560,A0018,DEBIT,361758.98,2025-01-29,Debit Card,Restaurant
T05756,A0430,CREDIT,158186.67,2025-05-22,Net Banking,Retail
T02480,A0332,CREDIT,167447.58,2026-06-12,Mobile Banking,Restaurant
T01801,A0341,DEBIT,432730.04,2025-08-14,Credit Card,Fuel
T08695,A0471,DEBIT,211292.59,2024-05-06,Credit Card,Retail
T05853,A0529,DEBIT,12086.71,2024-09-06,Mobile Banking,Retail
T04711,A0440,CREDIT,110658.75,2026-03-20,Debit Card,Utilities
T02094,A0471,DEBIT,91966.75,2024-03-03,Mobile Banking,Grocery
T06590,A0356,DEBIT,461853.61,2026-02-03,ATM,Healthcare
T03615,A0118,DEBIT,110979.52,2025-12-08,ATM,Healthcare
T09706,A0171,DEBIT,-7021.14,2024-07-26,UPI,Fuel
T03090,A0398,CREDIT,436550.86,2024-02-18,Credit Card,Fuel
T04064,A0022,DEBIT,357776.86,2024-08-16,Mobile Banking,Restaurant
T08464,A0039,DEBIT,171086.27,2024-01-07,UPI,Retail
T05407,A0218,CREDIT,470836.32,2025-06-11,UPI,Fuel
T03103,A0105,CREDIT,468110.88,2025-10-25,Debit Card,Retail
T02297,A0348,CREDIT,90021.37,2024-11-20,Net Banking,Retail
T03429,A0212,DEBIT,246049.1,2024-04-01,Net Banking,Grocery
T09799,A0195,CREDIT,13050.99,2025-09-22,Telegram,Education
T03774,A0086,DEBIT,177984.24,2025-10-15,Credit Card,Grocery
T03316,A0383,CREDIT,244755.57,2025-05-13,UPI,Fuel
T02585,A0333,CREDIT,477864.57,2026-03-01,Mobile Banking,Restaurant
T03831,A0410,DEBIT,52253.0,2024-12-20,Debit Card,Restaurant
T04896,A0023,DEBIT,64098.62,2024-03-21,Mobile Banking,Education
T02238,A0204,CREDIT,294472.77,2025-01-30,Debit Card,Fuel
T05076,A0309,CREDIT,150974.54,2024-11-22,ATM,Utilities
T03910,A0201,CREDIT,254128.29,2026-06-18,Credit Card,Restaurant
T05837,A0398,DEBIT,117510.76,2025-01-19,Credit Card,Grocery
T08747,A0147,DEBIT,47630.7,2025-07-28,Net Banking,Grocery
T07363,A0345,DEBIT,268922.38,2026-08-23,Credit Card,Healthcare
T05216,A0566,DEBIT,204486.54,2024-03-24,Net Banking,Healthcare
T02923,A0093,DEBIT,141314.03,2025-03-23,Mobile Banking,Fuel
T07268,A0241,CREDIT,175138.74,2024-10-20,Net Banking,Grocery
T07084,A0087,CREDIT,137411.51,2026-05-20,Mobile Banking,Utilities
T01975,A0559,CREDIT,133455.99,2026-07-04,ATM,Utilities
T01699,A0081,CREDIT,332.17,2024-04-25,ATM,Healthcare
T03160,A0095,CREDIT,125160.3,2025-03-19,Credit Card,Education
T00366,A0124,CREDIT,293322.07,2026-07-23,Mobile Banking,Travel
T05998,A0298,CREDIT,199028.01,2024-12-26,UPI,Education
T01143,A0491,CREDIT,55792.17,2024-02-08,Credit Card,Grocery
T00738,A0076,DEBIT,446147.03,2024-02-09,Credit Card,Online Shopping
T09508,,CREDIT,26240.29,2024-11-04,Net Banking,Fuel
T00345,A0333,DEBIT,250979.11,2026-08-03,Mobile Banking,Healthcare
T08932,A0120,CREDIT,432257.73,2024-10-19,Credit Card,Education
T06667,A0570,CREDIT,420947.87,2024-08-04,Credit Card,Education
T00652,A0355,CREDIT,474958.9,2025-09-04,Mobile Banking,Fuel
T03942,A0238,DEBIT,104496.07,2025-04-03,Credit Card,Education
T04945,A0195,CREDIT,353836.67,2026-08-21,Net Banking,Healthcare
T01788,A0492,DEBIT,160492.35,2026-02-03,Debit Card,Education
T03233,A0215,DEBIT,98821.14,2025-03-11,UPI,Entertainment
T03345,A0189,DEBIT,222613.71,2026-03-23,ATM,Utilities
T02522,A0146,CREDIT,60063.15,2026-04-03,Debit Card,Utilities
T03514,A0030,DEBIT,496879.98,2024-06-19,Credit Card,Utilities
T02980,A0191,CREDIT,12864.16,2025-01-03,Credit Card,Entertainment
T05682,A0521,CREDIT,173828.32,2026-01-30,Credit Card,Online Shopping
T05850,A0157,CREDIT,387116.02,2025-08-08,ATM,Utilities
T05761,A0402,DEBIT,458845.64,2025-12-27,ATM,Restaurant
T08764,A0139,CREDIT,465571.82,2025-06-18,Credit Card,Grocery
T09328,A0473,DEBIT,224362.4,2026-01-19,ATM,Healthcare
T02301,A0089,CREDIT,59700.98,2025-04-13,Net Banking,Retail
T05220,A0515,DEBIT,233153.99,2024-01-15,ATM,Travel
T09276,A0500,CREDIT,163938.4,2026-05-22,Debit Card,Fuel
T02180,A0157,DEBIT,466221.27,2024-03-05,UPI,Utilities
T00961,A0461,DEBIT,212706.43,2025-02-06,Credit Card,Retail
T02160,A0288,CREDIT,39631.42,2024-12-17,Debit Card,Utilities
T07165,A0191,CREDIT,439977.82,2024-05-25,UPI,Utilities
T06738,A0074,CREDIT,196785.54,2025-10-14,ATM,Online Shopping
T02950,A0147,DEBIT,67714.28,2025-09-14,Debit Card,Utilities
T07567,A0419,CREDIT,44403.41,2025-01-22,Credit Card,Utilities
T05783,A0566,CREDIT,381643.34,2026-06-14,ATM,Retail
T04105,A0564,CREDIT,284057.44,2025-05-22,Credit Card,Entertainment
T06966,A0159,DEBIT,234306.69,2024-01-16,Net Banking,Fuel
T02296,A0550,DEBIT,77127.67,2025-11-24,Credit Card,Grocery
T00232,A0316,DEBIT,376255.88,2026-08-04,Mobile Banking,Online Shopping
T07204,A0278,DEBIT,318895.12,2025-11-25,Credit Card,Utilities
T00407,A0294,DEBIT,437713.54,2024-10-04,Credit Card,Utilities
T02383,A0029,DEBIT,145078.88,2024-01-11,Net Banking,Grocery
T07769,A0267,DEBIT,85075.57,2024-11-10,ATM,Entertainment
T03451,A0470,DEBIT,384574.87,2026-05-17,UPI,Utilities
T00797,A0287,CREDIT,131542.51,2024-04-14,ATM,Education
T08133,A0228,CREDIT,194542.45,2024-12-13,Credit Card,Utilities
T06669,A0110,CREDIT,209192.29,2026-06-16,Net Banking,Education
T06541,A0001,DEBIT,38765.02,2025-06-20,Credit Card,Utilities
T07511,A0466,CREDIT,27475.73,2024-07-03,Mobile Banking,Travel
T05696,A0356,CREDIT,211035.94,2024-05-16,ATM,Retail
T08952,A0052,CREDIT,9597.15,2024-12-25,Net Banking,Online Shopping
T08681,A0332,DEBIT,20550.42,2024-11-11,Debit Card,Entertainment
T09145,A0420,CREDIT,277659.65,2024-07-04,Debit Card,Restaurant
T01051,A0279,CREDIT,190812.71,2026-07-01,Debit Card,Online Shopping
T01096,A0148,DEBIT,431380.76,2025-09-16,UPI,Utilities
T08600,A0040,CREDIT,409644.46,2024-06-15,ATM,Online Shopping
T05473,A0479,CREDIT,96299.24,2025-11-19,Mobile Banking,Travel
T05452,A0095,DEBIT,169321.88,2025-05-06,Net Banking,Utilities
T02436,A0300,DEBIT,434691.33,2025-05-23,UPI,Entertainment
T05468,A0017,DEBIT,167761.59,2024-07-04,Debit Card,Healthcare
T03409,A0124,DEBIT,70190.26,2024-05-11,Mobile Banking,Entertainment
T07852,A0220,CREDIT,376026.82,2024-01-31,Mobile Banking,Entertainment
T08794,A0568,DEBIT,416869.42,2026-07-30,Mobile Banking,Fuel
T02439,A0264,DEBIT,314589.58,2025-03-16,Debit Card,Utilities
T01172,A0396,CREDIT,136732.66,2026-02-02,Mobile Banking,Fuel
T02171,A0547,CREDIT,247891.64,2025-06-27,Debit Card,Grocery
T05958,A0464,CREDIT,93476.78,2024-08-16,Credit Card,Entertainment
T01804,A0057,DEBIT,123320.03,2026-07-11,Net Banking,Entertainment
T06117,A0455,DEBIT,138323.44,2025-08-10,Credit Card,Travel
T06968,A0343,CREDIT,125517.06,2025-06-25,Mobile Banking,Grocery
T00939,A0536,CREDIT,122421.65,2026-03-27,Mobile Banking,Grocery
T03788,A0350,CREDIT,359036.75,2024-01-24,Debit Card,Online Shopping
,A0279,DEBIT,2998.43,2026-07-01,Debit Card,Restaurant
T02392,A0356,DEBIT,492125.57,2024-08-30,UPI,Grocery
T07411,A0058,CREDIT,13711.96,2024-07-14,ATM,Entertainment
T09441,A0364,CREDIT,29279.25,2024-09-28,ATM,Grocery
T07984,A0175,CREDIT,361315.01,2025-04-07,Credit Card,Utilities
T06656,A0293,CREDIT,332946.59,2025-09-16,Credit Card,Fuel
T04241,A0551,DEBIT,355031.65,2024-05-11,Credit Card,Grocery
T01571,A0472,CREDIT,330864.47,2024-08-19,Net Banking,Grocery
T00470,A0165,DEBIT,177410.72,2025-12-10,Net Banking,Healthcare
T04052,A0052,CREDIT,492881.56,2025-03-09,Debit Card,Online Shopping
T00082,A0240,DEBIT,483651.52,2024-02-07,Debit Card,Entertainment
T04858,A0202,DEBIT,132301.71,2024-12-09,Net Banking,Grocery
T06766,A0510,DEBIT,337794.02,2026-03-23,Credit Card,Grocery
T01081,A0230,CREDIT,122751.33,2024-08-19,Credit Card,Travel
T04895,A0366,CREDIT,46799.66,2026-08-01,Debit Card,Retail
T02560,A0284,CREDIT,124595.68,2024-05-01,UPI,Travel
T06729,A0529,CREDIT,982.28,2025-10-20,Debit Card,Entertainment
T03117,A0071,DEBIT,313451.72,2024-09-17,Net Banking,Travel
T07680,A0395,DEBIT,105185.03,2024-11-02,Debit Card,Travel
T09700,A0337,CREDIT,-3922.41,2023-02-12,Debit Card,Grocery
T01893,A0451,DEBIT,218890.16,2024-01-12,Net Banking,Grocery
T00636,A0231,CREDIT,371102.74,2025-03-20,Net Banking,Travel
T06336,A0151,CREDIT,422766.06,2025-05-22,Debit Card,Healthcare
T04574,A0207,CREDIT,241748.28,2025-11-21,Net Banking,Entertainment
T05375,A0254,CREDIT,97070.93,2025-07-11,Mobile Banking,Travel
T03798,A0263,DEBIT,364953.34,2025-07-27,ATM,Fuel
T00203,A0082,CREDIT,68863.99,2025-05-25,Debit Card,Travel
T02281,A0010,CREDIT,8219.23,2024-12-04,Credit Card,Fuel
T00814,A0466,DEBIT,86968.11,2026-02-06,Mobile Banking,Education
T00750,A0356,DEBIT,352438.92,2026-03-03,Credit Card,Entertainment
T01185,A0372,DEBIT,292487.11,2024-07-05,Credit Card,Retail
T02083,A0345,CREDIT,479926.19,2025-01-02,Debit Card,Travel
T07927,A0356,CREDIT,302786.98,2026-08-05,Debit Card,Retail
T05136,A0499,CREDIT,37611.88,2025-04-04,Mobile Banking,Utilities
T06988,A0520,DEBIT,192386.66,2025-12-12,Net Banking,Online Shopping
T09818,A0222,DEBIT,48589.23,bad-date,Credit Card,Grocery
T05721,A0459,DEBIT,207334.0,2026-04-30,UPI,Fuel
T02307,A0261,CREDIT,110233.99,2025-04-10,ATM,Grocery
T01639,A0377,DEBIT,67049.76,2024-02-29,UPI,Restaurant
T03907,A0077,DEBIT,330971.74,2024-09-06,ATM,Travel
T05569,A0568,DEBIT,89897.95,2025-10-02,Debit Card,Healthcare
T09400,A0551,DEBIT,423383.0,2026-04-18,Debit Card,Restaurant
T05465,A0442,DEBIT,188705.17,2024-11-12,Mobile Banking,Education
T00625,A0311,DEBIT,34198.23,2026-05-09,Mobile Banking,Entertainment
T05117,A0195,CREDIT,142326.43,2024-06-21,Credit Card,Utilities
T04725,A0442,CREDIT,158166.41,2024-07-14,Mobile Banking,Education
T00601,A0029,CREDIT,478750.13,2025-03-07,UPI,Grocery
T08994,A0109,DEBIT,313351.72,2024-03-08,Net Banking,Restaurant
T02899,A0076,DEBIT,495290.61,2024-12-24,UPI,Travel
T08446,A0271,DEBIT,201537.57,2024-07-27,Net Banking,Education
T02360,A0232,CREDIT,49664.76,2025-07-07,Net Banking,Travel
T02308,A0022,DEBIT,428591.79,2024-06-02,ATM,Online Shopping
T03629,A0240,CREDIT,157044.24,2024-08-10,UPI,Fuel
T08429,A0146,CREDIT,166377.29,2025-05-17,Mobile Banking,Fuel
T00142,A0453,CREDIT,132885.88,2024-03-18,Debit Card,Online Shopping
T01165,A0346,DEBIT,332720.18,2024-05-16,Mobile Banking,Education
T03190,A0379,CREDIT,436181.49,2025-06-07,UPI,Fuel
T09580,A9999,DEBIT,49827.08,2025-06-19,Net Banking,Travel
T02529,A0279,DEBIT,370979.72,2025-04-01,Credit Card,Grocery
T00390,A0503,CREDIT,323817.38,2024-01-22,Debit Card,Grocery
T07779,A0063,DEBIT,446728.9,2025-10-19,UPI,Restaurant
T08756,A0476,DEBIT,73427.33,2024-12-01,Net Banking,Healthcare
T04021,A0488,CREDIT,168845.47,2025-02-19,Mobile Banking,Restaurant
T04665,A0563,CREDIT,372125.73,2026-03-16,Mobile Banking,Utilities
T04552,A0213,DEBIT,398941.48,2024-08-25,Net Banking,Utilities
T07058,A0124,CREDIT,262052.23,2026-03-06,UPI,Fuel
T04300,A0040,DEBIT,420520.04,2025-12-11,ATM,Retail
T00560,A0051,DEBIT,366027.6,2025-03-08,ATM,Restaurant
T01710,A0560,DEBIT,367300.53,2025-05-18,Mobile Banking,Fuel
T05530,A0547,CREDIT,36590.7,2025-09-24,Net Banking,Retail
T04032,A0319,CREDIT,129386.47,2026-06-06,Debit Card,Healthcare
T06585,A0015,CREDIT,74446.07,2025-05-17,Mobile Banking,Retail
T01127,A0537,CREDIT,254421.92,2025-11-28,Mobile Banking,Retail
T07797,A0117,DEBIT,457645.08,2025-06-16,Debit Card,Restaurant
T03752,A0386,DEBIT,172646.4,2025-09-27,ATM,Travel
T06221,A0147,DEBIT,369296.35,2024-10-19,Mobile Banking,Utilities
T06483,A0189,CREDIT,354320.3,2024-12-07,UPI,Fuel
T09505,,CREDIT,42341.17,2025-09-12,Debit Card,Grocery
T07356,A0218,DEBIT,40839.68,2025-10-09,Mobile Banking,Online Shopping
T07341,A0358,CREDIT,292524.12,2025-10-12,Mobile Banking,Education
T04027,A0295,CREDIT,202818.23,2025-12-12,Mobile Banking,Grocery
T05800,A0332,CREDIT,88820.98,2025-05-11,Debit Card,Education
T01011,A0329,CREDIT,391656.12,2024-12-05,UPI,Entertainment
T06104,A0540,DEBIT,52024.68,2026-01-13,ATM,Utilities
T03227,A0107,DEBIT,5309.92,2024-10-16,Net Banking,Fuel
T09679,A0269,DEBIT,-3829.12,2026-02-20,UPI,Grocery
T09568,,DEBIT,37502.83,2024-02-11,Mobile Banking,Healthcare
T01213,A0544,CREDIT,327455.6,2025-11-30,Debit Card,Restaurant
T08977,A0203,CREDIT,478888.36,2025-08-15,ATM,Education
T03200,A0421,DEBIT,250155.62,2025-03-15,ATM,Fuel
T05751,A0401,DEBIT,100693.28,2024-09-06,UPI,Healthcare
T08621,A0223,CREDIT,499289.98,2025-10-23,UPI,Fuel
T09202,A0265,CREDIT,118952.52,2024-10-21,Net Banking,Grocery
T09607,A9999,DEBIT,32196.37,2026-04-16,Mobile Banking,Utilities
T06533,A0406,DEBIT,421687.87,2026-06-15,UPI,Travel
T07543,A0004,CREDIT,317042.92,2026-04-01,UPI,Education
T05443,A0542,DEBIT,469143.4,2026-02-28,UPI,Utilities
T09067,A0250,DEBIT,63625.22,2025-08-19,ATM,Grocery
T09698,A0237,DEBIT,-6262.32,2023-08-18,ATM,Online Shopping
T08535,A0508,DEBIT,7651.72,2025-04-03,Debit Card,Entertainment
T02927,A0443,DEBIT,21381.49,2026-01-07,Net Banking,Education
T07608,A0523,CREDIT,302567.7,2025-01-04,Net Banking,Utilities
T01492,A0556,CREDIT,38205.26,2024-06-08,UPI,Retail
T01757,A0335,DEBIT,101228.36,2024-08-09,Mobile Banking,Grocery
T02105,A0262,DEBIT,491653.35,2026-06-30,UPI,Fuel
T09074,A0448,CREDIT,245777.77,2026-04-09,UPI,Online Shopping
T01072,A0321,DEBIT,319773.55,2026-02-13,Credit Card,Travel
T08307,A0412,CREDIT,100399.89,2024-06-28,Debit Card,Travel
T00285,A0251,CREDIT,59489.39,2025-02-10,Credit Card,Restaurant
T06597,A0121,CREDIT,491122.42,2025-10-17,UPI,Healthcare
T09173,A0319,CREDIT,131702.9,2025-04-24,Credit Card,Retail
T02556,A0545,DEBIT,370032.32,2025-09-24,UPI,Healthcare
T06421,A0025,DEBIT,358280.53,2024-08-12,Credit Card,Entertainment
T00569,A0323,CREDIT,83406.06,2024-12-06,Credit Card,Grocery
T01597,A0295,DEBIT,261158.86,2026-02-25,UPI,Grocery
T08877,A0530,CREDIT,179227.95,2025-06-09,Mobile Banking,Retail
T00387,A0209,DEBIT,77905.17,2024-08-25,Mobile Banking,Healthcare
T09142,A0313,CREDIT,139370.66,2024-03-31,ATM,Entertainment
T08913,A0540,DEBIT,105524.02,2025-11-20,UPI,Grocery
T05990,A0537,CREDIT,198329.84,2024-06-11,UPI,Entertainment
T09431,A0484,DEBIT,304677.48,2025-06-28,ATM,Travel
T03842,A0380,DEBIT,238898.49,2025-06-08,Debit Card,Restaurant
T02223,A0221,CREDIT,82570.35,2025-05-17,Credit Card,Travel
T04596,A0458,CREDIT,405390.23,2025-05-14,Net Banking,Retail
T03086,A0409,CREDIT,90285.31,2026-08-16,Mobile Banking,Fuel
T09362,A0180,DEBIT,306696.24,2026-05-30,Credit Card,Travel
T01484,A0281,DEBIT,8270.07,2026-06-08,Mobile Banking,Restaurant
T06012,A0482,DEBIT,115424.9,2024-09-17,UPI,Education
T03349,A0452,DEBIT,294381.42,2024-06-12,ATM,Restaurant
T01336,A0457,DEBIT,278728.5,2025-05-04,UPI,Grocery
T05902,A0399,DEBIT,287524.57,2026-08-26,Credit Card,Travel
T05320,A0430,DEBIT,266495.93,2025-04-02,Debit Card,Fuel
T05001,A0257,DEBIT,162999.04,2024-12-12,ATM,Healthcare
T08276,A0368,CREDIT,155796.39,2025-06-27,Mobile Banking,Entertainment
T06683,A0057,DEBIT,81092.4,2026-01-05,Credit Card,Entertainment
T04788,A0395,DEBIT,429828.19,2026-02-19,Debit Card,Healthcare
T00189,A0384,CREDIT,100072.85,2024-01-17,Credit Card,Retail
T07181,A0266,DEBIT,240057.25,2025-05-21,ATM,Fuel
,A0272,CREDIT,24419.72,2024-10-24,UPI,Entertainment
T09284,A0339,DEBIT,90353.27,2026-06-30,Debit Card,Utilities
T03255,A0460,CREDIT,227896.8,2025-02-03,Credit Card,Grocery
T03739,A0172,DEBIT,227658.06,2026-06-04,Debit Card,Grocery
T00433,A0200,DEBIT,54289.6,2024-03-20,Debit Card,Fuel
T03355,A0023,DEBIT,292194.96,2024-08-08,Debit Card,Restaurant
T05658,A0465,CREDIT,27360.44,2025-08-20,Debit Card,Retail
T00830,A0182,DEBIT,129751.11,2025-03-26,Debit Card,Online Shopping
T00861,A0036,DEBIT,479260.52,2025-03-07,ATM,Grocery
T04543,A0410,CREDIT,391368.78,2024-12-15,Debit Card,Restaurant
T06832,A0061,CREDIT,41848.07,2024-03-07,Mobile Banking,Education
T00940,A0251,CREDIT,344849.76,2025-04-12,ATM,Retail
T06963,A0386,DEBIT,231821.81,2026-04-16,Debit Card,Healthcare
T05766,A0555,DEBIT,327407.55,2025-12-27,ATM,Utilities
T02216,A0094,DEBIT,296253.29,2024-08-04,Net Banking,Utilities
T08435,A0419,DEBIT,92631.43,2024-03-31,UPI,Entertainment
T06558,A0048,DEBIT,135488.79,2024-10-23,UPI,Restaurant
T01286,A0488,CREDIT,7270.58,2024-03-29,Mobile Banking,Travel
T00824,A0475,CREDIT,58219.22,2024-04-02,ATM,Online Shopping
T06640,A0479,CREDIT,405909.12,2025-10-29,ATM,Healthcare
T08851,A0292,DEBIT,332602.71,2025-03-27,Debit Card,Entertainment
T08030,A0399,CREDIT,309263.87,2025-04-08,Mobile Banking,Restaurant
T03547,A0086,CREDIT,365604.02,2025-05-15,ATM,Fuel
T08038,A0050,CREDIT,229057.99,2026-05-04,Credit Card,Entertainment
T07615,A0340,CREDIT,433088.07,2025-06-15,Credit Card,Online Shopping
T00209,A0067,DEBIT,35085.46,2024-07-16,UPI,Grocery
T02826,A0547,DEBIT,411197.03,2024-11-11,Net Banking,Restaurant
T02211,A0521,DEBIT,332018.7,2024-08-22,Net Banking,Entertainment
T08161,A0268,CREDIT,420325.14,2025-04-21,Net Banking,Retail
T00696,A0520,DEBIT,56679.96,2024-03-20,ATM,Travel
T07696,A0147,DEBIT,386854.33,2026-03-17,Net Banking,Utilities
T03568,A0491,CREDIT,369165.85,2025-09-06,UPI,Entertainment
T03337,A0023,CREDIT,14556.11,2026-02-03,ATM,Entertainment
T08189,A0049,CREDIT,21662.93,2025-02-13,Mobile Banking,Fuel
T08945,A0217,DEBIT,131619.85,2025-04-03,Net Banking,Restaurant
T06563,A0421,DEBIT,438895.27,2026-08-28,Credit Card,Retail
T08607,A0403,DEBIT,271826.03,2025-03-27,Credit Card,Education
T08515,A0110,DEBIT,439968.58,2025-06-16,UPI,Utilities
T08826,A0020,DEBIT,59139.33,2026-02-09,UPI,Travel
T06677,A0015,DEBIT,260474.73,2026-01-02,Credit Card,Restaurant
T02965,A0416,CREDIT,65627.81,2024-12-27,UPI,Utilities
T07785,A0167,DEBIT,425649.2,2024-04-17,Credit Card,Entertainment
T07412,A0540,CREDIT,272332.14,2025-11-19,ATM,Restaurant
T02398,A0492,CREDIT,326848.48,2025-06-27,Credit Card,Grocery
T03977,A0120,CREDIT,128036.94,2025-01-05,Debit Card,Restaurant
T06406,A0381,DEBIT,385095.24,2024-04-12,Debit Card,Travel
T05738,A0528,CREDIT,70909.37,2024-08-01,Net Banking,Utilities
T06048,A0389,DEBIT,146100.65,2025-07-30,Net Banking,Entertainment
T06909,A0181,CREDIT,425300.79,2025-10-30,Net Banking,Online Shopping
T05707,A0456,DEBIT,432450.2,2025-01-25,ATM,Utilities
T00767,A0156,CREDIT,367963.11,2026-03-22,Credit Card,Travel
T03783,A0340,CREDIT,353277.87,2024-05-30,Mobile Banking,Education
T02283,A0225,CREDIT,126894.08,2025-04-24,Credit Card,Online Shopping
T08810,A0548,CREDIT,271782.2,2026-03-28,Mobile Banking,Education
T02481,A0420,DEBIT,21522.56,2025-01-17,UPI,Retail
T00069,A0072,DEBIT,44948.58,2025-12-16,UPI,Grocery
T02742,A0453,DEBIT,458670.97,2025-04-17,Mobile Banking,Grocery
T06691,A0082,DEBIT,416233.23,2025-08-16,ATM,Healthcare
T07887,A0322,CREDIT,368049.98,2024-11-26,UPI,Travel
T02081,A0439,CREDIT,253290.49,2025-12-16,Debit Card,Online Shopping
T03266,A0335,CREDIT,263051.82,2025-01-01,Net Banking,Fuel
T07503,A0546,DEBIT,312713.19,2026-05-24,Credit Card,Healthcare
T06480,A0399,CREDIT,245356.68,2026-08-30,Debit Card,Education
T01401,A0276,CREDIT,267023.27,2026-03-08,Credit Card,Education
T01557,A0079,CREDIT,282622.97,2024-05-20,ATM,Healthcare
T01399,A0296,DEBIT,471013.85,2026-07-05,ATM,Travel
T01280,A0110,CREDIT,426355.43,2025-09-26,UPI,Retail
T07210,A0005,DEBIT,157976.63,2024-08-07,ATM,Restaurant
T07645,A0250,CREDIT,96662.47,2026-06-30,Debit Card,Grocery
T09152,A0291,DEBIT,24798.48,2024-02-17,Net Banking,Online Shopping
T07455,A0255,CREDIT,212205.48,2024-09-30,ATM,Restaurant
T05370,A0371,CREDIT,207135.63,2025-09-13,ATM,Fuel
T03411,A0009,DEBIT,453709.27,2024-05-29,UPI,Retail
T09167,A0385,CREDIT,88000.67,2024-03-23,Net Banking,Entertainment
T06469,A0124,CREDIT,447074.55,2024-06-16,Credit Card,Restaurant
T05745,A0438,DEBIT,426228.34,2025-03-14,ATM,Entertainment
T05570,A0244,CREDIT,449625.77,2024-03-17,ATM,Fuel
T04519,A0254,CREDIT,345041.89,2024-03-01,UPI,Entertainment
T04148,A0191,DEBIT,481739.55,2024-03-13,UPI,Healthcare
T02295,A0271,CREDIT,193220.04,2025-10-17,Net Banking,Travel
T04041,A0443,DEBIT,421229.19,2025-02-20,UPI,Restaurant
T04874,A0422,DEBIT,4589.88,2026-07-27,Mobile Banking,Education
T00794,A0354,CREDIT,463946.96,2024-10-08,Debit Card,Healthcare
T04542,A0204,DEBIT,38156.39,2025-06-12,Net Banking,Grocery
T03021,A0066,CREDIT,454505.82,2024-05-11,ATM,Entertainment
T04248,A0437,DEBIT,418090.56,2025-04-27,Mobile Banking,Restaurant
T03249,A0143,DEBIT,141569.55,2026-01-07,UPI,Entertainment
T08061,A0052,CREDIT,90606.59,2024-02-25,Debit Card,Restaurant
T06630,A0087,DEBIT,450573.66,2024-11-18,Mobile Banking,Fuel
T04462,A0025,DEBIT,103243.86,2024-03-28,ATM,Retail
T04908,A0250,CREDIT,468436.44,2024-05-06,Net Banking,Healthcare
T05617,A0339,CREDIT,411496.13,2026-01-10,Credit Card,Utilities
T07842,A0392,CREDIT,271092.96,2024-01-23,Credit Card,Fuel
T05218,A0308,DEBIT,29741.13,2024-09-21,Net Banking,Education
T04048,A0188,DEBIT,87341.29,2025-04-25,Net Banking,Travel
T08268,A0410,CREDIT,54846.94,2026-04-29,Credit Card,Entertainment
T04501,A0370,CREDIT,94209.13,2026-04-24,Net Banking,Online Shopping
T07790,A0429,DEBIT,452267.47,2025-02-19,UPI,Entertainment
T07078,A0527,DEBIT,378923.43,2025-06-13,Net Banking,Retail
T06471,A0116,DEBIT,217670.69,2025-08-16,Credit Card,Retail
T00205,A0455,DEBIT,67220.08,2024-11-21,Mobile Banking,Retail
T02829,A0335,DEBIT,343575.23,2025-10-17,Net Banking,Retail
T02517,A0321,CREDIT,30060.25,2025-05-21,ATM,Grocery
T03194,A0067,CREDIT,42551.59,2026-02-14,ATM,Retail
T02708,A0405,DEBIT,412049.0,2025-04-09,ATM,Education
T00344,A0122,DEBIT,244585.01,2025-05-22,Mobile Banking,Grocery
T08151,A0494,DEBIT,37030.37,2024-11-07,Mobile Banking,Entertainment
T08589,A0074,CREDIT,112327.3,2026-02-17,Mobile Banking,Education
T05261,A0298,DEBIT,10446.78,2024-04-13,ATM,Online Shopping
T08875,A0185,CREDIT,441735.56,2024-03-10,ATM,Grocery
T06410,A0096,CREDIT,494605.34,2025-08-27,Debit Card,Utilities
T09163,A0201,CREDIT,42638.59,2025-01-08,Mobile Banking,Healthcare
T07314,A0190,CREDIT,414133.69,2025-07-24,Mobile Banking,Retail
T02473,A0366,DEBIT,394947.97,2024-04-28,UPI,Healthcare
T00858,A0408,CREDIT,322824.08,2024-05-21,Credit Card,Travel
T03744,A0310,CREDIT,101973.11,2024-07-27,Debit Card,Online Shopping
T00241,A0066,DEBIT,14930.36,2024-08-28,Credit Card,Entertainment
T08815,A0551,DEBIT,105975.99,2026-06-27,Mobile Banking,Grocery
T02282,A0111,CREDIT,102285.15,2024-01-11,ATM,Retail
T06361,A0523,CREDIT,196936.98,2026-03-29,ATM,Online Shopping
T07897,A0527,CREDIT,213667.38,2024-06-29,Debit Card,Restaurant
T08369,A0539,DEBIT,10050.46,2023-01-07,Credit Card,Online Shopping
T04466,A0055,DEBIT,445557.15,2025-07-15,UPI,Retail
T01000,A0369,DEBIT,127716.74,2024-04-24,Credit Card,Retail
T06997,A0552,DEBIT,442924.45,2026-02-07,ATM,Utilities
T04212,A0317,CREDIT,110471.14,2025-03-12,Debit Card,Retail
T07067,A0216,DEBIT,57987.31,2025-08-08,Credit Card,Retail
T05668,A0160,DEBIT,247807.96,2025-01-09,Debit Card,Restaurant
T00884,A0191,DEBIT,250831.39,2024-02-16,Net Banking,Healthcare
T01764,A0133,CREDIT,422366.62,2025-06-23,Net Banking,Utilities
T04219,A0024,CREDIT,72962.53,2024-11-27,Net Banking,Restaurant
T04827,A0372,DEBIT,51868.8,2026-05-14,Mobile Banking,Utilities
T06500,A0019,CREDIT,104329.29,2026-02-28,Credit Card,Restaurant
T00197,A0224,DEBIT,150836.97,2025-09-05,Credit Card,Online Shopping
T04071,A0470,DEBIT,469779.93,2024-11-16,UPI,Restaurant
T01205,A0239,CREDIT,25094.32,2024-03-22,Credit Card,Utilities
T02159,A0515,DEBIT,481141.34,2024-03-06,Credit Card,Travel
T06010,A0425,CREDIT,475941.06,2025-03-22,Mobile Banking,Grocery
T05461,A0472,DEBIT,338467.85,2025-11-14,Net Banking,Utilities
T06357,A0518,CREDIT,198424.42,2024-07-29,Mobile Banking,Fuel
T06742,A0380,CREDIT,319266.6,2026-08-13,ATM,Healthcare
T02791,A0043,DEBIT,344138.38,2024-06-26,ATM,Education
T05981,A0528,CREDIT,164917.26,2025-11-01,Net Banking,Retail
T07555,A0223,CREDIT,334370.85,2025-04-05,Debit Card,Utilities
T04823,A0473,CREDIT,193613.54,2024-07-04,UPI,Fuel
T00292,A0190,DEBIT,406452.68,2024-01-21,Credit Card,Education
T00289,A0231,CREDIT,293466.56,2025-08-09,Credit Card,Restaurant
T06692,A0150,DEBIT,115984.05,2025-01-09,UPI,Healthcare
T02163,A0147,DEBIT,393285.04,2025-01-15,Net Banking,Healthcare
T06992,A0221,DEBIT,124766.93,2024-02-16,UPI,Travel
T05351,A0371,CREDIT,313920.89,2024-09-13,UPI,Fuel
T03865,A0019,DEBIT,243043.61,2025-09-04,Debit Card,Entertainment
T03310,A0181,DEBIT,191286.62,2024-08-02,Credit Card,Retail
T08662,A0236,CREDIT,113658.96,2024-01-08,ATM,Grocery
T08281,A0317,DEBIT,110217.13,2025-05-22,Net Banking,Entertainment
T00776,A0174,CREDIT,432427.37,2025-05-16,Net Banking,Travel
T09023,A0069,CREDIT,109005.58,2025-10-15,Debit Card,Education
T06646,A0174,DEBIT,232124.33,2024-02-21,Mobile Banking,Entertainment
T09634,A9999,CREDIT,31960.59,2023-02-06,Debit Card,Travel
T04699,A0144,CREDIT,381226.85,2024-10-13,Net Banking,Utilities
T05085,A0017,DEBIT,73038.86,2025-05-13,Mobile Banking,Fuel
T01035,A0524,CREDIT,70940.04,2025-11-27,ATM,Retail
T00364,A0542,DEBIT,119202.28,2024-10-09,ATM,Fuel
T00715,A0482,CREDIT,63286.34,2024-02-04,Credit Card,Retail
T08917,A0015,CREDIT,428459.87,2025-07-22,Mobile Banking,Utilities
T02324,A0419,CREDIT,413351.4,2026-01-10,Debit Card,Grocery
T02192,A0363,CREDIT,64688.41,2025-03-09,Credit Card,Online Shopping
T01417,A0381,CREDIT,231703.32,2025-03-01,UPI,Travel
T05621,A0085,DEBIT,402736.81,2026-03-02,ATM,Grocery
T09176,A0263,DEBIT,437268.82,2025-07-12,Debit Card,Entertainment
T06097,A0070,DEBIT,86473.54,2025-10-02,Mobile Banking,Utilities
T07319,A0432,CREDIT,351131.06,2025-07-14,Debit Card,Healthcare
T07469,A0010,DEBIT,195925.24,2025-10-17,Debit Card,Grocery
T05469,A0170,DEBIT,396399.18,2025-01-21,Credit Card,Fuel
T02589,A0008,DEBIT,249660.37,2026-01-31,Mobile Banking,Travel
T00567,A0295,CREDIT,47211.86,2025-05-30,Mobile Banking,Fuel
T09048,A0349,DEBIT,293544.48,2025-02-28,Debit Card,Fuel
T00320,A0294,DEBIT,476312.9,2025-06-17,Mobile Banking,Travel
T03901,A0079,CREDIT,260433.88,2026-03-27,Mobile Banking,Education
T03608,A0173,DEBIT,490536.81,2025-01-10,Debit Card,Entertainment
T07175,A0462,DEBIT,170802.12,2025-03-05,ATM,Utilities
T04600,A0446,DEBIT,361295.92,2025-07-07,Credit Card,Healthcare
T06284,A0018,DEBIT,415806.45,2024-12-10,Net Banking,Travel
T08906,A0533,CREDIT,367750.62,2024-06-21,Mobile Banking,Travel
T03928,A0347,CREDIT,30694.89,2025-11-29,ATM,Online Shopping
T06526,A0052,CREDIT,9222.96,2024-01-21,Debit Card,Online Shopping
T08752,A0486,CREDIT,495688.11,2025-10-04,Net Banking,Retail
T04609,A0354,CREDIT,476519.87,2025-01-15,Credit Card,Travel
T03627,A0405,CREDIT,285767.02,2024-09-24,Debit Card,Restaurant
T04738,A0350,DEBIT,415588.05,2024-01-01,Net Banking,Utilities
T01750,A0270,DEBIT,474793.58,2025-07-26,Debit Card,Retail
T01383,A0390,CREDIT,270678.18,2024-10-05,ATM,Entertainment
T05820,A0412,CREDIT,14092.24,2026-07-15,ATM,Education
T07635,A0368,DEBIT,304881.31,2024-12-07,Credit Card,Education
T08338,A0295,CREDIT,117213.3,2024-12-07,UPI,Travel
T07808,A0147,DEBIT,126973.6,2026-08-11,Net Banking,Utilities
T05974,A0344,CREDIT,75669.08,2024-05-24,ATM,Restaurant
T05676,A0109,DEBIT,48962.29,2025-11-10,Debit Card,Retail
T01365,A0551,DEBIT,73255.32,2025-09-12,UPI,Restaurant
T00013,A0072,CREDIT,169217.98,2025-02-15,ATM,Healthcare
T01198,A0198,DEBIT,140892.4,2024-03-26,Credit Card,Online Shopping
T09224,A0129,CREDIT,317223.8,2026-01-01,Mobile Banking,Online Shopping
T06187,A0251,CREDIT,203093.02,2024-01-15,Net Banking,Online Shopping
T02207,A0279,DEBIT,341868.74,2025-05-18,Debit Card,Online Shopping
T00293,A0550,DEBIT,32059.44,2026-05-07,Net Banking,Education
T00240,A0171,CREDIT,146633.48,2025-01-21,UPI,Restaurant
T06395,A0558,CREDIT,270202.11,2024-07-21,Credit Card,Restaurant
T04285,A0532,DEBIT,441269.15,2024-05-29,Net Banking,Utilities
T05045,A0087,DEBIT,335545.19,2025-04-20,ATM,Healthcare
T05684,A0432,DEBIT,279883.0,2025-08-19,Debit Card,Retail
T09259,A0355,CREDIT,342374.92,2024-09-28,Credit Card,Grocery
T01739,A0040,CREDIT,336538.32,2024-06-20,Debit Card,Education
T07135,A0492,DEBIT,407104.81,2026-01-15,Net Banking,Travel
T03515,A0190,DEBIT,408575.81,2024-06-01,Net Banking,Healthcare
T00576,A0264,DEBIT,126843.07,2025-04-14,UPI,Utilities
T09480,A0432,DEBIT,25166.65,2025-07-02,Mobile Banking,Fuel
T08479,A0407,CREDIT,252706.33,2026-08-19,ATM,Retail
T06266,A0066,CREDIT,282209.16,2025-09-18,Credit Card,Utilities
T09835,A0328,DEBIT,14571.33,bad-date,Debit Card,Retail
T05900,A0475,CREDIT,137802.18,2025-08-25,Net Banking,Retail
T03654,A0178,CREDIT,284966.72,2024-08-27,ATM,Education
T04783,A0177,DEBIT,30318.99,2025-08-09,Credit Card,Retail
T02446,A0337,DEBIT,377141.44,2024-05-09,Net Banking,Online Shopping
T04783,A0220,CREDIT,80173.04,2024-07-09,ATM,Fuel
T01221,A0476,DEBIT,76427.15,2026-01-25,Credit Card,Healthcare
T03999,A0506,CREDIT,451053.22,2025-12-06,Net Banking,Travel
T03439,A0287,CREDIT,411968.37,2025-05-22,UPI,Healthcare
T05646,A0257,CREDIT,306728.96,2026-04-05,Mobile Banking,Restaurant
T04743,A0528,DEBIT,185796.28,2025-02-27,UPI,Utilities
T02280,A0204,CREDIT,66824.94,2024-06-05,Net Banking,Travel
T00423,A0251,CREDIT,6337.6,2026-05-01,Credit Card,Grocery
T07266,A0471,DEBIT,57604.14,2025-07-12,Mobile Banking,Travel
T03622,A0158,CREDIT,455396.95,2026-03-06,Debit Card,Online Shopping
T07007,A0175,DEBIT,32894.44,2024-07-29,Debit Card,Healthcare
T01008,A0177,CREDIT,468152.16,2024-06-04,Mobile Banking,Grocery
,A0540,DEBIT,18739.53,2025-12-03,Mobile Banking,Restaurant
T02133,A0544,CREDIT,59753.88,2026-03-15,UPI,Restaurant
T08763,A0412,DEBIT,427416.92,2024-11-14,Mobile Banking,Education
T09782,A0182,DEBIT,47063.62,2026-03-28,Telegram,Fuel
T06722,A0493,CREDIT,393569.83,2026-03-19,Mobile Banking,Education
T04594,A0137,CREDIT,384291.13,2024-01-02,UPI,Travel
T03283,A0015,DEBIT,407179.17,2025-07-19,Debit Card,Utilities
T05883,A0225,DEBIT,189284.93,2024-02-29,Debit Card,Entertainment
T00033,A0167,CREDIT,252942.37,2025-05-11,Mobile Banking,Entertainment
T01670,A0159,DEBIT,320155.71,2025-04-13,Credit Card,Retail
T04232,A0041,DEBIT,341507.66,2025-06-18,Net Banking,Travel
T08647,A0183,DEBIT,170351.92,2025-09-06,Mobile Banking,Healthcare
T06292,A0214,DEBIT,92877.76,2026-05-19,Credit Card,Grocery
T04151,A0501,DEBIT,120793.8,2025-12-02,UPI,Online Shopping
T00498,A0027,DEBIT,5867.91,2026-02-27,Net Banking,Grocery
T07358,A0537,CREDIT,269879.48,2024-07-12,UPI,Fuel
T05645,A0366,DEBIT,149467.72,2025-09-24,UPI,Travel
T06767,A0184,DEBIT,455422.89,2025-11-23,Net Banking,Entertainment
T06459,A0314,CREDIT,444546.29,2025-08-11,Mobile Banking,Restaurant
T09603,A9999,DEBIT,27921.24,2024-10-27,UPI,Utilities
T02093,A0262,CREDIT,449432.09,2024-07-07,Debit Card,Online Shopping
T06352,A0486,CREDIT,41394.93,2026-02-04,UPI,Education
T03872,A0328,DEBIT,497347.53,2025-06-14,Mobile Banking,Travel
T08595,A0037,CREDIT,469123.25,2025-12-06,ATM,Utilities
T05458,A0153,DEBIT,446256.74,2025-11-18,ATM,Fuel
T02652,A0004,DEBIT,8636.28,2024-05-01,Debit Card,Entertainment
T09726,A0146,TRANSFER,19216.23,2026-03-20,Net Banking,Entertainment
T01971,A0389,CREDIT,409841.91,2026-07-08,Credit Card,Utilities
T00136,A0038,CREDIT,109841.19,2024-07-26,Credit Card,Travel
T01753,A0077,CREDIT,456948.81,2025-09-05,Credit Card,Grocery
T04078,A0513,CREDIT,269019.7,2024-07-31,UPI,Restaurant
T04730,A0133,DEBIT,478661.71,2024-03-27,UPI,Healthcare
,A0235,CREDIT,46001.77,2024-11-23,Mobile Banking,Utilities
T00123,A0179,DEBIT,423782.34,2024-09-08,ATM,Travel
T05305,A0539,CREDIT,397203.42,2026-06-03,UPI,Fuel
T04768,A0406,CREDIT,47731.36,2025-11-01,UPI,Entertainment
T07214,A0208,DEBIT,402491.23,2026-03-19,Mobile Banking,Online Shopping
T09843,A0477,DEBIT,9780.34,bad-date,Net Banking,Education
T03020,A0350,DEBIT,357594.7,2026-02-03,Net Banking,Entertainment
T09814,A0328,CREDIT,45551.74,bad-date,Net Banking,Fuel
T03252,A0060,CREDIT,184685.19,2025-08-28,Mobile Banking,Utilities
T03543,A0496,DEBIT,59439.3,2025-10-19,UPI,Utilities
T08190,A0454,DEBIT,146099.04,2024-01-02,Net Banking,Entertainment
T08224,A0336,DEBIT,493715.13,2024-11-24,Mobile Banking,Education
T01113,A0159,DEBIT,468915.35,2026-08-08,Mobile Banking,Education
T06570,A0258,CREDIT,432786.71,2026-03-13,UPI,Utilities
T03600,A0411,CREDIT,424006.36,2025-05-06,Debit Card,Entertainment
T01061,A0098,CREDIT,483368.13,2024-09-01,Debit Card,Fuel
T09657,A0204,CREDIT,-3878.76,2023-01-12,Debit Card,Utilities
T05864,A0489,CREDIT,493427.24,2024-05-19,Debit Card,Fuel
T01485,A0053,DEBIT,494435.31,2024-08-06,Net Banking,Education
T01633,A0473,DEBIT,389478.78,2026-01-07,Net Banking,Retail
T02947,A0440,DEBIT,418726.1,2025-09-30,Net Banking,Fuel
T07017,A0077,DEBIT,172743.12,2024-07-31,Mobile Banking,Fuel
T04504,A0409,DEBIT,27011.88,2024-11-03,Mobile Banking,Online Shopping
T04632,A0031,DEBIT,103208.69,2024-05-28,Mobile Banking,Entertainment
T05934,A0411,CREDIT,383948.54,2024-04-19,Credit Card,Restaurant
T00046,A0026,DEBIT,280566.07,2024-05-06,Mobile Banking,Education
T07023,A0544,CREDIT,1999.96,2025-12-12,UPI,Travel
T00974,A0560,DEBIT,278381.55,2026-04-16,Debit Card,Retail
T01378,A0277,DEBIT,62369.18,2024-09-09,Credit Card,Travel
T03489,A0284,DEBIT,195575.03,2025-11-10,Net Banking,Utilities
T03623,A0449,DEBIT,34962.95,2025-09-06,Mobile Banking,Grocery
T07504,A0286,CREDIT,439375.44,2024-02-08,Debit Card,Online Shopping
T02925,A0136,CREDIT,27841.34,2024-07-13,Net Banking,Entertainment
T08396,A0493,CREDIT,138248.3,2025-05-10,UPI,Healthcare
T09648,A0321,CREDIT,-9670.94,2025-10-08,Mobile Banking,Utilities
T09602,A9999,CREDIT,19406.5,2023-07-18,UPI,Entertainment
T06396,A0449,CREDIT,271910.48,2024-04-08,ATM,Travel
T02864,A0523,CREDIT,59516.33,2026-06-14,Mobile Banking,Fuel
T01234,A0379,DEBIT,31656.18,2025-04-02,Debit Card,Healthcare
T01315,A0360,CREDIT,127965.51,2025-04-29,Credit Card,Education
T08221,A0388,CREDIT,316420.3,2026-08-28,Mobile Banking,Fuel
T07409,A0140,CREDIT,130697.77,2025-08-31,ATM,Grocery
T09586,A9999,DEBIT,2262.06,2024-03-16,Net Banking,Grocery
T03462,A0166,DEBIT,462166.78,2024-06-25,Net Banking,Grocery
T07485,A0263,CREDIT,375727.23,2025-09-23,ATM,Restaurant
T08239,A0311,CREDIT,332303.04,2026-03-17,ATM,Fuel
T01508,A0123,CREDIT,393094.5,2025-10-15,Debit Card,Travel
T07182,A0172,CREDIT,74607.8,2025-10-06,Debit Card,Restaurant
T05728,A0336,CREDIT,138340.9,2025-04-23,Credit Card,Entertainment
T07164,A0246,DEBIT,317045.97,2026-02-20,Mobile Banking,Travel
T03246,A0421,DEBIT,482909.3,2024-07-08,Credit Card,Online Shopping
T08420,A0449,DEBIT,1320.21,2025-07-22,ATM,Education
T00022,A0553,DEBIT,120745.76,2026-03-03,Debit Card,Healthcare
T02253,A0546,DEBIT,49969.51,2024-06-10,UPI,Retail
T00421,A0381,CREDIT,350730.74,2025-11-09,Net Banking,Online Shopping
T09582,A9999,CREDIT,25496.8,2026-01-02,ATM,Restaurant
T09567,,CREDIT,46989.03,2026-02-25,ATM,Travel
T03813,A0334,DEBIT,167428.0,2024-03-22,ATM,Utilities
T05985,A0350,DEBIT,405198.33,2025-08-28,Net Banking,Retail
T02421,A0049,DEBIT,154326.06,2024-04-04,Debit Card,Entertainment
T07391,A0246,DEBIT,295074.06,2024-03-05,Net Banking,Grocery
T00945,A0203,CREDIT,271230.18,2024-08-08,Net Banking,Entertainment
T04402,A0262,DEBIT,223483.54,2025-01-30,UPI,Restaurant
T01664,A0468,CREDIT,444586.78,2024-10-29,ATM,Education
T00363,A0014,CREDIT,165672.75,2026-01-29,Debit Card,Fuel
T01550,A0543,CREDIT,313796.92,2025-06-25,UPI,Grocery
T05546,A0463,CREDIT,220269.89,2025-11-03,ATM,Utilities
T05032,A0045,DEBIT,175257.72,2026-01-04,Mobile Banking,Restaurant
T04392,A0093,CREDIT,455530.92,2025-06-14,Debit Card,Online Shopping
T06624,A0050,DEBIT,489382.21,2025-01-10,Credit Card,Travel
,A0346,CREDIT,21338.81,2024-03-02,Debit Card,Education
T06228,A0268,DEBIT,1800.64,2024-06-23,Credit Card,Online Shopping
T04254,A0417,DEBIT,71436.37,2026-08-26,Credit Card,Grocery
T01812,A0063,CREDIT,101077.4,2024-10-11,Debit Card,Travel
T09404,A0517,CREDIT,262761.82,2024-05-18,Debit Card,Education
T00509,A0033,CREDIT,487960.35,2024-12-21,Credit Card,Fuel
T09630,A9999,CREDIT,22216.94,2024-02-06,ATM,Travel
T07684,A0177,DEBIT,338611.77,2025-07-28,Net Banking,Education
T02220,A0140,CREDIT,74920.6,2024-03-16,ATM,Fuel
T06000,A0195,CREDIT,384454.77,2026-05-17,ATM,Retail
T01380,A0287,CREDIT,1683.86,2025-11-18,Debit Card,Healthcare
T09346,A0494,CREDIT,312970.42,2025-03-08,Debit Card,Utilities
T08370,A0395,DEBIT,30329.23,2024-08-21,UPI,Utilities
T00539,A0108,DEBIT,430708.25,2026-01-11,Credit Card,Travel
T02848,A0553,CREDIT,211548.88,2025-08-29,Mobile Banking,Online Shopping
T02395,A0105,DEBIT,322560.15,2024-01-18,Debit Card,Healthcare
T04482,A0485,DEBIT,382540.61,2026-06-21,Debit Card,Entertainment
T03461,A0539,DEBIT,12384.94,2026-01-16,Mobile Banking,Healthcare
T00872,A0259,DEBIT,168797.13,2024-10-30,UPI,Education
T00373,A0063,CREDIT,370383.53,2025-02-11,Credit Card,Education
T00180,A0039,CREDIT,125377.81,2025-12-27,ATM,Utilities
T03801,A0132,CREDIT,294303.13,2026-06-22,UPI,Healthcare
T07796,A0433,DEBIT,20934.03,2026-07-04,Net Banking,Healthcare
T06711,A0521,DEBIT,350589.47,2026-06-17,Debit Card,Travel
T05012,A0304,CREDIT,72725.58,2024-04-20,Mobile Banking,Education
T05196,A0350,DEBIT,464703.42,2026-04-07,UPI,Entertainment
T05203,A0084,DEBIT,125906.1,2026-08-23,Credit Card,Travel
T07351,A0453,DEBIT,147326.58,2026-04-17,ATM,Healthcare
T06662,A0387,DEBIT,458001.44,2025-10-11,ATM,Healthcare
T01802,A0120,CREDIT,446646.62,2025-09-10,Net Banking,Entertainment
T09641,A0282,CREDIT,-709.83,2023-01-12,Credit Card,Entertainment
T03784,A0410,CREDIT,403026.21,2024-02-14,Debit Card,Education
T08782,A0108,CREDIT,346324.3,2025-10-03,Net Banking,Fuel
T05068,A0563,DEBIT,126865.2,2025-05-31,UPI,Online Shopping
T04816,A0539,CREDIT,153978.06,2024-07-06,Mobile Banking,Travel
T03135,A0558,CREDIT,36278.03,2024-08-01,Mobile Banking,Entertainment
T05497,A0475,DEBIT,434422.85,2026-05-13,ATM,Grocery
T09129,A0189,DEBIT,336612.17,2026-08-03,Net Banking,Utilities
T05359,A0304,DEBIT,208903.11,2025-08-26,ATM,Fuel
T05022,A0474,CREDIT,414244.33,2026-02-03,Debit Card,Entertainment
T08534,A0280,CREDIT,60148.05,2025-10-11,Mobile Banking,Utilities
T04590,A0495,CREDIT,307290.91,2025-11-12,Credit Card,Healthcare
T08139,A0179,CREDIT,268023.64,2024-07-15,Credit Card,Travel
T05623,A0336,CREDIT,104591.89,2025-10-01,Credit Card,Entertainment
T01511,A0288,DEBIT,424883.53,2024-03-17,Net Banking,Utilities
T02353,A0168,DEBIT,378167.63,2026-08-13,ATM,Travel
T08598,A0156,DEBIT,235160.66,2025-01-01,Credit Card,Utilities
T08839,A0494,DEBIT,210279.88,2025-05-02,Net Banking,Restaurant
T01645,A0429,CREDIT,46203.15,2026-08-14,UPI,Restaurant
T09737,A0245,TRANSFER,20211.05,2023-02-07,Credit Card,Utilities
T00769,A0281,DEBIT,101413.08,2024-09-27,Mobile Banking,Fuel
T08907,A0022,DEBIT,271773.79,2024-09-30,UPI,Grocery
T01152,A0059,CREDIT,342412.94,2025-02-23,Net Banking,Education
T00199,A0398,CREDIT,166090.07,2025-10-12,Mobile Banking,Utilities
T02380,A0517,DEBIT,56361.03,2025-04-18,ATM,Restaurant
T09792,A0350,CREDIT,36536.36,2024-05-30,Telegram,Grocery
T04681,A0126,CREDIT,213072.02,2024-07-09,ATM,Online Shopping
T03119,A0299,DEBIT,423294.86,2025-12-27,Debit Card,Healthcare
T08575,A0092,DEBIT,327397.11,2024-09-05,UPI,Healthcare
T09322,A0047,CREDIT,323509.47,2026-04-11,Debit Card,Entertainment
T07951,A0291,CREDIT,412364.33,2024-08-25,ATM,Travel
T03753,A0551,CREDIT,471237.78,2024-04-09,Net Banking,Travel
T03068,A0394,DEBIT,90978.47,2025-08-27,ATM,Online Shopping
T08646,A0311,DEBIT,67914.98,2025-12-09,Debit Card,Travel
T03370,A0391,CREDIT,473503.61,2025-06-05,ATM,Education
T07081,A0142,DEBIT,60557.79,2025-07-31,ATM,Entertainment
T03308,A0143,CREDIT,13318.76,2024-03-30,Credit Card,Entertainment
T07336,A0394,DEBIT,12332.58,2025-03-12,Credit Card,Restaurant
T05037,A0461,CREDIT,290525.26,2026-04-18,ATM,Healthcare
T02068,A0380,CREDIT,157632.01,2026-07-30,Debit Card,Online Shopping
T05716,A0425,DEBIT,290798.09,2024-10-13,Debit Card,Retail
T00957,A0216,CREDIT,161950.34,2024-07-15,Credit Card,Grocery
T09616,A9999,CREDIT,9995.53,2023-02-18,Credit Card,Grocery
T06347,A0274,CREDIT,185622.6,2025-11-01,Mobile Banking,Fuel
T04584,A0311,CREDIT,365754.09,2024-11-05,Credit Card,Travel
T00456,A0009,CREDIT,426544.59,2024-10-24,Credit Card,Grocery
T04189,A0086,DEBIT,212123.78,2025-03-01,UPI,Fuel
T02227,A0317,CREDIT,57732.54,2024-04-03,Mobile Banking,Healthcare
T01636,A0537,CREDIT,122268.48,2025-01-21,Debit Card,Entertainment
T04014,A0307,DEBIT,413380.25,2025-08-19,Credit Card,Grocery
T04384,A0005,DEBIT,171818.17,2026-02-24,UPI,Entertainment
T06915,A0235,CREDIT,480299.48,2025-01-06,UPI,Online Shopping
T04016,A0244,CREDIT,88990.84,2025-10-30,Net Banking,Entertainment
T09470,A0288,DEBIT,35563.58,2025-10-16,Debit Card,Fuel
T06298,A0477,DEBIT,23195.97,2026-02-19,UPI,Fuel
T06418,A0306,DEBIT,279484.39,2026-08-12,Credit Card,Travel
T05558,A0255,DEBIT,486657.45,2026-06-06,ATM,Travel
T09806,A0119,DEBIT,28664.28,2023-11-12,Telegram,Restaurant
T00660,A0199,DEBIT,218318.76,2024-02-29,ATM,Travel
T00747,A0402,DEBIT,271752.32,2024-10-29,UPI,Travel
T05252,A0047,DEBIT,358064.12,2025-06-04,UPI,Fuel
T04532,A0149,CREDIT,265991.35,2024-02-03,Debit Card,Travel
T04451,A0340,DEBIT,168941.8,2026-07-19,Credit Card,Education
T00866,A0462,DEBIT,390523.67,2025-12-30,Debit Card,Education
T09361,A0271,DEBIT,401089.43,2026-03-01,Debit Card,Grocery
T02785,A0194,CREDIT,149959.89,2024-07-06,UPI,Grocery
T04568,A0499,CREDIT,343457.1,2025-11-30,UPI,Retail
T04794,A0211,CREDIT,425258.71,2026-07-17,Debit Card,Utilities
T06432,A0249,CREDIT,462385.31,2024-01-25,UPI,Travel
T04213,A0533,CREDIT,160305.24,2025-05-26,Credit Card,Online Shopping
T03269,A0105,CREDIT,468012.65,2024-12-21,Mobile Banking,Retail
T09797,A0271,CREDIT,47160.82,2023-10-16,Telegram,Retail
T03013,A0147,DEBIT,387561.27,2025-03-22,Debit Card,Travel
T05460,A0313,DEBIT,448895.18,2025-07-24,Debit Card,Retail
T00684,A0256,DEBIT,168832.42,2025-02-08,UPI,Fuel
T05731,A0521,CREDIT,479407.53,2025-12-21,Credit Card,Online Shopping
T02363,A0416,DEBIT,246554.87,2024-04-07,Mobile Banking,Retail
T07536,A0404,CREDIT,453605.51,2026-08-27,Net Banking,Retail
T02763,A0175,DEBIT,19974.75,2025-02-23,Credit Card,Retail
T07056,A0312,CREDIT,245474.29,2024-04-02,Mobile Banking,Grocery
T07127,A0546,CREDIT,458569.81,2026-03-19,Mobile Banking,Fuel
T00541,A0006,CREDIT,129917.88,2026-03-14,UPI,Online Shopping
T08363,A0479,DEBIT,174893.17,2025-05-27,Mobile Banking,Entertainment
T06622,A0272,DEBIT,113140.53,2025-04-21,Net Banking,Travel
T09495,A0462,CREDIT,13353.63,2025-07-25,Debit Card,Restaurant
T05014,A0423,DEBIT,314077.21,2025-12-01,Debit Card,Online Shopping
T03835,A0050,DEBIT,374718.46,2025-02-08,Mobile Banking,Restaurant
T02998,A0425,CREDIT,477475.32,2025-02-15,Debit Card,Entertainment
T04227,A0442,CREDIT,51794.7,2025-01-08,Net Banking,Restaurant
T05364,A0362,CREDIT,4309.48,2025-11-18,Mobile Banking,Utilities
T01196,A0385,DEBIT,183460.27,2025-06-08,Credit Card,Healthcare
T03012,A0322,CREDIT,433401.03,2025-09-03,Mobile Banking,Travel
T06796,A0443,DEBIT,60966.51,2025-09-10,UPI,Travel
,A0007,CREDIT,14386.43,2026-01-13,Credit Card,Fuel
T04561,A0262,DEBIT,306567.05,2025-01-31,Credit Card,Fuel
T01650,A0370,DEBIT,198975.37,2025-09-14,UPI,Retail
T08870,A0163,DEBIT,358328.82,2024-03-25,ATM,Online Shopping
T01458,A0033,DEBIT,426093.0,2025-11-11,ATM,Entertainment
T09845,A0226,CREDIT,10221.71,bad-date,Credit Card,Entertainment
T03486,A0434,CREDIT,129855.23,2026-04-04,Net Banking,Entertainment
T05993,A0001,CREDIT,112123.56,2026-01-11,Debit Card,Healthcare
T00969,A0256,DEBIT,493465.91,2025-08-23,Credit Card,Retail
T02703,A0564,DEBIT,54451.98,2025-09-10,ATM,Fuel
T04383,A0459,DEBIT,266833.24,2026-01-31,Mobile Banking,Healthcare
T04480,A0307,DEBIT,245763.87,2025-12-28,Debit Card,Utilities
T06801,A0050,DEBIT,135645.43,2025-03-06,UPI,Grocery
T06653,A0049,DEBIT,363483.39,2024-06-16,Debit Card,Grocery
T04033,A0014,CREDIT,317103.79,2025-06-18,Debit Card,Grocery
T03526,A0527,DEBIT,262906.96,2025-06-07,Mobile Banking,Entertainment
T03524,A0326,DEBIT,187338.45,2025-03-09,Mobile Banking,Grocery
T07368,A0336,CREDIT,100990.18,2026-04-10,Debit Card,Education
T04309,A0122,DEBIT,311572.16,2024-06-08,Debit Card,Fuel
T04713,A0111,DEBIT,430102.96,2024-02-19,Debit Card,Utilities
T05534,A0279,DEBIT,469586.26,2026-05-28,Credit Card,Fuel
T00403,A0116,DEBIT,84862.57,2024-04-22,ATM,Online Shopping
T03868,A0172,CREDIT,106781.14,2026-01-23,Mobile Banking,Restaurant
T07944,A0143,CREDIT,293809.28,2026-04-22,Debit Card,Online Shopping
T02626,A0543,CREDIT,353113.78,2024-01-24,Credit Card,Grocery
T07220,A0549,DEBIT,440283.36,2024-03-21,UPI,Grocery
T03471,A0128,DEBIT,54769.29,2026-08-27,Credit Card,Utilities
T00552,A0158,CREDIT,457071.22,2024-08-12,Debit Card,Healthcare
T03982,A0126,CREDIT,443868.12,2026-07-28,Credit Card,Retail
T06944,A0304,DEBIT,290276.01,2024-12-29,UPI,Education
T01319,A0303,DEBIT,45241.6,2024-04-24,Net Banking,Restaurant
T00987,A0007,DEBIT,9533.94,2024-08-18,Debit Card,Healthcare
T05581,A0548,DEBIT,469890.9,2024-11-11,ATM,Retail
T07624,A0550,CREDIT,170754.51,2025-02-20,UPI,Healthcare
T04789,A0013,CREDIT,336137.89,2025-04-05,Credit Card,Grocery
T09557,,CREDIT,37033.89,2026-07-13,Credit Card,Utilities
T07948,A0380,DEBIT,63361.46,2025-05-08,Net Banking,Travel
T07441,A0061,CREDIT,172747.29,2026-07-19,Credit Card,Grocery
T03668,A0255,DEBIT,403353.63,2025-09-11,Credit Card,Restaurant
T07735,A0078,DEBIT,494493.55,2025-01-28,Debit Card,Online Shopping
T09073,A0092,DEBIT,225127.5,2024-05-05,Mobile Banking,Fuel
T06072,A0224,CREDIT,174197.59,2024-07-20,Credit Card,Fuel
T04255,A0529,CREDIT,293215.63,2024-10-29,UPI,Online Shopping
T03763,A0040,CREDIT,29537.14,2024-11-10,Debit Card,Retail
T04288,A0009,CREDIT,235184.96,2025-05-23,Net Banking,Restaurant
T07564,A0551,DEBIT,78619.21,2024-07-26,Debit Card,Healthcare
T05436,A0382,CREDIT,19842.19,2024-02-14,Net Banking,Retail
T06934,A0499,DEBIT,16268.64,2024-12-17,UPI,Fuel
T00181,A0476,DEBIT,230732.36,2024-03-25,Net Banking,Travel
T04093,A0504,CREDIT,42092.14,2024-11-07,Debit Card,Healthcare
T07247,A0511,DEBIT,307809.01,2026-07-30,ATM,Restaurant
T04555,A0088,DEBIT,341515.79,2026-07-17,Debit Card,Retail
T00863,A0415,CREDIT,80525.8,2024-05-11,Net Banking,Education
T00825,A0191,DEBIT,295615.15,2024-01-21,ATM,Retail
T01853,A0568,CREDIT,50278.56,2025-02-12,Debit Card,Online Shopping
T09186,A0068,CREDIT,498983.75,2024-10-11,Debit Card,Retail
T05697,A0124,CREDIT,241390.16,2025-02-19,Net Banking,Retail
T04720,A0341,CREDIT,207044.06,2024-05-14,Mobile Banking,Entertainment
T06050,A0139,CREDIT,22091.83,2026-01-05,Mobile Banking,Online Shopping
T02697,A0034,DEBIT,291692.93,2024-08-01,ATM,Healthcare
T08327,A0089,DEBIT,64435.22,2025-06-14,Net Banking,Travel
T04847,A0384,CREDIT,266094.66,2024-07-22,Mobile Banking,Education
T06502,A0286,DEBIT,48924.76,2024-01-04,UPI,Healthcare
T04440,A0559,DEBIT,68178.39,2026-08-25,Net Banking,Utilities
T09419,A0494,DEBIT,270259.87,2026-06-17,UPI,Education
T03794,A0132,CREDIT,421688.61,2024-01-24,UPI,Online Shopping
T05043,A0173,CREDIT,172428.41,2026-05-14,Mobile Banking,Education
T05157,A0341,DEBIT,50500.73,2026-04-16,ATM,Retail
T07050,A0289,CREDIT,134409.74,2024-11-28,UPI,Grocery
T00306,A0147,CREDIT,35371.97,2026-01-20,Debit Card,Travel
T04844,A0280,DEBIT,157478.8,2024-08-20,Mobile Banking,Fuel
T05025,A0482,CREDIT,224595.49,2026-05-10,Net Banking,Utilities
T05703,A0503,DEBIT,186919.35,2025-09-27,Mobile Banking,Restaurant
T09015,A0476,DEBIT,216899.28,2024-08-07,Mobile Banking,Education
T05679,A0354,DEBIT,323833.75,2026-01-04,Net Banking,Travel
T08098,A0136,DEBIT,368932.5,2025-01-05,Debit Card,Grocery
T08364,A0365,DEBIT,350315.2,2025-05-03,UPI,Online Shopping
T06234,A0493,DEBIT,3413.45,2025-02-15,Net Banking,Education
T03820,A0319,CREDIT,305727.53,2025-03-27,Net Banking,Fuel
T07174,A0536,DEBIT,202165.7,2026-03-23,Mobile Banking,Retail
T06400,A0239,DEBIT,161022.53,2026-08-23,Net Banking,Education
T00156,A0143,CREDIT,488623.94,2024-12-04,Net Banking,Fuel
T01307,A0109,CREDIT,320270.63,2025-04-09,ATM,Travel
T08067,A0524,DEBIT,82114.85,2024-10-08,UPI,Entertainment
T02239,A0437,CREDIT,481446.74,2025-03-27,UPI,Online Shopping
T04960,A0414,DEBIT,326831.88,2024-07-19,Net Banking,Restaurant
T05433,A0513,CREDIT,159638.14,2025-04-17,Net Banking,Retail
T05446,A0376,CREDIT,393825.25,2026-05-13,Credit Card,Healthcare
T00112,A0059,CREDIT,253603.22,2026-05-05,Net Banking,Retail
T06592,A0500,CREDIT,463071.86,2026-04-08,UPI,Fuel
T06620,A0340,DEBIT,290280.56,2026-07-25,ATM,Travel
T06027,A0193,DEBIT,71319.27,2024-11-28,ATM,Fuel
T04242,A0213,CREDIT,6531.17,2025-03-04,UPI,Entertainment
T01842,A0454,CREDIT,215667.82,2026-06-01,Net Banking,Retail
T05951,A0096,CREDIT,77448.99,2026-02-28,Mobile Banking,Retail
T09384,A0139,CREDIT,337287.74,2026-01-17,UPI,Retail
T04252,A0560,DEBIT,145145.92,2026-01-22,Debit Card,Education
T00229,A0013,CREDIT,385509.0,2025-10-21,Mobile Banking,Healthcare
T00086,A0131,DEBIT,466788.34,2026-05-26,ATM,Education
T09765,A0030,CREDIT,45889.13,2026-03-11,Telegram,Entertainment
T02197,A0406,CREDIT,177174.96,2026-05-15,Net Banking,Travel
T02732,A0101,CREDIT,90487.65,2025-04-02,UPI,Travel
T06405,A0528,DEBIT,368186.92,2024-08-12,Credit Card,Online Shopping
T08520,A0241,DEBIT,109994.0,2026-08-11,Credit Card,Healthcare
T05422,A0194,CREDIT,352457.45,2026-05-02,Net Banking,Online Shopping
T04483,A0208,CREDIT,256494.15,2026-03-04,Net Banking,Grocery
T00807,A0446,DEBIT,89088.4,2026-06-05,Debit Card,Entertainment
T06776,A0006,DEBIT,29490.17,2025-11-21,UPI,Education
T07199,A0243,DEBIT,453952.8,2025-06-25,Net Banking,Fuel
T02381,A0470,DEBIT,103208.32,2026-01-20,Net Banking,Education
T06493,A0539,DEBIT,69869.28,2025-05-17,UPI,Healthcare
T02311,A0553,CREDIT,101258.1,2024-10-23,Debit Card,Restaurant
T03150,A0235,CREDIT,150414.96,2026-02-12,ATM,Travel
T08293,A0560,DEBIT,482907.67,2026-01-25,Credit Card,Education
T02600,A0129,CREDIT,156672.18,2024-10-05,ATM,Restaurant
T08283,A0221,DEBIT,448033.64,2025-11-16,Net Banking,Fuel
T05786,A0428,CREDIT,189097.9,2025-05-15,Net Banking,Entertainment
T03322,A0140,CREDIT,41513.61,2025-01-29,Mobile Banking,Entertainment
T04623,A0202,CREDIT,316164.64,2025-07-04,Net Banking,Travel
T00810,A0370,CREDIT,2906.71,2024-11-13,Debit Card,Online Shopping
T07752,A0049,DEBIT,317535.4,2024-05-11,UPI,Online Shopping
T01642,A0352,CREDIT,293319.89,2026-02-13,Credit Card,Travel
T02709,A0312,DEBIT,488617.52,2025-08-25,Credit Card,Restaurant
T02327,A0200,CREDIT,361953.3,2024-08-16,Mobile Banking,Education
T06547,A0060,CREDIT,241011.32,2025-09-06,ATM,Restaurant
T05661,A0212,DEBIT,231102.28,2024-04-24,ATM,Utilities
T06513,A0250,CREDIT,408165.49,2026-01-18,ATM,Entertainment
T09459,A0375,DEBIT,312635.69,2024-09-10,Mobile Banking,Retail
T01029,A0346,DEBIT,498343.18,2024-07-09,Debit Card,Utilities
T05532,A0066,CREDIT,337236.59,2025-10-15,Mobile Banking,Restaurant
T06682,A0343,DEBIT,201010.11,2024-06-27,Net Banking,Grocery
T09690,A0466,CREDIT,-5366.49,2026-02-17,UPI,Entertainment
T07209,A0290,DEBIT,157312.77,2024-08-10,UPI,Education
T01312,A0367,DEBIT,5383.17,2025-09-03,Debit Card,Utilities
T09366,A0005,CREDIT,1084.35,2026-08-31,Credit Card,Entertainment
T07465,A0298,DEBIT,81746.52,2025-02-27,Mobile Banking,Travel
T03963,A0468,DEBIT,298112.08,2025-04-24,UPI,Travel
T07687,A0331,DEBIT,490791.57,2024-04-09,Mobile Banking,Healthcare
T02491,A0202,CREDIT,320937.57,2025-03-11,Net Banking,Education
T00763,A0161,DEBIT,150803.07,2024-08-23,Mobile Banking,Travel
T07113,A0221,CREDIT,492565.65,2025-02-07,Credit Card,Fuel
T03934,A0223,DEBIT,61146.66,2026-06-16,ATM,Online Shopping
T09729,A0352,TRANSFER,40298.2,2023-01-05,UPI,Fuel
T07297,A0316,CREDIT,331135.84,2025-02-22,ATM,Utilities
T00435,A0067,CREDIT,298595.67,2026-02-13,Debit Card,Travel
T03557,A0407,CREDIT,118946.08,2026-03-08,UPI,Restaurant
T01776,A0569,CREDIT,341029.27,2024-10-17,Debit Card,Restaurant
T06295,A0237,CREDIT,189632.17,2024-10-26,UPI,Education
T00628,A0357,DEBIT,33878.23,2024-01-31,Mobile Banking,Grocery
T09078,A0443,CREDIT,355953.15,2025-07-10,Credit Card,Grocery
T02053,A0219,DEBIT,218981.41,2025-06-20,ATM,Utilities
T09367,A0250,DEBIT,373357.94,2025-01-25,Credit Card,Utilities
T04569,A0093,DEBIT,6478.33,2025-07-23,UPI,Grocery
T09478,A0035,DEBIT,163368.97,2024-07-24,Mobile Banking,Online Shopping
T01189,A0364,DEBIT,8076.17,2026-07-01,Net Banking,Healthcare
T03593,A0234,DEBIT,364495.36,2025-12-07,UPI,Utilities
T06478,A0369,DEBIT,481359.28,2024-09-19,Net Banking,Restaurant
T00762,A0021,CREDIT,250799.51,2026-03-21,Credit Card,Retail
T07606,A0491,DEBIT,194307.79,2025-04-10,Debit Card,Restaurant
T05512,A0444,DEBIT,397353.28,2026-01-29,Net Banking,Healthcare
T05211,A0109,CREDIT,370159.57,2025-04-11,ATM,Retail
T02751,A0444,DEBIT,28759.3,2025-06-16,Debit Card,Education
T08599,A0426,CREDIT,8690.85,2024-02-17,Mobile Banking,Online Shopping
T06401,A0134,CREDIT,458617.99,2025-07-19,Mobile Banking,Online Shopping
T07315,A0365,DEBIT,401102.74,2024-03-23,Net Banking,Entertainment
T07633,A0451,CREDIT,493452.18,2025-04-11,UPI,Healthcare
T03203,A0560,CREDIT,207698.75,2024-12-28,ATM,Education
T08968,A0499,CREDIT,92003.13,2025-08-14,ATM,Online Shopping
T00603,A0557,DEBIT,26862.66,2026-05-15,Credit Card,Grocery
T08953,A0126,DEBIT,81423.16,2026-01-19,Debit Card,Entertainment
T06035,A0474,DEBIT,450117.75,2025-10-02,Mobile Banking,Fuel
T09465,A0040,DEBIT,104391.58,2026-01-07,ATM,Grocery
T06835,A0312,DEBIT,209730.52,2025-10-22,UPI,Fuel
T00741,A0272,DEBIT,75801.41,2026-04-13,ATM,Entertainment
T04348,A0351,CREDIT,180957.4,2024-08-10,Credit Card,Education
T03676,A0023,DEBIT,292162.61,2024-03-28,Debit Card,Fuel
T03022,A0539,DEBIT,28998.51,2025-11-04,Net Banking,Restaurant
T03213,A0112,DEBIT,69433.44,2026-08-11,Net Banking,Fuel
T03732,A0238,CREDIT,365024.5,2025-08-11,Mobile Banking,Grocery
T04160,A0203,CREDIT,407955.06,2026-08-14,UPI,Entertainment
T06890,A0116,CREDIT,86975.6,2026-05-29,Mobile Banking,Entertainment
T02149,A0087,DEBIT,131908.49,2024-07-24,Net Banking,Utilities
T05718,A0178,DEBIT,493945.8,2024-02-01,ATM,Entertainment
T02775,A0434,CREDIT,222401.98,2025-03-11,Mobile Banking,Grocery
T03330,A0062,CREDIT,66109.51,2024-03-11,Mobile Banking,Online Shopping
T08287,A0441,CREDIT,383645.71,2024-01-01,Mobile Banking,Fuel
T09569,,CREDIT,15028.87,2023-05-08,Debit Card,Entertainment
T01588,A0092,CREDIT,312457.54,2024-03-14,Credit Card,Education
T09077,A0371,CREDIT,41250.84,2025-01-17,ATM,Utilities
T06207,A0106,CREDIT,446669.56,2024-08-23,Mobile Banking,Education
T01899,A0489,CREDIT,133640.52,2025-08-25,Debit Card,Travel
T07760,A0339,CREDIT,395924.3,2024-04-30,Debit Card,Entertainment
T09599,A9999,CREDIT,2996.49,2023-07-11,Mobile Banking,Restaurant
T03618,A0058,CREDIT,238163.19,2024-06-16,Net Banking,Utilities
T07689,A0297,CREDIT,40367.85,2025-10-17,Net Banking,Travel
T01004,A0017,DEBIT,364841.59,2026-07-07,Debit Card,Retail
T05326,A0535,CREDIT,463158.46,2024-09-21,ATM,Entertainment
T07073,A0463,DEBIT,229139.54,2026-05-17,Debit Card,Restaurant
T03065,A0440,CREDIT,368440.65,2025-01-04,Mobile Banking,Education
T06214,A0511,DEBIT,244192.43,2025-01-07,UPI,Education
T06808,A0364,CREDIT,57918.77,2024-07-18,ATM,Healthcare
T02244,A0081,DEBIT,307079.35,2026-07-27,Net Banking,Fuel
T05576,A0246,CREDIT,30671.53,2024-11-19,UPI,Restaurant
T02813,A0521,DEBIT,164615.5,2025-05-29,Debit Card,Fuel
T05805,A0346,DEBIT,426629.64,2026-08-19,Mobile Banking,Grocery
T02259,A0312,DEBIT,464457.31,2024-05-31,Mobile Banking,Fuel
T07783,A0112,CREDIT,287392.37,2025-07-21,Debit Card,Healthcare
T00413,A0520,DEBIT,36564.07,2024-09-14,Net Banking,Online Shopping
T08142,A0054,CREDIT,190386.76,2024-08-26,Credit Card,Retail
T03596,A0229,DEBIT,32300.52,2026-07-18,Debit Card,Retail
T01826,A0038,DEBIT,285984.73,2025-03-17,Credit Card,Utilities
T07772,A0123,CREDIT,203618.14,2025-06-22,ATM,Entertainment
T09555,,DEBIT,28184.44,2024-03-16,Credit Card,Retail
T02273,A0566,DEBIT,355406.74,2026-07-07,ATM,Fuel
T00646,A0070,CREDIT,484060.6,2024-03-17,Net Banking,Fuel
T02397,A0449,DEBIT,216053.4,2025-08-06,UPI,Education
T00811,A0378,DEBIT,251446.4,2024-01-14,Net Banking,Restaurant
T08634,A0148,DEBIT,165334.92,2025-02-28,UPI,Education
T00465,A0024,DEBIT,134997.07,2025-10-12,ATM,Online Shopping
T01541,A0291,DEBIT,88612.33,2026-02-26,UPI,Entertainment
T07947,A0263,DEBIT,88324.66,2025-08-08,UPI,Utilities
T09787,A0433,DEBIT,21252.71,2026-06-12,Telegram,Retail
T00442,A0039,DEBIT,80695.38,2025-11-29,Credit Card,Online Shopping
T03849,A0345,DEBIT,136129.44,2025-03-31,Credit Card,Utilities
T02279,A0401,DEBIT,90668.9,2026-02-08,Debit Card,Grocery
T01298,A0507,DEBIT,180228.39,2025-03-18,UPI,Fuel
T08791,A0067,CREDIT,109577.65,2025-08-19,Net Banking,Fuel
T01758,A0375,CREDIT,408787.65,2025-05-02,Mobile Banking,Education
T05355,A0473,CREDIT,105889.74,2024-05-21,Mobile Banking,Retail
T06194,A0248,DEBIT,218603.67,2024-12-22,Mobile Banking,Education
T08006,A0287,DEBIT,33403.57,2025-01-18,Net Banking,Retail
T06718,A0233,CREDIT,387875.49,2024-05-28,Net Banking,Restaurant
T06826,A0099,CREDIT,238505.97,2025-04-22,Mobile Banking,Grocery
T06706,A0023,DEBIT,134940.26,2024-05-31,Credit Card,Healthcare
T00459,A0088,CREDIT,365915.88,2026-07-28,Credit Card,Healthcare
T00842,A0485,CREDIT,126362.13,2025-01-17,Net Banking,Utilities
T05400,A0218,DEBIT,18331.13,2024-06-08,Debit Card,Travel
T04472,A0362,DEBIT,170379.24,2024-12-17,Net Banking,Fuel
T03295,A0408,DEBIT,134749.69,2025-04-15,Credit Card,Grocery
T03848,A0555,CREDIT,260054.73,2025-11-20,ATM,Education
T00656,A0057,CREDIT,386829.26,2026-04-10,ATM,Education
T01713,A0419,CREDIT,169301.79,2025-08-09,Credit Card,Retail
T00158,A0396,CREDIT,237441.35,2024-12-02,Net Banking,Entertainment
T03684,A0018,DEBIT,390791.77,2025-02-22,Mobile Banking,Fuel
T08842,A0160,DEBIT,324803.68,2025-07-29,Net Banking,Education
T02345,A0527,CREDIT,55535.74,2025-07-16,UPI,Retail
T06519,A0473,DEBIT,294632.95,2024-09-03,Mobile Banking,Education
,A0141,CREDIT,32030.78,2024-02-24,Net Banking,Education
T08334,A0532,CREDIT,160311.99,2026-02-10,Credit Card,Utilities
T02167,A0054,DEBIT,325367.51,2025-08-20,ATM,Travel
T05899,A0279,DEBIT,100932.43,2026-06-09,Mobile Banking,Entertainment
T02644,A0203,DEBIT,23305.69,2026-08-21,Mobile Banking,Education
T01415,A0144,DEBIT,198240.75,2024-05-25,UPI,Travel
T01353,A0311,DEBIT,459671.46,2026-05-25,Credit Card,Education
T05819,A0088,DEBIT,382934.72,2024-02-22,ATM,Utilities
T02693,A0098,DEBIT,92273.92,2025-02-11,Debit Card,Entertainment
T04798,A0349,DEBIT,289181.19,2025-07-29,UPI,Online Shopping
T05379,A0137,DEBIT,177804.03,2025-08-06,Credit Card,Online Shopping
T08340,A0426,DEBIT,162949.24,2024-11-04,Mobile Banking,Restaurant
T00586,A0113,CREDIT,249513.62,2025-12-02,ATM,Entertainment
T00829,A0324,DEBIT,113057.59,2024-07-11,Debit Card,Travel
T09135,A0382,DEBIT,266586.95,2026-01-08,Net Banking,Healthcare
T07691,A0526,CREDIT,346836.66,2026-04-13,Credit Card,Entertainment
T01943,A0030,DEBIT,391280.17,2024-11-11,Debit Card,Travel
T01214,A0166,CREDIT,30903.62,2025-05-20,Debit Card,Retail
T01903,A0230,DEBIT,361460.37,2024-12-28,UPI,Entertainment
T01418,A0150,CREDIT,147779.5,2024-02-24,Debit Card,Entertainment
T04528,A0365,DEBIT,499468.19,2024-04-25,ATM,Fuel
T05384,A0337,DEBIT,484442.78,2025-03-10,Net Banking,Healthcare
T04164,A0089,DEBIT,167160.38,2025-08-29,Credit Card,Entertainment
T09005,A0454,DEBIT,243744.76,2024-02-15,Mobile Banking,Fuel
T08404,A0001,CREDIT,109785.0,2025-07-12,Credit Card,Education
T03374,A0380,DEBIT,140037.87,2026-01-02,UPI,Online Shopping
T04316,A0281,DEBIT,399617.79,2024-04-23,ATM,Online Shopping
T04595,A0484,CREDIT,416000.11,2026-02-06,Net Banking,Retail
T05966,A0026,CREDIT,191499.55,2024-07-10,Debit Card,Utilities
T06536,A0425,CREDIT,400974.65,2024-08-26,UPI,Grocery
T03487,A0373,CREDIT,234839.81,2026-03-22,Mobile Banking,Restaurant
T01601,A0354,DEBIT,44435.41,2026-01-11,Net Banking,Restaurant
T01344,A0070,DEBIT,256740.96,2024-03-15,Net Banking,Grocery
T08108,A0426,CREDIT,79642.67,2024-03-30,Net Banking,Fuel
T04363,A0088,DEBIT,278126.62,2025-06-18,Credit Card,Retail
T08488,A0260,DEBIT,153095.98,2025-04-28,UPI,Utilities
T09446,A0222,DEBIT,175222.5,2024-08-06,Credit Card,Healthcare
T02912,A0353,DEBIT,272350.06,2024-03-21,Mobile Banking,Online Shopping
T09012,A0469,DEBIT,337061.05,2025-11-22,Net Banking,Healthcare
T06190,A0452,DEBIT,22614.89,2024-02-12,Debit Card,Utilities
T07236,A0362,CREDIT,339474.76,2026-03-26,Mobile Banking,Online Shopping
T02877,A0538,CREDIT,24522.98,2026-08-28,Debit Card,Fuel
T00765,A0135,DEBIT,431005.65,2024-03-19,UPI,Education
T04352,A0445,CREDIT,71225.37,2025-09-21,Net Banking,Education
T05121,A0526,DEBIT,201682.46,2025-10-01,Debit Card,Education
T07077,A0410,DEBIT,362994.79,2025-07-13,Mobile Banking,Online Shopping
T00607,A0063,CREDIT,370262.42,2025-11-21,Net Banking,Retail
T05893,A0347,CREDIT,243793.61,2026-06-26,Debit Card,Grocery
T01356,A0546,CREDIT,125871.31,2024-10-01,Debit Card,Restaurant
T06861,A0208,CREDIT,485982.76,2025-04-16,Debit Card,Retail
T08914,A0306,CREDIT,193663.36,2024-10-29,Debit Card,Fuel
T08304,A0031,CREDIT,232156.44,2024-10-26,Debit Card,Entertainment
T09825,A0548,DEBIT,40777.48,bad-date,Debit Card,Healthcare
T07774,A0428,DEBIT,486194.68,2026-01-28,Debit Card,Utilities
T08635,A0559,DEBIT,274047.97,2025-09-16,Credit Card,Fuel
T00119,A0211,DEBIT,92203.83,2024-01-07,Debit Card,Retail
T00681,A0548,DEBIT,211975.13,2026-01-06,Net Banking,Education
T00808,A0355,DEBIT,106968.6,2025-07-27,ATM,Healthcare
T02044,A0322,CREDIT,2401.29,2025-05-10,Debit Card,Online Shopping
T09080,A0029,DEBIT,51854.74,2026-03-23,Credit Card,Entertainment
T04651,A0150,DEBIT,470013.31,2025-01-24,Mobile Banking,Healthcare
T02771,A0039,DEBIT,200047.13,2025-02-13,UPI,Healthcare
T06975,A0476,DEBIT,296276.12,2025-12-13,Mobile Banking,Online Shopping
T08739,A0103,CREDIT,443693.95,2026-05-02,Net Banking,Online Shopping
T04664,A0506,CREDIT,344364.21,2024-08-27,Net Banking,Entertainment
T09519,,CREDIT,16177.63,2023-04-05,Credit Card,Restaurant
T03940,A0059,DEBIT,36949.56,2024-09-16,Mobile Banking,Healthcare
T02138,A0042,DEBIT,117010.55,2025-02-07,ATM,Online Shopping
T03138,A0336,CREDIT,317868.79,2024-10-09,Credit Card,Online Shopping
T02413,A0058,CREDIT,370537.06,2025-02-07,ATM,Grocery
T08806,A0474,CREDIT,335840.38,2024-09-28,UPI,Grocery
T06603,A0290,DEBIT,441800.52,2024-02-22,Mobile Banking,Utilities
T01717,A0386,CREDIT,42267.82,2026-05-10,ATM,Grocery
T07201,A0062,DEBIT,80554.45,2025-09-14,UPI,Education
T03194,A0445,DEBIT,333494.98,2024-12-12,ATM,Education
T08702,A0344,CREDIT,211837.69,2024-01-16,ATM,Retail
T07734,A0176,CREDIT,331610.97,2024-01-24,ATM,Fuel
T02506,A0284,DEBIT,14177.82,2026-01-17,Mobile Banking,Education
T07452,A0074,CREDIT,211468.09,2025-02-21,Credit Card,Healthcare
T02508,A0210,CREDIT,88810.29,2024-03-21,Credit Card,Restaurant
T02275,A0499,DEBIT,444645.36,2024-03-06,Credit Card,Restaurant
T01896,A0390,CREDIT,149847.88,2025-02-16,UPI,Online Shopping
T08701,A0346,DEBIT,263961.15,2024-02-17,Net Banking,Education
T05137,A0183,DEBIT,421434.59,2024-02-23,UPI,Travel
T08924,A0003,CREDIT,281643.65,2025-02-18,Mobile Banking,Restaurant
T05039,A0067,CREDIT,280600.39,2025-06-08,UPI,Online Shopping
T02394,A0048,DEBIT,360129.9,2026-02-17,Mobile Banking,Healthcare
T00488,A0476,DEBIT,454005.98,2025-10-22,Mobile Banking,Healthcare
T08249,A0095,CREDIT,15310.74,2025-08-15,Debit Card,Restaurant
T01277,A0186,DEBIT,103255.71,2026-08-27,Mobile Banking,Healthcare
T06140,A0360,CREDIT,219131.26,2025-01-23,Debit Card,Education
T02952,A0479,DEBIT,115709.48,2024-04-24,Net Banking,Grocery
T08128,A0079,DEBIT,71758.39,2026-07-16,Net Banking,Travel
T04854,A0418,DEBIT,258310.99,2026-06-09,Net Banking,Entertainment
T07459,A0213,DEBIT,35690.75,2024-06-01,Mobile Banking,Restaurant
T01393,A0530,CREDIT,422966.68,2025-01-25,Debit Card,Retail
T06891,A0508,DEBIT,106285.7,2025-07-26,ATM,Online Shopping
T02245,A0344,DEBIT,174405.6,2024-10-15,Credit Card,Healthcare
T05771,A0234,CREDIT,123526.58,2025-07-09,Mobile Banking,Entertainment
T01324,A0503,CREDIT,451140.65,2024-10-27,ATM,Retail
T04211,A0520,CREDIT,436066.88,2026-06-24,UPI,Online Shopping
T08934,A0103,CREDIT,452290.14,2024-07-15,Net Banking,Retail
T07004,A0383,DEBIT,4985.82,2025-06-26,UPI,Restaurant
T09521,,DEBIT,28467.63,2025-10-22,Debit Card,Education
T08486,A0557,DEBIT,176669.1,2024-11-11,Credit Card,Online Shopping
T08173,A0163,DEBIT,206422.81,2024-03-13,Mobile Banking,Fuel
T08567,A0396,CREDIT,166041.99,2024-02-19,Debit Card,Entertainment
T07556,A0195,CREDIT,266167.58,2024-06-29,ATM,Education
T09349,A0022,CREDIT,397448.33,2024-11-23,Net Banking,Travel
T00377,A0516,DEBIT,151774.74,2024-08-13,Debit Card,Restaurant
T07308,A0044,CREDIT,232154.34,2026-03-10,Net Banking,Fuel
T01604,A0379,CREDIT,183168.7,2026-04-21,ATM,Fuel
T01729,A0094,DEBIT,461832.32,2024-08-28,Net Banking,Healthcare
T06268,A0547,CREDIT,209431.99,2024-04-05,Credit Card,Education
T07156,A0024,DEBIT,54413.93,2025-10-01,Mobile Banking,Utilities
T01960,A0234,DEBIT,172925.04,2025-08-25,Mobile Banking,Healthcare
T03815,A0163,DEBIT,137341.54,2025-12-26,Credit Card,Restaurant
T04838,A0360,DEBIT,404256.78,2026-03-28,Debit Card,Utilities
T00027,A0144,DEBIT,259881.36,2024-09-10,UPI,Utilities
T02820,A0412,DEBIT,14966.8,2025-02-04,ATM,Grocery
T06468,A0436,DEBIT,376799.41,2025-12-09,Net Banking,Online Shopping
T07499,A0529,DEBIT,428824.38,2024-11-09,Mobile Banking,Online Shopping
T08939,A0404,CREDIT,63409.3,2025-04-19,UPI,Utilities
T08919,A0485,DEBIT,17329.13,2024-07-10,Credit Card,Online Shopping
T02511,A0037,CREDIT,152808.83,2025-06-22,Credit Card,Online Shopping
,A0328,DEBIT,25513.02,2025-07-18,Credit Card,Utilities
T02528,A0085,CREDIT,477179.49,2026-07-24,Mobile Banking,Retail
T04870,A0123,CREDIT,299897.14,2024-09-01,Mobile Banking,Healthcare
T07208,A0022,CREDIT,371168.03,2026-08-22,Credit Card,Education
T03699,A0265,DEBIT,254384.15,2025-09-04,Credit Card,Travel
T01040,A0286,CREDIT,479532.48,2026-08-29,Credit Card,Restaurant
T06650,A0518,CREDIT,439691.79,2025-07-11,Net Banking,Healthcare
T05635,A0358,CREDIT,329539.94,2025-12-09,Net Banking,Retail
T04351,A0280,DEBIT,159108.39,2025-04-24,Credit Card,Retail
T05653,A0147,DEBIT,125274.49,2025-03-18,ATM,Healthcare
T08659,A0053,DEBIT,449070.53,2024-08-29,Credit Card,Entertainment
T07152,A0045,DEBIT,336362.86,2025-09-25,UPI,Education
T03145,A0498,DEBIT,187876.99,2026-06-20,Debit Card,Online Shopping
T01252,A0292,CREDIT,293281.52,2024-11-26,UPI,Online Shopping
T05185,A0068,CREDIT,314540.19,2024-04-23,ATM,Online Shopping
T00618,A0476,DEBIT,406765.45,2024-05-31,UPI,Restaurant
T05271,A0512,DEBIT,284997.42,2026-01-13,Debit Card,Utilities
T04910,A0106,DEBIT,7544.99,2025-12-26,Debit Card,Education
T04643,A0092,CREDIT,115632.37,2024-12-08,ATM,Restaurant
T08632,A0298,CREDIT,39178.09,2024-12-14,Debit Card,Entertainment
T06137,A0481,DEBIT,186719.08,2025-08-29,Mobile Banking,Education
T05149,A0192,CREDIT,325435.25,2024-11-22,ATM,Restaurant
T04127,A0308,DEBIT,20872.03,2026-08-23,UPI,Online Shopping
T06957,A0099,DEBIT,123737.34,2025-04-04,Net Banking,Retail
T05476,A0396,CREDIT,273468.45,2025-01-22,Net Banking,Healthcare
T04819,A0100,DEBIT,388690.96,2026-07-18,Debit Card,Entertainment
T06222,A0264,CREDIT,329963.85,2026-05-09,Net Banking,Online Shopping
T02414,A0094,CREDIT,464654.93,2026-03-08,Credit Card,Travel
T07974,A0248,DEBIT,117854.4,2026-08-31,Mobile Banking,Online Shopping
T04301,A0454,CREDIT,403204.53,2026-05-10,Credit Card,Entertainment
T03421,A0187,CREDIT,418910.51,2025-08-16,UPI,Restaurant
T05166,A0177,CREDIT,316687.14,2025-07-12,UPI,Grocery
T08150,A0463,DEBIT,372703.48,2024-05-08,ATM,Healthcare
T03578,A0450,DEBIT,367207.34,2026-04-10,UPI,Education
T00907,A0516,CREDIT,299824.13,2026-01-19,Credit Card,Retail
T03932,A0005,DEBIT,181107.67,2024-09-02,Debit Card,Online Shopping
T03544,A0017,DEBIT,73623.98,2025-08-21,UPI,Entertainment
T09391,A0559,CREDIT,385600.44,2025-07-08,Credit Card,Utilities
T00707,A0467,DEBIT,374119.32,2024-04-28,Mobile Banking,Travel
T05501,A0060,DEBIT,5496.33,2025-05-09,ATM,Education
T07830,A0181,CREDIT,336676.55,2025-05-11,Net Banking,Online Shopping
T06958,A0360,DEBIT,277278.28,2025-07-20,UPI,Entertainment
T04615,A0064,DEBIT,420297.12,2026-06-19,ATM,Healthcare
T05929,A0492,CREDIT,406242.65,2025-02-21,Mobile Banking,Utilities
T04564,A0008,CREDIT,56211.77,2026-08-10,Mobile Banking,Online Shopping
T08572,A0445,DEBIT,72618.83,2024-03-01,Mobile Banking,Healthcare
T07046,A0494,DEBIT,444609.03,2025-01-05,Net Banking,Grocery
T09136,A0431,CREDIT,409031.74,2024-04-22,Mobile Banking,Restaurant
T02354,A0182,CREDIT,441018.86,2025-05-28,Net Banking,Healthcare
T07263,A0567,DEBIT,163919.26,2025-10-19,Credit Card,Retail
T08529,A0117,CREDIT,473125.67,2026-07-07,UPI,Grocery
T05402,A0094,DEBIT,7345.3,2024-02-24,Mobile Banking,Entertainment
T09277,A0420,CREDIT,182737.12,2026-04-29,Net Banking,Utilities
T02099,A0120,CREDIT,192074.64,2025-03-30,ATM,Grocery
T05096,A0237,DEBIT,354553.48,2026-03-23,Credit Card,Fuel
T05815,A0229,CREDIT,255263.31,2025-12-14,UPI,Healthcare
T08041,A0116,CREDIT,380243.58,2026-04-15,UPI,Grocery
T00638,A0035,CREDIT,446656.18,2025-01-03,Credit Card,Fuel
T09534,,DEBIT,18829.74,2026-06-03,Debit Card,Education
T05172,A0108,CREDIT,498156.17,2025-05-30,Credit Card,Grocery
T07376,A0287,DEBIT,1129.7,2025-10-27,Mobile Banking,Healthcare
T06303,A0271,CREDIT,119980.07,2026-08-25,UPI,Grocery
T02077,A0029,CREDIT,333246.89,2026-04-29,UPI,Retail
T03984,A0135,DEBIT,282973.56,2026-03-06,Credit Card,Grocery
T09159,A0385,DEBIT,55218.39,2025-08-12,UPI,Entertainment
T01438,A0023,DEBIT,241749.64,2024-12-02,Net Banking,Restaurant
T06019,A0253,CREDIT,15422.32,2024-08-10,ATM,Travel
T07970,A0238,DEBIT,483924.41,2024-05-27,UPI,Travel
T03966,A0449,CREDIT,494179.16,2024-05-06,ATM,Education
T08596,A0178,CREDIT,176050.75,2025-05-16,ATM,Restaurant
T01431,A0156,DEBIT,273573.28,2024-09-18,ATM,Retail
T02352,A0064,CREDIT,225605.82,2025-06-30,Mobile Banking,Healthcare
T08191,A0057,CREDIT,256865.65,2024-05-15,Debit Card,Healthcare
T02545,A0523,DEBIT,135282.47,2026-08-25,UPI,Education
T04121,A0500,DEBIT,385684.93,2025-05-12,Mobile Banking,Fuel
T05996,A0217,CREDIT,142776.23,2025-08-11,Net Banking,Utilities
T01060,A0044,CREDIT,295212.48,2026-03-23,Mobile Banking,Online Shopping
T00796,A0555,CREDIT,38830.32,2024-06-05,UPI,Travel
T00911,A0246,CREDIT,236137.23,2025-12-30,ATM,Utilities
T02444,A0400,DEBIT,368087.67,2025-06-10,Net Banking,Restaurant
T02424,A0115,DEBIT,59629.34,2025-08-17,Debit Card,Fuel
T08885,A0436,DEBIT,202800.83,2024-12-05,Net Banking,Education
T04457,A0442,DEBIT,373080.81,2024-07-31,ATM,Grocery
T08371,A0144,DEBIT,46981.82,2024-10-06,ATM,Retail
T06217,A0285,CREDIT,191389.01,2026-08-24,UPI,Restaurant
T08000,A0450,DEBIT,423001.02,2026-02-12,Credit Card,Education
T03035,A0008,CREDIT,193268.77,2025-04-02,Debit Card,Education
T04770,A0125,CREDIT,402654.17,2024-03-24,Debit Card,Restaurant
T05488,A0185,CREDIT,3051.34,2024-06-05,ATM,Fuel
T09000,A0154,DEBIT,383953.5,2026-08-19,ATM,Restaurant
T01089,A0357,CREDIT,232696.69,2025-08-11,UPI,Entertainment
T07212,A0027,DEBIT,424344.13,2024-01-03,UPI,Grocery
T03260,A0456,CREDIT,438486.7,2024-01-04,Mobile Banking,Healthcare
T07877,A0276,CREDIT,443695.57,2024-09-14,ATM,Restaurant
T03188,A0343,CREDIT,498639.68,2025-02-17,Debit Card,Utilities
T08957,A0539,CREDIT,324284.19,2025-05-30,Credit Card,Utilities
T06488,A0162,DEBIT,408471.59,2024-01-24,ATM,Healthcare
T03077,A0478,DEBIT,290504.39,2025-12-21,Debit Card,Online Shopping
T03787,A0270,DEBIT,477314.21,2025-02-12,Mobile Banking,Fuel
T08375,A0428,CREDIT,496913.29,2025-07-06,Debit Card,Fuel
T01086,A0554,DEBIT,38612.52,2025-12-10,ATM,Utilities
T06584,A0415,CREDIT,30507.98,2024-08-09,Credit Card,Online Shopping
T00592,A0159,CREDIT,356627.23,2024-05-26,Mobile Banking,Travel
T06473,A0120,CREDIT,314212.52,2026-05-16,Mobile Banking,Healthcare
T07486,A0115,CREDIT,196504.01,2025-10-24,Credit Card,Utilities
T00182,A0449,CREDIT,235446.79,2024-10-12,ATM,Grocery
T01450,A0154,DEBIT,246374.97,2024-04-04,Mobile Banking,Grocery
T02055,A0446,CREDIT,372691.43,2025-04-03,ATM,Fuel
T01381,A0396,DEBIT,106772.57,2024-04-12,UPI,Healthcare
T00201,A0392,CREDIT,251759.68,2025-12-22,UPI,Travel
T07572,A0409,CREDIT,263550.03,2026-07-15,ATM,Restaurant
,A0198,CREDIT,22318.09,2025-03-16,UPI,Grocery
T06169,A0249,DEBIT,390715.6,2026-04-27,ATM,Entertainment
T09420,A0161,DEBIT,101759.96,2025-10-16,Debit Card,Online Shopping
T06809,A0464,CREDIT,363438.94,2024-03-30,UPI,Utilities
T06226,A0320,CREDIT,408394.42,2025-11-17,Credit Card,Retail
T00207,A0340,DEBIT,121200.27,2025-07-06,UPI,Travel
T00496,A0130,CREDIT,315757.39,2026-03-14,Credit Card,Restaurant
T05060,A0205,CREDIT,348544.44,2026-07-02,Debit Card,Healthcare
T00608,A0210,CREDIT,281068.42,2025-05-22,ATM,Travel
T04980,A0095,DEBIT,335367.87,2025-11-04,UPI,Utilities
T04533,A0422,DEBIT,219543.96,2025-06-15,Debit Card,Healthcare
T04479,A0099,CREDIT,305168.17,2025-12-27,ATM,Online Shopping
T02519,A0473,CREDIT,94834.33,2026-03-08,UPI,Entertainment
T06948,A0423,CREDIT,19106.75,2026-03-13,Net Banking,Retail
T01569,A0198,CREDIT,411174.78,2024-08-27,Mobile Banking,Retail
T09841,A0375,DEBIT,2518.66,bad-date,Mobile Banking,Grocery
T07826,A0211,DEBIT,206835.39,2026-04-26,ATM,Travel
T01622,A0526,CREDIT,386041.24,2026-01-18,UPI,Utilities
T08613,A0193,CREDIT,17645.24,2026-06-18,Debit Card,Entertainment
T01707,A0526,CREDIT,457593.75,2024-03-17,UPI,Grocery
T07327,A0296,DEBIT,193230.77,2026-07-08,UPI,Education
T08871,A0513,CREDIT,30025.99,2024-03-25,Mobile Banking,Restaurant
T03154,A0539,DEBIT,294863.75,2024-11-20,ATM,Online Shopping
T02819,A0269,DEBIT,382520.62,2026-02-22,UPI,Education
T03360,A0141,DEBIT,58197.08,2025-06-16,Debit Card,Retail
T02934,A0151,CREDIT,156838.37,2025-09-07,Credit Card,Retail
T08123,A0122,CREDIT,41872.03,2026-07-15,ATM,Utilities
T01433,A0068,CREDIT,234206.48,2024-06-18,Mobile Banking,Entertainment
T03620,A0350,DEBIT,451912.3,2026-04-20,ATM,Fuel
T01892,A0463,DEBIT,261020.95,2026-01-25,ATM,Fuel
T06358,A0177,DEBIT,38574.68,2026-08-20,Mobile Banking,Online Shopping
T02972,A0271,DEBIT,106975.7,2025-11-27,Debit Card,Entertainment
,A0031,CREDIT,22681.36,2023-08-03,Debit Card,Online Shopping
T00575,A0312,DEBIT,226362.91,2026-01-22,Debit Card,Education
T07659,A0151,CREDIT,378198.08,2024-04-01,Net Banking,Grocery
T04786,A0224,DEBIT,277832.22,2024-11-13,Credit Card,Entertainment
T06178,A0381,DEBIT,282104.51,2025-04-04,ATM,Utilities
T04001,A0344,DEBIT,488913.84,2024-06-06,ATM,Grocery
T03631,A0410,DEBIT,387607.52,2025-09-28,UPI,Fuel
T00740,A0009,CREDIT,68523.65,2025-01-20,ATM,Travel
T01760,A0017,DEBIT,476370.03,2024-06-02,Mobile Banking,Online Shopping
T06100,A0226,DEBIT,180829.4,2024-05-12,Mobile Banking,Education
T02776,A0229,CREDIT,102872.44,2026-06-07,ATM,Healthcare
T04028,A0129,DEBIT,130923.36,2024-06-06,UPI,Travel
T01230,A0297,CREDIT,117652.69,2026-08-23,Credit Card,Travel
T03047,A0068,DEBIT,298228.69,2026-06-07,Net Banking,Entertainment
T08708,A0249,DEBIT,368014.03,2024-06-02,ATM,Travel
T02179,A0115,DEBIT,455522.27,2025-10-23,UPI,Utilities
T06907,A0277,CREDIT,20510.96,2023-08-15,ATM,Online Shopping
T07733,A0565,DEBIT,70861.22,2026-03-06,Net Banking,Entertainment
T02942,A0076,DEBIT,8320.3,2025-01-17,Credit Card,Education
T08694,A0290,CREDIT,428568.02,2024-12-26,UPI,Restaurant
T04310,A0055,CREDIT,69913.08,2024-05-11,ATM,Restaurant
T07811,A0543,DEBIT,477713.99,2026-07-16,Net Banking,Education
T08972,A0445,DEBIT,5441.56,2025-01-03,Credit Card,Healthcare
T02119,A0056,CREDIT,275644.8,2025-09-21,Debit Card,Education
T03905,A0526,DEBIT,390183.45,2025-07-03,Debit Card,Entertainment
T04826,A0373,DEBIT,283850.15,2025-03-25,ATM,Restaurant
T05378,A0514,DEBIT,171634.76,2025-05-25,Debit Card,Utilities
T02635,A0361,DEBIT,433579.08,2025-05-27,UPI,Retail
T07595,A0166,DEBIT,340626.77,2026-02-01,Credit Card,Entertainment
T01663,A0431,DEBIT,434803.04,2025-11-03,Debit Card,Education
T08584,A0330,CREDIT,298283.8,2025-09-29,Credit Card,Entertainment
T05063,A0379,CREDIT,339154.09,2024-08-05,Mobile Banking,Online Shopping
T02258,A0251,CREDIT,21551.08,2024-10-11,Net Banking,Healthcare
T07320,A0014,CREDIT,52060.38,2025-12-12,Mobile Banking,Education
T03220,A0117,DEBIT,388057.72,2024-09-09,Net Banking,Fuel
T07103,A0478,DEBIT,93210.21,2024-02-24,Credit Card,Grocery
T05278,A0284,CREDIT,139154.66,2026-08-03,Credit Card,Utilities
T09200,A0414,DEBIT,348566.29,2024-08-13,Debit Card,Healthcare
T07269,A0131,DEBIT,181217.7,2024-10-20,Net Banking,Education
T05175,A0522,CREDIT,121802.77,2025-03-03,Debit Card,Education
T00438,A0050,DEBIT,46696.15,2024-11-12,UPI,Utilities
T09678,A0389,DEBIT,-9715.88,2024-12-03,Net Banking,Utilities
T04107,A0220,CREDIT,101178.72,2026-03-23,Debit Card,Travel
T00261,A0093,DEBIT,435983.11,2026-08-12,Net Banking,Fuel
T01423,A0062,CREDIT,254802.4,2025-10-07,Net Banking,Utilities
T01472,A0185,DEBIT,19320.7,2024-01-10,Mobile Banking,Utilities
T04214,A0342,DEBIT,351270.01,2025-08-31,Mobile Banking,Retail
T00051,A0047,DEBIT,431000.97,2024-01-24,Debit Card,Healthcare
T07823,A0376,DEBIT,146947.65,2025-08-24,Mobile Banking,Retail
T08102,A0045,DEBIT,148831.35,2024-03-11,Net Banking,Entertainment
T06749,A0308,DEBIT,138627.65,2024-04-20,Mobile Banking,Fuel
T03713,A0205,DEBIT,44224.61,2024-11-20,Credit Card,Travel
T05009,A0236,CREDIT,8447.33,2026-06-04,Debit Card,Restaurant
T09468,A0257,CREDIT,339447.51,2024-07-05,Net Banking,Online Shopping
T02271,A0020,DEBIT,116072.15,2025-04-06,Mobile Banking,Fuel
T06870,A0499,DEBIT,134987.63,2024-10-22,Debit Card,Online Shopping
T06328,A0287,CREDIT,135690.18,2025-12-06,ATM,Restaurant
T02609,A0515,CREDIT,362035.43,2025-06-24,Net Banking,Restaurant
T04930,A0509,CREDIT,28035.49,2024-10-16,Debit Card,Utilities
T01503,A0469,DEBIT,161174.78,2025-01-12,ATM,Retail
T06176,A0434,DEBIT,81025.42,2025-07-02,Credit Card,Healthcare
T07643,A0484,DEBIT,487574.15,2025-09-12,ATM,Online Shopping
T01507,A0120,CREDIT,236767.56,2025-07-20,Net Banking,Utilities
T01560,A0224,DEBIT,48518.41,2024-09-19,UPI,Fuel
T09107,A0005,CREDIT,85606.34,2024-02-06,Net Banking,Grocery
T00809,A0384,CREDIT,466602.9,2024-01-11,ATM,Entertainment
T09120,A0120,DEBIT,42223.24,2024-07-10,ATM,Education
T08440,A0288,CREDIT,334349.73,2024-06-10,Debit Card,Grocery
T05968,A0372,CREDIT,433012.96,2024-07-24,Credit Card,Education
T05297,A0349,CREDIT,446872.36,2026-02-24,ATM,Entertainment
T09520,,CREDIT,37305.75,2025-12-17,ATM,Travel
T03754,A0319,CREDIT,273911.05,2026-01-03,UPI,Retail
T08048,A0510,DEBIT,62296.68,2024-01-12,ATM,Travel
T01811,A0527,DEBIT,92409.64,2025-10-14,Net Banking,Healthcare
T00992,A0554,DEBIT,477334.83,2024-12-01,Debit Card,Travel
T06532,A0032,CREDIT,359666.06,2025-06-07,Debit Card,Utilities
T06220,A0268,DEBIT,484276.06,2025-11-29,Mobile Banking,Education
T02224,A0082,CREDIT,66012.62,2025-10-29,Credit Card,Retail
T01830,A0538,CREDIT,460972.3,2026-05-30,UPI,Fuel
T00179,A0391,DEBIT,373004.12,2026-05-26,ATM,Healthcare
T02661,A0433,DEBIT,234335.05,2024-02-07,Debit Card,Online Shopping
T00579,A0152,DEBIT,428147.14,2025-11-06,ATM,Utilities
T09248,A0271,DEBIT,369920.32,2026-08-31,Mobile Banking,Grocery
T02990,A0301,CREDIT,106287.67,2024-10-31,Credit Card,Online Shopping
T03351,A0142,DEBIT,3006.2,2025-02-27,Net Banking,Grocery
T00578,A0496,CREDIT,135041.73,2025-06-15,Mobile Banking,Retail
T00291,A0306,CREDIT,49810.68,2024-03-06,Mobile Banking,Education
T02504,A0246,CREDIT,29842.67,2025-05-09,Mobile Banking,Fuel
T06771,A0318,DEBIT,125622.81,2025-09-15,Debit Card,Online Shopping
T04610,A0248,CREDIT,305932.64,2026-01-02,UPI,Entertainment
T06042,A0445,CREDIT,358817.9,2026-02-03,UPI,Travel
T03804,A0570,DEBIT,432279.28,2026-02-16,Net Banking,Healthcare
T09523,,DEBIT,14200.67,2025-11-27,Mobile Banking,Restaurant
T08988,A0168,DEBIT,422847.1,2026-04-09,Credit Card,Education
T08951,A0426,CREDIT,36217.15,2024-08-27,ATM,Entertainment
T06022,A0482,DEBIT,322985.23,2024-05-19,UPI,Online Shopping
T02916,A0252,CREDIT,358440.56,2024-11-22,Debit Card,Online Shopping
T07982,A0145,CREDIT,223346.99,2024-02-28,Debit Card,Online Shopping
T09380,A0378,CREDIT,21663.58,2025-03-04,Credit Card,Restaurant
T05187,A0311,CREDIT,23757.83,2025-04-28,ATM,Grocery
T08427,A0535,CREDIT,172814.39,2024-05-05,Credit Card,Travel
T04619,A0181,CREDIT,168575.59,2025-08-16,ATM,Online Shopping
T04018,A0492,CREDIT,440946.06,2024-09-21,Debit Card,Travel
T07839,A0222,CREDIT,498540.57,2024-10-16,UPI,Education
T08644,A0280,CREDIT,485140.98,2025-12-05,Credit Card,Travel
T09203,A0114,DEBIT,75141.05,2025-12-21,Net Banking,Healthcare
T04578,A0350,CREDIT,441777.38,2026-01-16,UPI,Education
T03772,A0136,CREDIT,332110.49,2024-05-17,Mobile Banking,Online Shopping
T03265,A0570,CREDIT,142025.86,2025-07-02,Debit Card,Entertainment
T04996,A0113,DEBIT,499171.43,2024-09-01,ATM,Retail
T05898,A0261,DEBIT,417900.18,2024-11-07,Credit Card,Utilities
T00893,A0499,DEBIT,41637.69,2026-02-04,Net Banking,Utilities
T04415,A0028,CREDIT,76680.28,2024-10-12,Net Banking,Restaurant
T08707,A0037,DEBIT,76309.84,2024-07-20,UPI,Travel
T00731,A0566,CREDIT,13772.33,2026-07-13,UPI,Education
T04808,A0473,DEBIT,259881.41,2025-05-02,Credit Card,Utilities
T02299,A0520,CREDIT,473582.44,2025-05-12,ATM,Travel
T08357,A0533,CREDIT,493126.85,2024-02-26,UPI,Travel
T02948,A0124,CREDIT,429804.6,2025-08-23,UPI,Fuel
T01082,A0149,CREDIT,148466.89,2024-01-22,Net Banking,Entertainment
T03689,A0552,DEBIT,435659.52,2025-05-17,Credit Card,Grocery
T03503,A0180,DEBIT,200506.43,2024-06-18,Mobile Banking,Retail
T00533,A0473,DEBIT,65615.92,2025-02-16,UPI,Education
T05251,A0176,CREDIT,168098.02,2026-08-06,Credit Card,Utilities
T07104,A0371,DEBIT,136419.92,2026-01-13,ATM,Entertainment
T01449,A0085,CREDIT,41139.22,2026-03-26,Mobile Banking,Retail
T09057,A0283,DEBIT,137425.56,2025-08-20,UPI,Utilities
T03276,A0523,CREDIT,464924.47,2024-09-25,Debit Card,Entertainment
T09798,A0035,DEBIT,18277.12,2025-02-07,Telegram,Grocery
T07043,A0423,DEBIT,322243.6,2026-06-28,Credit Card,Healthcare
T06318,A0318,DEBIT,327361.57,2025-07-09,Debit Card,Entertainment
T08305,A0501,DEBIT,460148.15,2024-05-04,Mobile Banking,Restaurant
T00178,A0028,CREDIT,319469.43,2025-11-22,Mobile Banking,Entertainment
T07421,A0057,CREDIT,242628.69,2024-07-11,UPI,Utilities
T08617,A0007,CREDIT,439433.2,2024-12-03,Credit Card,Restaurant
T01542,A0543,CREDIT,293283.58,2024-12-22,Debit Card,Travel
T08184,A0195,CREDIT,375235.41,2026-08-30,Mobile Banking,Entertainment
T07310,A0073,CREDIT,236655.65,2024-06-14,Net Banking,Restaurant
T00551,A0541,DEBIT,380267.93,2024-11-15,Mobile Banking,Entertainment
T00428,A0568,DEBIT,459583.2,2025-05-28,Debit Card,Travel
T03133,A0321,DEBIT,457643.78,2024-10-11,ATM,Retail
T07722,A0518,CREDIT,375008.47,2024-09-27,Mobile Banking,Fuel
T07476,A0454,CREDIT,38779.34,2023-06-11,Mobile Banking,Retail
T03554,A0135,DEBIT,371226.39,2025-06-17,ATM,Education
T00667,A0455,DEBIT,470719.35,2026-03-09,Net Banking,Restaurant
T01926,A0082,DEBIT,135507.95,2025-06-13,UPI,Travel
T09271,A0190,CREDIT,356154.57,2024-06-17,Mobile Banking,Restaurant
T00768,A0320,DEBIT,212633.84,2026-01-31,UPI,Restaurant
T01220,A0420,DEBIT,439999.33,2024-11-28,Credit Card,Entertainment
T02549,A0015,DEBIT,451340.92,2024-01-02,ATM,Travel
T01210,A0078,CREDIT,93605.32,2024-11-25,ATM,Grocery
T03468,A0492,DEBIT,76231.73,2024-11-26,Net Banking,Entertainment
T09270,A0533,CREDIT,11998.02,2025-08-02,Mobile Banking,Grocery
T03162,A0562,CREDIT,274441.45,2024-04-09,UPI,Fuel
T03638,A0012,CREDIT,152884.39,2025-10-28,ATM,Grocery
T03051,A0363,DEBIT,375920.86,2025-05-18,Debit Card,Education
T06821,A0160,DEBIT,279906.36,2026-06-26,UPI,Online Shopping
T03147,A0003,CREDIT,371501.26,2024-12-08,Debit Card,Online Shopping
T04846,A0287,CREDIT,386448.84,2025-05-08,Net Banking,Retail
T05513,A0139,CREDIT,89841.24,2024-04-08,Debit Card,Travel
T05879,A0258,CREDIT,14878.39,2025-12-28,Debit Card,Utilities
T04276,A0090,DEBIT,381.12,2025-08-06,Debit Card,Education
T00655,A0442,DEBIT,151778.83,2026-05-20,ATM,Retail
T03116,A0180,DEBIT,45326.07,2026-05-25,Mobile Banking,Utilities
T07367,A0357,DEBIT,54645.66,2026-01-24,ATM,Restaurant
T09597,A9999,DEBIT,35125.66,2026-02-27,Credit Card,Grocery
T05296,A0198,DEBIT,470676.61,2026-01-29,Debit Card,Education
T06125,A0499,DEBIT,118197.81,2025-02-23,Credit Card,Retail
T00883,A0384,DEBIT,107683.11,2026-08-15,Credit Card,Restaurant
T08767,A0288,DEBIT,448401.6,2024-02-27,Debit Card,Utilities
T06804,A0521,CREDIT,128057.0,2024-08-09,Credit Card,Utilities
T02037,A0430,CREDIT,194804.09,2026-08-14,Net Banking,Utilities
T05078,A0033,CREDIT,449975.8,2025-04-15,ATM,Retail
T03234,A0099,DEBIT,418682.98,2026-08-08,Net Banking,Online Shopping
T07161,A0063,CREDIT,389835.5,2026-01-18,ATM,Online Shopping
T06731,A0235,DEBIT,339305.49,2024-12-25,Credit Card,Utilities
T06931,A0109,CREDIT,70308.27,2024-06-22,UPI,Online Shopping
T00338,A0160,DEBIT,113125.01,2025-02-08,Debit Card,Restaurant
T09699,A0250,CREDIT,-7079.86,2025-10-19,UPI,Retail
T05020,A0003,DEBIT,59847.04,2026-02-28,Debit Card,Travel
T03074,A0028,CREDIT,441963.34,2024-08-21,Credit Card,Fuel
T08469,A0317,DEBIT,383417.91,2024-07-13,Net Banking,Fuel
T06466,A0103,DEBIT,61397.39,2024-05-09,Net Banking,Fuel
T09517,,DEBIT,22173.72,2023-04-19,Debit Card,Grocery
T08383,A0033,DEBIT,288531.2,2024-02-13,Debit Card,Retail
T04714,A0032,DEBIT,81722.33,2024-03-07,ATM,Retail
T00675,A0020,DEBIT,192393.16,2024-02-15,ATM,Travel
T04884,A0252,CREDIT,214068.52,2026-02-01,Net Banking,Utilities
T05667,A0031,DEBIT,36367.9,2025-01-14,ATM,Restaurant
T04405,A0269,DEBIT,39353.47,2024-07-06,Credit Card,Utilities
T09713,A0095,TRANSFER,20677.9,2025-06-18,ATM,Grocery
T02019,A0535,CREDIT,190132.2,2024-11-05,UPI,Education
T01682,A0490,CREDIT,588.99,2025-11-14,Net Banking,Healthcare
T02533,A0025,CREDIT,135247.16,2024-12-19,Mobile Banking,Utilities
T00582,A0281,DEBIT,493667.1,2026-06-16,Net Banking,Grocery
T04902,A0278,DEBIT,319078.57,2024-12-01,ATM,Education
T03686,A0183,DEBIT,36143.29,2026-05-01,Mobile Banking,Education
T06240,A0159,DEBIT,62774.57,2025-04-02,Mobile Banking,Healthcare
T04009,A0489,DEBIT,252809.88,2025-08-30,UPI,Utilities
T09816,A0156,CREDIT,3869.04,bad-date,ATM,Travel
T03297,A0145,DEBIT,87137.04,2024-11-04,Net Banking,Retail
T03937,A0526,DEBIT,283174.06,2024-01-13,ATM,Utilities
T00337,A0542,CREDIT,205418.45,2026-07-24,Credit Card,Retail
T08898,A0246,CREDIT,213134.99,2024-09-19,Net Banking,Restaurant
T02907,A0424,DEBIT,38200.55,2026-02-14,Net Banking,Online Shopping
T09536,,DEBIT,36150.7,2023-09-08,Credit Card,Healthcare
T02040,A0183,DEBIT,442965.7,2024-04-21,Mobile Banking,Online Shopping
T00867,A0374,CREDIT,392768.81,2025-03-10,Net Banking,Healthcare
T08035,A0559,DEBIT,160336.85,2025-08-06,UPI,Entertainment
T09036,A0467,CREDIT,133071.73,2025-06-01,Net Banking,Healthcare
T08407,A0556,DEBIT,300566.13,2025-06-07,Credit Card,Restaurant
T05938,A0492,CREDIT,218965.49,2024-06-08,Credit Card,Fuel
T07501,A0197,DEBIT,353875.79,2026-04-20,UPI,Grocery
T02987,A0048,CREDIT,119225.41,2024-07-05,UPI,Fuel
T09539,,DEBIT,38334.28,2024-03-17,Net Banking,Travel
T05046,A0519,CREDIT,440482.55,2024-04-12,UPI,Fuel
T04530,A0170,CREDIT,214239.94,2025-07-09,Net Banking,Travel
T03886,A0505,DEBIT,487792.78,2024-08-20,Credit Card,Healthcare
T08578,A0161,DEBIT,462111.9,2026-06-25,ATM,Healthcare
T05824,A0448,CREDIT,46280.02,2024-05-31,Mobile Banking,Utilities
T00889,A0431,DEBIT,270774.82,2025-05-02,Net Banking,Retail
T05126,A0027,CREDIT,49277.13,2024-03-04,Net Banking,Utilities
T03858,A0259,DEBIT,227481.59,2024-08-22,Debit Card,Fuel
T06495,A0342,CREDIT,427279.48,2025-12-04,Credit Card,Grocery
T05802,A0386,CREDIT,344106.49,2026-05-24,ATM,Education
T01009,A0374,CREDIT,393299.74,2024-01-31,Credit Card,Travel
T09518,,DEBIT,41291.69,2025-07-08,Net Banking,Retail
T09705,A0102,DEBIT,-543.69,2023-02-02,Net Banking,Travel
T07768,A0265,DEBIT,139618.81,2024-03-02,ATM,Entertainment
T04166,A0311,DEBIT,492464.97,2026-08-05,Debit Card,Utilities
T00753,A0422,DEBIT,404534.37,2025-03-11,Credit Card,Restaurant
T09085,A0536,DEBIT,426651.95,2024-10-18,Mobile Banking,Entertainment
T09381,A0305,DEBIT,345857.14,2026-03-19,Net Banking,Education
T08873,A0454,DEBIT,407789.06,2024-12-06,Debit Card,Entertainment
T06373,A0467,CREDIT,308844.99,2025-09-23,Debit Card,Grocery
T09017,A0538,CREDIT,96151.55,2026-01-18,ATM,Entertainment
T05254,A0367,CREDIT,140321.33,2025-12-19,Credit Card,Entertainment
T00111,A0299,DEBIT,485138.5,2025-06-14,Net Banking,Grocery
T05689,A0268,DEBIT,465560.04,2025-06-07,ATM,Utilities
T09836,A0514,DEBIT,16222.6,bad-date,Net Banking,Education
T05445,A0321,DEBIT,102086.09,2026-02-13,UPI,Education
T04724,A0017,DEBIT,310186.99,2025-04-10,Mobile Banking,Entertainment
T05567,A0080,CREDIT,233647.58,2024-09-28,Net Banking,Restaurant
T03311,A0406,CREDIT,493102.62,2026-04-19,Debit Card,Retail
T08553,A0105,DEBIT,291479.09,2024-04-11,Debit Card,Fuel
T00017,A0151,DEBIT,223149.91,2024-07-29,Net Banking,Fuel
T00275,A0164,CREDIT,274016.66,2024-12-11,Credit Card,Entertainment
T05825,A0062,DEBIT,86392.28,2025-07-06,Credit Card,Education
T05348,A0309,CREDIT,369552.77,2024-09-18,Debit Card,Education
T01654,A0112,DEBIT,313226.51,2025-05-11,Credit Card,Education
T00799,A0284,DEBIT,104732.42,2024-01-03,ATM,Travel
T07960,A0545,CREDIT,46101.89,2025-01-27,Mobile Banking,Retail
T05439,A0413,DEBIT,275809.27,2024-05-03,Credit Card,Grocery
T08141,A0534,CREDIT,371993.82,2024-07-29,Mobile Banking,Online Shopping
T04067,A0125,DEBIT,216178.12,2024-08-24,ATM,Education
T03148,A0214,DEBIT,389765.83,2026-08-05,Mobile Banking,Restaurant
T06254,A0123,CREDIT,250416.49,2026-05-06,Mobile Banking,Fuel
T09395,A0553,DEBIT,105411.13,2025-08-14,UPI,Retail
T05944,A0148,DEBIT,156074.19,2026-08-31,UPI,Healthcare
T02527,A0016,CREDIT,171226.38,2024-08-07,Net Banking,Restaurant
T04920,A0255,DEBIT,298107.94,2025-09-22,UPI,Retail
T04890,A0134,DEBIT,190610.59,2024-08-12,UPI,Fuel
T01948,A0165,CREDIT,59295.3,2024-06-04,Debit Card,Grocery
T04312,A0035,CREDIT,355209.54,2024-11-17,Debit Card,Utilities
T06983,A0233,CREDIT,358026.72,2024-08-11,ATM,Restaurant
T00534,A0541,CREDIT,168761.2,2024-01-17,UPI,Entertainment
T06626,A0209,DEBIT,102671.07,2026-05-15,Debit Card,Fuel
T04820,A0019,DEBIT,419638.9,2026-03-30,Mobile Banking,Fuel
T08400,A0200,CREDIT,246377.87,2026-01-08,Mobile Banking,Entertainment
T09255,A0195,CREDIT,258546.95,2025-12-01,Net Banking,Online Shopping
T03855,A0499,DEBIT,473309.82,2025-12-11,ATM,Restaurant
T04701,A0054,CREDIT,239052.44,2025-11-23,UPI,Entertainment
T02084,A0383,DEBIT,73339.31,2025-01-05,Credit Card,Online Shopping
T08079,A0444,DEBIT,359545.24,2025-10-13,Debit Card,Travel
T03931,A0516,DEBIT,96142.85,2026-05-09,Net Banking,Online Shopping
T04734,A0379,DEBIT,78784.92,2025-05-24,Mobile Banking,Entertainment
T00886,A0425,CREDIT,137456.85,2025-04-18,Net Banking,Utilities
T06898,A0452,DEBIT,193885.51,2024-08-10,UPI,Grocery
T04066,A0342,DEBIT,429174.92,2024-11-17,Debit Card,Entertainment
T04777,A0310,CREDIT,147316.96,2025-09-06,Net Banking,Entertainment
T01727,A0525,CREDIT,323670.65,2024-10-17,Debit Card,Entertainment
T04428,A0306,DEBIT,311329.19,2025-06-06,Debit Card,Education
T05160,A0027,DEBIT,248992.32,2024-12-16,UPI,Travel
T01965,A0313,DEBIT,142674.95,2025-04-23,Debit Card,Grocery
T05580,A0094,CREDIT,125571.93,2024-11-03,ATM,Entertainment
T09546,,DEBIT,26953.84,2026-01-20,UPI,Entertainment
T05217,A0264,DEBIT,74552.55,2025-03-19,ATM,Restaurant
T04045,A0148,CREDIT,367380.21,2025-03-29,Debit Card,Restaurant
T05223,A0138,DEBIT,420069.71,2025-11-06,Credit Card,Education
T05259,A0469,DEBIT,403133.09,2026-04-01,ATM,Entertainment
T01651,A0551,DEBIT,26773.44,2024-03-04,Debit Card,Retail
T09233,A0315,DEBIT,264449.47,2025-07-11,UPI,Entertainment
T03423,A0490,CREDIT,210724.58,2026-02-19,UPI,Utilities
T05896,A0043,DEBIT,94184.19,2025-09-06,Net Banking,Entertainment
T08422,A0262,DEBIT,262856.4,2026-05-15,Mobile Banking,Education
T08149,A0163,CREDIT,220540.0,2024-09-18,Credit Card,Healthcare
T04163,A0025,CREDIT,460964.63,2024-10-01,Debit Card,Restaurant
,A0505,CREDIT,35775.17,2024-11-15,Net Banking,Travel
T07285,A0173,CREDIT,275113.18,2025-01-29,Debit Card,Healthcare
T08211,A0258,CREDIT,209523.24,2024-09-07,Debit Card,Grocery
T01126,A0551,CREDIT,411890.69,2025-12-01,Credit Card,Education
T06393,A0215,DEBIT,33896.37,2024-04-19,Net Banking,Travel
T03473,A0361,DEBIT,175524.34,2024-04-05,Net Banking,Education
T01632,A0086,DEBIT,379223.34,2024-12-01,Credit Card,Online Shopping
T08078,A0275,CREDIT,228584.95,2026-03-04,Mobile Banking,Healthcare
T05168,A0236,DEBIT,472272.53,2024-11-10,Mobile Banking,Entertainment
T03702,A0049,DEBIT,441409.38,2026-05-08,UPI,Entertainment
T07487,A0011,DEBIT,476893.25,2026-06-13,Credit Card,Grocery
T00647,A0248,DEBIT,199669.91,2024-02-28,Net Banking,Online Shopping
T03407,A0009,DEBIT,382786.31,2024-08-17,Net Banking,Grocery
T02443,A0420,DEBIT,452310.59,2024-06-23,Mobile Banking,Restaurant
T07306,A0420,CREDIT,136009.76,2025-08-22,Net Banking,Retail
T03924,A0103,CREDIT,198613.31,2025-07-11,ATM,Fuel
,A0536,DEBIT,23431.29,2025-01-20,Mobile Banking,Healthcare
T04732,A0009,CREDIT,154289.91,2025-06-18,ATM,Restaurant
T03458,A0107,DEBIT,406166.01,2025-03-13,Credit Card,Online Shopping
T07777,A0124,CREDIT,395590.91,2024-10-10,Mobile Banking,Utilities
T08697,A0408,CREDIT,409581.89,2025-06-11,ATM,Grocery
T07464,A0563,DEBIT,30963.0,2025-03-24,Mobile Banking,Healthcare
T07590,A0399,CREDIT,134634.83,2024-09-16,Credit Card,Restaurant
T05890,A0297,CREDIT,108592.51,2026-01-28,UPI,Healthcare
T01387,A0362,DEBIT,137143.47,2026-01-02,Debit Card,Travel
T09639,A9999,DEBIT,5753.78,2023-12-09,UPI,Online Shopping
T02252,A0431,CREDIT,302758.83,2025-05-03,Mobile Banking,Travel
T08817,A0400,CREDIT,156048.79,2025-06-29,Credit Card,Travel
T03071,A0349,DEBIT,207218.3,2025-07-15,Net Banking,Retail
T02852,A0200,DEBIT,140377.46,2024-08-11,Debit Card,Fuel
T04191,A0527,CREDIT,69743.6,2024-03-30,ATM,Retail
T09196,A0053,CREDIT,162215.29,2026-07-28,Mobile Banking,Travel
T04925,A0338,DEBIT,293103.07,2024-12-17,UPI,Grocery
T09331,A0327,DEBIT,199302.43,2025-03-22,Net Banking,Grocery
T09594,A9999,DEBIT,14152.5,2023-05-16,Net Banking,Entertainment
T02240,A0367,CREDIT,284697.95,2025-01-24,ATM,Utilities
T07521,A0539,CREDIT,324337.87,2024-12-13,UPI,Fuel
T01790,A0334,CREDIT,309343.9,2025-06-07,Mobile Banking,Entertainment
T02422,A0466,DEBIT,134695.58,2024-08-23,Debit Card,Travel
T01610,A0006,DEBIT,312826.65,2024-09-21,Mobile Banking,Grocery
T00381,A0119,CREDIT,324357.89,2025-10-09,Net Banking,Utilities
T02797,A0052,DEBIT,244415.5,2025-10-25,Mobile Banking,Healthcare
T04429,A0411,DEBIT,115900.23,2025-03-19,Debit Card,Restaurant
T08677,A0449,DEBIT,157710.55,2024-09-02,Mobile Banking,Travel
T09561,,DEBIT,35702.09,2026-02-05,Debit Card,Retail
T09589,A9999,DEBIT,32097.63,2026-04-28,Credit Card,Fuel
T09524,,CREDIT,49535.71,2023-06-14,ATM,Travel
T05855,A0259,DEBIT,117069.09,2024-08-15,Mobile Banking,Travel
T01467,A0033,DEBIT,194840.58,2026-04-12,Credit Card,Entertainment
T00416,A0090,CREDIT,180918.54,2024-07-27,UPI,Utilities
T04813,A0197,CREDIT,303942.03,2024-01-14,Mobile Banking,Entertainment
T00431,A0189,CREDIT,408297.76,2025-04-24,Credit Card,Utilities
T02929,A0095,DEBIT,432839.79,2024-03-21,UPI,Travel
T02188,A0253,DEBIT,63997.48,2025-01-17,Net Banking,Utilities
T05372,A0443,DEBIT,17447.05,2025-01-24,Credit Card,Grocery
T01342,A0490,DEBIT,107139.83,2024-06-25,Credit Card,Education
T00744,A0214,CREDIT,19502.48,2025-12-05,Debit Card,Fuel
T00284,A0347,DEBIT,484866.51,2025-10-04,Mobile Banking,Healthcare
T04780,A0055,CREDIT,57890.25,2025-08-09,Net Banking,Grocery
T04030,A0061,CREDIT,339417.08,2024-05-31,Credit Card,Travel
T02629,A0109,DEBIT,13842.44,2025-12-07,Net Banking,Online Shopping
T08991,A0089,DEBIT,226013.75,2024-04-06,UPI,Retail
T07020,A0053,CREDIT,122251.08,2024-11-14,UPI,Entertainment
T08878,A0537,DEBIT,195082.25,2025-06-12,Credit Card,Travel
T05908,A0107,DEBIT,330911.6,2026-04-01,UPI,Healthcare
T07576,A0229,CREDIT,172342.21,2026-08-16,ATM,Retail
T07649,A0462,DEBIT,384656.25,2025-09-02,UPI,Restaurant
,A0240,CREDIT,34868.1,2025-03-19,ATM,Grocery
T05143,A0565,CREDIT,397538.28,2025-06-07,Net Banking,Travel
T09299,A0049,DEBIT,253957.91,2025-08-22,UPI,Utilities
T04438,A0164,CREDIT,104071.78,2025-03-18,Credit Card,Education
T06045,A0178,CREDIT,476431.81,2024-12-06,Mobile Banking,Retail
T09098,A0461,DEBIT,159135.4,2026-04-08,Debit Card,Entertainment
T04097,A0034,CREDIT,174810.04,2026-05-04,Debit Card,Healthcare
T09510,,CREDIT,37190.14,2024-12-08,Credit Card,Restaurant
T07123,A0276,CREDIT,408581.18,2025-07-30,Mobile Banking,Utilities
T05492,A0251,CREDIT,274677.14,2026-07-26,Credit Card,Entertainment
T06581,A0056,CREDIT,85371.94,2026-02-27,UPI,Utilities
T08350,A0532,CREDIT,131884.44,2026-05-01,UPI,Retail
T05093,A0095,DEBIT,143217.55,2026-08-13,Mobile Banking,Grocery
T00946,A0308,CREDIT,290898.6,2026-05-31,UPI,Entertainment
T00930,A0311,CREDIT,292158.96,2024-09-22,Debit Card,Education
T04871,A0098,CREDIT,285035.67,2024-05-10,ATM,Entertainment
T06076,A0305,DEBIT,420584.59,2024-10-01,Mobile Banking,Healthcare
T01583,A0139,CREDIT,259025.42,2025-07-05,ATM,Grocery
T04875,A0012,DEBIT,289431.93,2026-02-15,UPI,Healthcare
T01659,A0128,CREDIT,51327.12,2025-01-14,Credit Card,Retail
T06043,A0334,DEBIT,390155.98,2024-12-01,Net Banking,Grocery
T01609,A0402,DEBIT,417465.62,2024-05-07,Net Banking,Education
T09192,A0459,CREDIT,429594.33,2024-12-17,Debit Card,Education
T08931,A0542,CREDIT,145803.76,2025-01-27,UPI,Entertainment
T01768,A0142,DEBIT,353080.22,2025-06-06,Debit Card,Restaurant
T06236,A0450,CREDIT,235459.44,2024-06-03,Credit Card,Travel
T02526,A0301,CREDIT,91915.2,2024-05-27,UPI,Healthcare
T01495,A0524,CREDIT,240672.81,2025-09-21,Debit Card,Online Shopping
T00024,A0520,DEBIT,61994.13,2026-02-13,Mobile Banking,Online Shopping
T05028,A0245,CREDIT,381760.48,2024-03-11,UPI,Utilities
T08753,A0190,CREDIT,470802.32,2024-08-08,UPI,Online Shopping
T00924,A0303,DEBIT,165397.54,2025-04-06,Mobile Banking,Restaurant
T00583,A0272,DEBIT,444008.65,2025-02-04,Net Banking,Healthcare
T09612,A9999,DEBIT,14848.46,2024-04-22,ATM,Travel
T06629,A0305,CREDIT,483963.75,2024-12-24,Mobile Banking,Travel
T07508,A0069,CREDIT,246635.32,2025-06-06,Mobile Banking,Grocery
T04924,A0350,DEBIT,329529.62,2025-05-15,UPI,Grocery
T09394,A0535,CREDIT,441285.26,2025-12-18,Mobile Banking,Fuel
T09309,A0313,CREDIT,451899.09,2025-11-01,Net Banking,Grocery
T02710,A0383,CREDIT,226376.52,2024-01-01,Net Banking,Education
T07013,A0412,DEBIT,245092.6,2024-09-18,Net Banking,Grocery
T04305,A0203,DEBIT,141332.35,2024-08-29,ATM,Healthcare
T05760,A0036,DEBIT,104896.48,2025-06-02,Debit Card,Restaurant
T05263,A0363,CREDIT,301565.82,2024-02-14,UPI,Healthcare
T09502,,DEBIT,47622.69,2023-02-12,Debit Card,Restaurant
T06124,A0490,DEBIT,82006.36,2024-03-18,Debit Card,Utilities
T03867,A0544,DEBIT,314072.11,2024-04-30,ATM,Healthcare
T08992,A0232,DEBIT,21825.54,2024-02-24,Credit Card,Travel
T01329,A0104,CREDIT,69688.73,2026-01-28,Net Banking,Fuel
T06020,A0127,DEBIT,419005.78,2026-02-05,Credit Card,Entertainment
T07471,A0021,CREDIT,139804.83,2025-08-21,UPI,Retail
T08783,A0197,DEBIT,284882.22,2025-05-17,Mobile Banking,Fuel
T07780,A0383,DEBIT,484358.48,2024-01-28,UPI,Online Shopping
T03862,A0277,DEBIT,154579.4,2025-02-06,Net Banking,Utilities
T04272,A0417,DEBIT,160655.47,2025-05-22,Net Banking,Fuel
T09563,,CREDIT,49100.24,2026-05-21,ATM,Education
T08088,A0111,DEBIT,418333.04,2025-02-25,ATM,Fuel
T00728,A0356,DEBIT,82879.71,2024-10-21,Debit Card,Entertainment
T07383,A0549,DEBIT,84819.17,2024-02-22,Mobile Banking,Grocery
T03874,A0126,DEBIT,12796.6,2025-09-15,Credit Card,Online Shopping
T06843,A0187,CREDIT,120596.76,2025-10-10,UPI,Online Shopping
T06818,A0050,DEBIT,216161.21,2024-11-08,Debit Card,Fuel
T05701,A0431,CREDIT,86971.0,2024-01-13,Credit Card,Travel
T06332,A0301,CREDIT,371197.64,2026-03-26,UPI,Healthcare
T09795,A0259,CREDIT,12883.87,2024-02-01,Telegram,Grocery
T01602,A0543,CREDIT,202651.16,2025-07-30,UPI,Travel
T04785,A0297,DEBIT,103449.08,2024-04-30,Debit Card,Education
T08111,A0529,CREDIT,263931.97,2026-07-22,UPI,Fuel
T01673,A0250,CREDIT,328663.86,2025-07-28,UPI,Restaurant
T08236,A0140,CREDIT,152898.18,2024-12-06,Mobile Banking,Travel
T07998,A0334,CREDIT,291774.25,2026-01-21,Net Banking,Restaurant
T00845,A0030,CREDIT,256150.95,2026-08-02,Debit Card,Fuel
T02199,A0269,DEBIT,389697.42,2025-05-04,ATM,Utilities
T05636,A0294,CREDIT,355978.01,2025-09-19,UPI,Entertainment
T02230,A0124,CREDIT,176051.23,2024-01-25,Debit Card,Entertainment
T01471,A0144,CREDIT,256440.93,2025-05-22,Debit Card,Travel
T01780,A0154,CREDIT,64955.31,2026-05-16,Net Banking,Grocery
T00064,A0209,CREDIT,186715.28,2024-06-21,ATM,Education
T00196,A0068,DEBIT,325007.5,2025-01-12,UPI,Online Shopping
T04721,A0269,DEBIT,199247.54,2025-08-31,Net Banking,Travel
T09719,A0409,TRANSFER,7603.4,2024-07-13,ATM,Fuel
T02061,A0082,DEBIT,480464.37,2024-06-12,ATM,Fuel
T09275,A0062,CREDIT,333149.92,2025-09-04,Mobile Banking,Entertainment
T00766,A0426,CREDIT,7469.42,2026-04-30,Net Banking,Fuel
T04055,A0057,CREDIT,115152.73,2024-02-15,Debit Card,Online Shopping
T05997,A0059,DEBIT,117636.93,2025-05-28,Net Banking,Healthcare
T02894,A0342,DEBIT,76552.31,2026-02-21,Mobile Banking,Restaurant
T04661,A0024,CREDIT,247874.85,2026-07-29,Credit Card,Restaurant
T08688,A0292,CREDIT,193821.12,2025-03-04,Net Banking,Entertainment
T02484,A0105,DEBIT,316916.63,2025-11-23,Debit Card,Entertainment
T06636,A0228,CREDIT,51912.01,2025-08-06,Credit Card,Retail
T06245,A0207,DEBIT,244542.99,2025-10-14,Credit Card,Grocery
T01624,A0477,CREDIT,336871.52,2024-12-14,UPI,Restaurant
T07477,A0010,CREDIT,44173.5,2026-01-15,Net Banking,Education
T04464,A0248,DEBIT,45649.59,2026-02-16,Credit Card,Grocery
T08958,A0511,DEBIT,230517.83,2024-04-10,Mobile Banking,Travel
T03650,A0058,CREDIT,192833.2,2024-03-18,Mobile Banking,Online Shopping
T00686,A0013,CREDIT,153516.89,2025-11-07,Debit Card,Restaurant
T00162,A0466,CREDIT,184389.27,2024-01-12,ATM,Utilities
T03599,A0532,CREDIT,10309.08,2025-07-03,UPI,Entertainment
T04069,A0421,CREDIT,422703.4,2024-03-17,Mobile Banking,Education
T03404,A0169,DEBIT,62978.39,2025-06-14,Debit Card,Restaurant
T07813,A0359,CREDIT,343551.15,2025-08-17,ATM,Travel
T03372,A0391,CREDIT,425925.48,2025-10-17,Mobile Banking,Restaurant
T09681,A0287,CREDIT,-4956.28,2024-10-29,Mobile Banking,Online Shopping
T04239,A0362,DEBIT,45778.07,2025-12-27,UPI,Retail
T05312,A0299,DEBIT,64055.24,2024-07-01,Net Banking,Healthcare
T02550,A0003,CREDIT,10408.53,2025-07-15,Net Banking,Healthcare
T08291,A0049,DEBIT,430674.56,2026-02-05,Debit Card,Retail
T05323,A0242,DEBIT,269033.73,2026-07-03,Debit Card,Travel
T04487,A0297,CREDIT,287979.67,2024-04-02,ATM,Online Shopping
T06316,A0077,DEBIT,447861.3,2026-06-25,Mobile Banking,Restaurant
T04278,A0186,CREDIT,388316.16,2024-07-25,Credit Card,Education
T03236,A0089,DEBIT,58091.46,2026-06-16,ATM,Online Shopping
T04357,A0343,DEBIT,364345.03,2025-02-11,Net Banking,Education
T05518,A0080,DEBIT,389675.23,2024-03-03,Mobile Banking,Utilities
T08629,A0218,CREDIT,44538.05,2024-06-14,UPI,Retail
T09416,A0163,CREDIT,282499.68,2026-02-20,Credit Card,Entertainment
T06619,A0265,CREDIT,488769.76,2026-01-22,Debit Card,Online Shopping
T07379,A0039,CREDIT,165453.99,2024-04-06,Debit Card,Online Shopping
T07516,A0021,DEBIT,922.61,2024-09-02,Net Banking,Retail
T04188,A0008,CREDIT,333437.91,2026-03-13,UPI,Retail
T00577,A0309,DEBIT,445697.07,2026-03-04,Mobile Banking,Fuel
T03555,A0507,CREDIT,443538.47,2026-02-01,Debit Card,Utilities
T03985,A0532,DEBIT,101571.05,2026-03-27,Mobile Banking,Online Shopping
T02304,A0037,CREDIT,299172.29,2024-12-26,UPI,Fuel
T06177,A0345,DEBIT,23059.36,2025-02-12,Credit Card,Entertainment
T05454,A0424,CREDIT,136580.6,2024-10-18,ATM,Healthcare
T00841,A0450,DEBIT,296828.02,2025-12-12,Credit Card,Healthcare
T06876,A0208,DEBIT,170000.61,2024-02-07,Credit Card,Education
T07533,A0286,CREDIT,412881.4,2024-12-13,Mobile Banking,Travel
T09263,A0313,DEBIT,435885.52,2025-02-23,Debit Card,Online Shopping
T09150,A0411,CREDIT,446263.56,2026-07-08,ATM,Restaurant
T09004,A0201,CREDIT,456061.02,2026-08-24,Debit Card,Fuel
T05762,A0509,DEBIT,122081.4,2025-02-15,Net Banking,Travel
T00290,A0097,CREDIT,192041.54,2025-10-22,Mobile Banking,Healthcare
T09029,A0355,DEBIT,112501.56,2024-11-09,Debit Card,Fuel
T07429,A0168,CREDIT,168991.89,2024-01-29,Credit Card,Grocery
T02541,A0113,CREDIT,245398.78,2025-09-26,Net Banking,Grocery
T00333,A0037,DEBIT,446257.7,2026-05-18,Credit Card,Retail
T01216,A0013,CREDIT,159267.18,2026-02-28,Debit Card,Fuel
T05285,A0272,CREDIT,455335.77,2024-08-22,Mobile Banking,Entertainment
T09111,A0134,CREDIT,83846.26,2024-03-29,UPI,Retail
T08989,A0215,DEBIT,23636.83,2025-08-19,Mobile Banking,Travel
T01138,A0118,CREDIT,79546.02,2026-03-21,Credit Card,Online Shopping
T09369,A0325,DEBIT,420258.37,2024-08-19,ATM,Utilities
T01930,A0320,CREDIT,163730.58,2025-08-25,Debit Card,Utilities
T09576,A9999,CREDIT,32248.05,2023-10-29,UPI,Online Shopping
T09492,A0437,DEBIT,75252.85,2025-04-09,UPI,Online Shopping
T08157,A0498,CREDIT,34640.48,2025-03-14,UPI,Online Shopping
T01520,A0005,CREDIT,445712.05,2024-02-13,Credit Card,Utilities
T09266,A0268,DEBIT,162231.41,2024-12-07,UPI,Online Shopping
T09313,A0352,DEBIT,103067.39,2025-03-29,UPI,Healthcare
T03655,A0393,CREDIT,284383.7,2024-04-05,UPI,Education
T03011,A0519,DEBIT,17287.41,2026-01-27,Net Banking,Utilities
T00081,A0197,CREDIT,408158.78,2025-10-02,Debit Card,Travel
T09829,A0218,CREDIT,19945.78,bad-date,UPI,Utilities
T09627,A9999,DEBIT,11886.47,2023-01-07,Credit Card,Grocery
T03771,A0390,CREDIT,8732.95,2026-07-05,Mobile Banking,Education
T03663,A0295,CREDIT,142210.97,2026-01-14,Net Banking,Grocery
T06659,A0560,DEBIT,442527.07,2024-09-21,Debit Card,Education
T09745,A0127,TRANSFER,45846.23,2023-12-23,Debit Card,Healthcare
T05125,A0127,DEBIT,95775.24,2024-06-02,Mobile Banking,Online Shopping
T08625,A0406,CREDIT,449334.1,2026-08-01,Credit Card,Travel
T02704,A0231,CREDIT,231062.46,2024-06-10,Credit Card,Grocery
T02991,A0538,CREDIT,444740.05,2024-01-10,Mobile Banking,Entertainment
T03666,A0356,CREDIT,487043.2,2026-05-23,Net Banking,Education
T06355,A0034,DEBIT,241598.0,2025-08-07,ATM,Education
T01048,A0336,CREDIT,318414.63,2025-06-17,Debit Card,Education
T04806,A0203,CREDIT,104366.04,2026-05-23,Credit Card,Travel
T07537,A0219,DEBIT,247901.51,2025-07-22,Credit Card,Entertainment
T09214,A0105,DEBIT,61508.22,2024-05-19,UPI,Travel
T09605,A9999,CREDIT,15568.79,2025-05-03,UPI,Utilities
T08399,A0475,CREDIT,89049.94,2025-08-12,Net Banking,Fuel
T01982,A0223,DEBIT,352317.94,2025-07-19,UPI,Retail
T03860,A0550,DEBIT,66832.59,2024-12-26,Debit Card,Entertainment
T08722,A0421,CREDIT,446422.32,2024-01-22,Mobile Banking,Utilities
T05803,A0155,CREDIT,150396.59,2026-06-25,Debit Card,Grocery
T09661,A0147,DEBIT,-822.09,2025-11-23,Credit Card,Restaurant
T07993,A0479,DEBIT,214765.45,2026-05-05,Net Banking,Fuel
T08094,A0235,CREDIT,125076.12,2024-03-25,Credit Card,Education
T04855,A0443,CREDIT,101125.28,2024-10-25,Credit Card,Entertainment
T00761,A0424,CREDIT,276520.29,2024-09-11,UPI,Retail
T09785,A0484,CREDIT,3087.69,2024-09-13,Telegram,Fuel
T08390,A0145,CREDIT,49363.22,2026-04-15,UPI,Entertainment
T09791,A0341,CREDIT,35974.29,2025-11-04,Telegram,Fuel
T05919,A0127,DEBIT,184268.19,2025-02-17,Credit Card,Retail
T00526,A0012,DEBIT,106964.84,2025-08-04,Debit Card,Travel
T05450,A0405,DEBIT,257966.96,2025-10-14,ATM,Online Shopping
T06769,A0267,CREDIT,269575.74,2024-05-17,Mobile Banking,Retail
T00971,A0449,DEBIT,55604.29,2024-05-17,Mobile Banking,Online Shopping
T04436,A0249,CREDIT,334957.43,2026-05-09,Mobile Banking,Grocery
T07065,A0012,DEBIT,334852.19,2026-02-11,UPI,Utilities
T03997,A0408,CREDIT,240692.6,2026-07-19,Debit Card,Restaurant
T01771,A0085,DEBIT,492694.51,2024-01-27,ATM,Retail
T01145,A0147,DEBIT,298541.04,2024-02-12,Mobile Banking,Education
T07039,A0570,DEBIT,351347.53,2025-05-06,ATM,Grocery
T01249,A0432,CREDIT,184378.96,2026-03-05,ATM,Entertainment
T00782,A0473,DEBIT,257264.11,2026-05-29,Mobile Banking,Online Shopping
T06685,A0267,CREDIT,113909.53,2024-06-16,Credit Card,Travel
T02017,A0387,CREDIT,346637.41,2024-08-30,ATM,Retail
T07026,A0554,DEBIT,452863.1,2025-08-03,ATM,Retail
T03326,A0083,DEBIT,487020.07,2025-03-14,Credit Card,Healthcare
T08723,A0002,DEBIT,376545.57,2024-10-13,Net Banking,Utilities
T07331,A0518,CREDIT,410004.01,2026-06-29,ATM,Retail
T05595,A0518,DEBIT,82046.94,2026-08-11,UPI,Online Shopping
T07014,A0489,CREDIT,280476.23,2025-02-20,Net Banking,Online Shopping
T05798,A0424,CREDIT,485280.5,2025-07-11,ATM,Education
T00479,A0515,CREDIT,349688.64,2025-10-26,Credit Card,Healthcare
T00587,A0154,DEBIT,311935.19,2025-11-11,ATM,Restaurant
T02694,A0080,CREDIT,211209.21,2024-01-26,UPI,Entertainment
T09500,A0270,CREDIT,325465.4,2025-01-01,Debit Card,Education
T03099,A0451,CREDIT,178802.45,2025-10-21,UPI,Education
T03110,A0443,CREDIT,468822.1,2025-09-19,Debit Card,Entertainment
T01858,A0419,DEBIT,50923.06,2024-02-25,Credit Card,Travel
T02865,A0463,DEBIT,124459.96,2025-01-13,Debit Card,Healthcare
T08018,A0388,CREDIT,162158.53,2026-01-06,UPI,Restaurant
T01607,A0472,DEBIT,393282.96,2024-01-18,Net Banking,Education
T01204,A0191,CREDIT,359155.38,2024-04-03,UPI,Healthcare
T00494,A0440,CREDIT,469701.92,2025-02-03,Mobile Banking,Grocery
T00090,A0531,DEBIT,247837.8,2025-06-13,UPI,Travel
T03805,A0542,DEBIT,417373.1,2024-12-05,Credit Card,Grocery
,A0504,DEBIT,49973.32,2023-07-30,Debit Card,Restaurant
T03094,A0249,DEBIT,22214.94,2025-05-17,Debit Card,Entertainment
T08442,A0287,DEBIT,249099.07,2025-02-02,Debit Card,Online Shopping
T02647,A0516,CREDIT,110273.28,2024-01-11,Debit Card,Online Shopping
T03552,A0355,CREDIT,186642.74,2024-07-20,UPI,Restaurant
T05572,A0178,DEBIT,330347.7,2024-10-22,ATM,Fuel
T09674,A0533,DEBIT,-5652.07,2024-03-15,Mobile Banking,Education
T04913,A0043,CREDIT,458733.27,2024-01-28,Credit Card,Healthcare
T08483,A0055,DEBIT,350876.91,2025-07-13,Debit Card,Education
T06440,A0289,CREDIT,429852.74,2025-02-09,Credit Card,Grocery
T09008,A0535,CREDIT,421424.49,2025-01-19,Debit Card,Healthcare
T00008,A0486,DEBIT,143450.47,2024-06-24,UPI,Restaurant
T05018,A0230,DEBIT,101621.05,2024-08-31,UPI,Utilities
T09473,A0066,CREDIT,331620.37,2026-03-02,Debit Card,Education
T09671,A0088,DEBIT,-524.61,2025-11-21,Net Banking,Retail
T04912,A0032,CREDIT,327238.1,2024-10-22,Credit Card,Restaurant
T06578,A0121,DEBIT,102730.29,2026-08-31,Mobile Banking,Fuel
T07088,A0357,DEBIT,431772.84,2024-07-21,Credit Card,Online Shopping
T07979,A0242,DEBIT,273966.17,2026-01-11,Debit Card,Grocery
T09635,A9999,DEBIT,37797.41,2026-03-26,Mobile Banking,Grocery
T03329,A0089,DEBIT,238447.37,2024-02-26,Credit Card,Online Shopping
T09164,A0395,DEBIT,128117.02,2025-08-01,ATM,Restaurant
T04274,A0562,CREDIT,9258.89,2024-11-08,Debit Card,Entertainment
T08536,A0281,CREDIT,432641.36,2024-07-18,Net Banking,Entertainment
T02660,A0303,DEBIT,217622.33,2026-01-25,Debit Card,Restaurant
T08823,A0429,CREDIT,243639.54,2026-04-01,Mobile Banking,Travel
T03465,A0320,CREDIT,27127.05,2023-07-01,Net Banking,Education
T05821,A0155,DEBIT,237474.24,2024-11-30,Mobile Banking,Restaurant
T04618,A0164,CREDIT,232730.0,2026-07-05,ATM,Entertainment
T06820,A0337,CREDIT,302463.55,2024-08-16,Net Banking,Restaurant
T05183,A0315,DEBIT,64941.68,2024-02-14,Credit Card,Utilities
T06971,A0542,CREDIT,389498.23,2024-07-09,Net Banking,Travel
T06160,A0070,DEBIT,221094.15,2024-07-27,Net Banking,Education
T01821,A0420,DEBIT,376354.66,2024-05-22,UPI,Online Shopping
T07625,A0161,CREDIT,370303.16,2024-08-04,Credit Card,Entertainment
,A0292,DEBIT,15754.45,2023-12-26,Debit Card,Utilities
T04473,A0380,DEBIT,12806.48,2024-12-16,Debit Card,Travel
T08402,A0450,DEBIT,387457.12,2026-01-24,Debit Card,Restaurant
T08226,A0121,CREDIT,343964.36,2026-07-10,Mobile Banking,Entertainment
T01979,A0177,DEBIT,127125.89,2026-07-27,Mobile Banking,Utilities
T08155,A0461,CREDIT,187783.07,2024-08-22,Credit Card,Online Shopping
T03769,A0274,DEBIT,76435.18,2025-03-02,Debit Card,Online Shopping
T05047,A0344,DEBIT,323775.03,2026-03-02,Mobile Banking,Fuel
T00878,A0470,CREDIT,38360.42,2025-01-16,UPI,Grocery
T02587,A0148,DEBIT,209539.06,2024-08-12,Mobile Banking,Restaurant
T07896,A0472,CREDIT,337173.25,2025-03-03,Net Banking,Online Shopping
T07759,A0499,CREDIT,243920.23,2024-04-24,Net Banking,Education
T08140,A0486,CREDIT,165168.6,2024-04-25,UPI,Grocery
T03198,A0161,DEBIT,431719.3,2025-12-15,Credit Card,Travel
T08463,A0011,CREDIT,465329.58,2025-06-12,UPI,Grocery
T08132,A0148,DEBIT,218844.85,2024-03-01,UPI,Grocery
T06856,A0389,CREDIT,182720.56,2024-12-21,Net Banking,Entertainment
T02021,A0370,DEBIT,255297.33,2024-04-30,Credit Card,Entertainment
T05833,A0156,CREDIT,117884.71,2024-07-31,Mobile Banking,Healthcare
T05747,A0257,CREDIT,493464.83,2025-01-19,Debit Card,Healthcare
T09089,A0349,DEBIT,52103.48,2024-12-16,ATM,Education
T09387,A0201,CREDIT,27480.96,2026-05-10,ATM,Education
T04520,A0111,DEBIT,261505.18,2024-01-10,UPI,Fuel
T03005,A0003,DEBIT,415220.19,2024-01-15,UPI,Travel
T04010,A0549,DEBIT,457251.35,2026-04-10,UPI,Online Shopping
T02186,A0388,DEBIT,175597.11,2024-06-06,Net Banking,Healthcare
T03218,A0224,DEBIT,110414.75,2024-04-23,UPI,Online Shopping
T04398,A0429,DEBIT,77516.16,2025-09-22,Credit Card,Grocery
T06107,A0329,CREDIT,227481.24,2024-06-03,Net Banking,Travel
T06693,A0033,CREDIT,364899.66,2024-06-01,Credit Card,Healthcare
T01134,A0433,DEBIT,102517.65,2026-06-18,Mobile Banking,Restaurant
T03710,A0488,DEBIT,232918.9,2025-07-24,Credit Card,Restaurant
T03126,A0060,DEBIT,408667.49,2024-07-27,Mobile Banking,Entertainment
T03863,A0384,DEBIT,107076.94,2025-11-12,Debit Card,Grocery
T01859,A0341,CREDIT,484390.78,2026-04-12,Debit Card,Utilities
T05920,A0505,CREDIT,217660.07,2025-09-29,Debit Card,Restaurant
T05398,A0313,DEBIT,208594.51,2024-07-06,ATM,Retail
T03416,A0445,DEBIT,385963.18,2025-02-16,Credit Card,Healthcare
T04477,A0376,CREDIT,404521.65,2024-03-04,Credit Card,Education
T02653,A0431,DEBIT,384376.83,2024-06-08,Credit Card,Education
T03339,A0250,CREDIT,103668.82,2024-09-22,Credit Card,Utilities
T08741,A0377,CREDIT,457858.47,2026-04-26,UPI,Online Shopping
T05574,A0331,CREDIT,325941.9,2025-09-28,Net Banking,Education
T03156,A0250,DEBIT,247824.0,2025-03-21,Credit Card,Online Shopping
T05779,A0317,CREDIT,275510.61,2024-04-30,ATM,Travel
T07853,A0179,CREDIT,391011.97,2025-09-23,Debit Card,Fuel
T08668,A0377,DEBIT,441671.61,2024-01-19,Net Banking,Fuel
T00401,A0002,CREDIT,12098.03,2025-03-13,Credit Card,Grocery
T03257,A0488,CREDIT,331702.08,2024-03-25,Debit Card,Restaurant
T07989,A0177,DEBIT,408791.85,2025-04-03,Debit Card,Utilities
T04857,A0039,CREDIT,109283.42,2026-05-27,ATM,Entertainment
T06271,A0203,CREDIT,97585.95,2024-01-11,Net Banking,Grocery
T01021,A0256,CREDIT,125410.28,2026-01-17,Mobile Banking,Restaurant
T03572,A0117,DEBIT,120797.95,2025-07-28,Debit Card,Retail
T01956,A0367,DEBIT,465369.53,2026-07-07,UPI,Restaurant
T07603,A0353,CREDIT,442985.47,2025-04-07,Debit Card,Retail
,A0389,DEBIT,28100.33,2025-04-16,Mobile Banking,Healthcare
T04404,A0259,DEBIT,493334.66,2026-06-19,ATM,Online Shopping
T02645,A0265,CREDIT,141106.44,2024-08-04,Mobile Banking,Online Shopping
T05245,A0547,DEBIT,425524.15,2024-12-03,Debit Card,Travel
T02687,A0437,CREDIT,484359.13,2024-04-19,Credit Card,Grocery
T04807,A0404,DEBIT,288142.66,2024-06-30,Credit Card,Healthcare
T08481,A0368,CREDIT,160277.25,2026-06-04,UPI,Education
T04452,A0229,DEBIT,446197.29,2025-04-14,Mobile Banking,Retail
T07845,A0207,DEBIT,329540.9,2024-01-17,Debit Card,Entertainment
T01878,A0300,CREDIT,205502.52,2025-01-26,UPI,Grocery
T00225,A0522,DEBIT,317526.37,2025-01-12,Mobile Banking,Retail
T01069,A0411,DEBIT,390506.02,2024-06-25,Credit Card,Online Shopping
T06976,A0126,CREDIT,164258.04,2026-05-14,Credit Card,Online Shopping
T09733,A0042,TRANSFER,27276.78,2026-03-20,ATM,Fuel
T00410,A0116,DEBIT,479796.7,2024-10-12,ATM,Online Shopping
T03912,A0495,DEBIT,54292.85,2025-07-10,ATM,Entertainment
T02963,A0431,CREDIT,154867.5,2025-03-09,UPI,Entertainment
T09633,A9999,DEBIT,43392.15,2023-05-02,ATM,Grocery
T06173,A0003,DEBIT,344276.08,2025-08-02,UPI,Education
T01901,A0116,DEBIT,213632.11,2025-05-21,Net Banking,Travel
T05591,A0426,CREDIT,319471.96,2024-04-25,ATM,Retail
T04558,A0279,CREDIT,435815.39,2025-04-30,Credit Card,Retail
T04439,A0447,DEBIT,63475.33,2025-03-29,Mobile Banking,Entertainment
T00773,A0382,CREDIT,226189.95,2025-08-14,UPI,Healthcare
T08086,A0450,CREDIT,175965.21,2025-04-22,ATM,Retail
T00310,A0092,DEBIT,454631.77,2026-03-07,Debit Card,Grocery
T01883,A0271,CREDIT,441724.15,2026-05-18,Mobile Banking,Grocery
T08896,A0181,CREDIT,481994.65,2025-03-17,UPI,Entertainment
T06363,A0341,CREDIT,439110.66,2024-06-01,ATM,Travel
T09566,,CREDIT,4468.88,2026-01-28,UPI,Retail
T05652,A0323,DEBIT,373381.29,2024-01-30,Credit Card,Retail
T01456,A0292,CREDIT,32564.77,2025-09-12,Debit Card,Grocery
T06866,A0451,DEBIT,4049.94,2024-02-01,Mobile Banking,Utilities
T01475,A0281,DEBIT,444804.23,2025-08-27,Net Banking,Fuel
T03302,A0016,CREDIT,138847.45,2025-01-12,Credit Card,Retail
T06905,A0106,CREDIT,287439.97,2024-08-18,UPI,Retail
T04669,A0243,DEBIT,136792.11,2026-04-14,Debit Card,Utilities
T04186,A0371,DEBIT,63158.98,2026-05-03,Mobile Banking,Retail
T07870,A0090,DEBIT,486690.94,2024-12-03,Debit Card,Retail
T08524,A0440,DEBIT,255235.07,2024-11-13,Net Banking,Online Shopping
T01871,A0128,DEBIT,18771.63,2026-02-05,Mobile Banking,Restaurant
T02477,A0005,DEBIT,457064.88,2024-10-29,ATM,Education
T06998,A0320,CREDIT,140357.19,2024-11-27,Debit Card,Healthcare
T01940,A0446,DEBIT,248801.97,2024-02-21,Debit Card,Healthcare
T00190,A0015,DEBIT,410281.22,2025-11-27,Mobile Banking,Online Shopping
T01835,A0100,CREDIT,484445.86,2024-05-01,ATM,Restaurant
T08980,A0282,DEBIT,468151.89,2025-11-14,Mobile Banking,Grocery
T08586,A0526,DEBIT,497620.76,2024-07-25,Net Banking,Travel
T07727,A0088,CREDIT,350102.69,2025-05-17,ATM,Entertainment
T04512,A0156,CREDIT,37713.27,2025-01-21,Mobile Banking,Travel
T02120,A0131,CREDIT,67721.61,2026-08-26,ATM,Retail
T03111,A0224,DEBIT,253065.36,2024-08-01,UPI,Utilities
T06039,A0154,DEBIT,155312.24,2024-03-24,Credit Card,Entertainment
T03682,A0210,DEBIT,347177.69,2025-01-11,Net Banking,Healthcare
T08797,A0501,CREDIT,336319.47,2026-04-16,Net Banking,Retail
T07125,A0175,CREDIT,452536.65,2025-10-29,UPI,Online Shopping
T07372,A0129,DEBIT,100660.76,2025-05-22,Mobile Banking,Retail
T01939,A0049,DEBIT,460262.17,2025-01-19,Mobile Banking,Restaurant
T08380,A0233,CREDIT,172289.65,2024-07-21,Mobile Banking,Education
T03870,A0411,DEBIT,316835.9,2024-04-08,Debit Card,Entertainment
T05417,A0131,DEBIT,89698.12,2025-12-25,UPI,Grocery
T08167,A0060,DEBIT,106576.82,2025-06-26,ATM,Entertainment
T08125,A0311,CREDIT,284493.94,2025-05-30,Mobile Banking,Grocery
T08183,A0537,DEBIT,19997.3,2024-04-03,Credit Card,Online Shopping
T04111,A0449,DEBIT,157114.54,2024-10-04,Credit Card,Healthcare
T05550,A0195,CREDIT,314347.43,2024-12-13,Mobile Banking,Entertainment
T02208,A0242,CREDIT,242834.86,2024-11-18,ATM,Education
T07350,A0090,CREDIT,259949.19,2026-05-31,UPI,Healthcare
T00183,A0019,CREDIT,88700.58,2024-05-07,Net Banking,Healthcare
T06503,A0361,CREDIT,59080.01,2025-12-11,ATM,Fuel
T04710,A0521,DEBIT,290446.5,2026-07-26,ATM,Retail
T07101,A0126,CREDIT,161843.7,2024-02-09,Mobile Banking,Fuel
T00506,A0344,CREDIT,8216.48,2023-06-18,Mobile Banking,Grocery
T09415,A0517,DEBIT,47015.0,2025-12-12,Debit Card,Healthcare
T03988,A0318,DEBIT,57516.15,2024-01-09,ATM,Travel
T05327,A0560,CREDIT,135276.56,2024-01-03,Debit Card,Retail
T08773,A0030,CREDIT,219496.56,2025-12-16,Credit Card,Healthcare
T04481,A0153,CREDIT,401935.13,2024-02-11,Mobile Banking,Grocery
T07424,A0329,DEBIT,353875.98,2026-06-04,Credit Card,Travel
T08574,A0161,DEBIT,127704.16,2024-01-12,Mobile Banking,Utilities
T00023,A0518,CREDIT,366019.88,2026-05-11,Debit Card,Restaurant
T01573,A0307,DEBIT,77049.35,2024-03-05,ATM,Entertainment
T07270,A0122,DEBIT,436338.46,2025-11-10,ATM,Utilities
T01695,A0270,CREDIT,485151.46,2024-07-22,ATM,Entertainment
T02495,A0525,CREDIT,366175.82,2024-08-07,Credit Card,Restaurant
T08602,A0099,DEBIT,298196.3,2024-08-17,ATM,Travel
T08611,A0195,DEBIT,177730.03,2024-10-02,Credit Card,Fuel
T00153,A0143,CREDIT,152855.41,2026-01-25,UPI,Entertainment
T01042,A0308,CREDIT,37527.75,2025-12-26,Net Banking,Restaurant
T05429,A0404,DEBIT,438288.51,2025-02-05,Debit Card,Restaurant
T05941,A0470,CREDIT,284777.98,2025-09-14,UPI,Restaurant
T08295,A0243,CREDIT,49764.74,2026-07-15,UPI,Online Shopping
T06112,A0112,CREDIT,281049.8,2025-10-19,Net Banking,Healthcare
T02871,A0397,CREDIT,82976.2,2025-02-24,Net Banking,Fuel
T00680,A0112,DEBIT,476241.55,2026-08-12,Mobile Banking,Restaurant
T09342,A0355,CREDIT,447851.67,2025-10-10,Net Banking,Grocery
T09229,A0548,DEBIT,355062.18,2024-04-01,UPI,Travel
T03362,A0138,CREDIT,146373.21,2025-07-22,Mobile Banking,Grocery
T03653,A0392,DEBIT,216447.84,2025-11-10,Credit Card,Fuel
T09084,A0200,DEBIT,65172.9,2025-05-14,UPI,Travel
T04608,A0060,CREDIT,62591.17,2026-01-31,Credit Card,Restaurant
T04142,A0218,CREDIT,10988.3,2024-04-17,Debit Card,Utilities
T05876,A0217,DEBIT,244164.49,2024-04-17,UPI,Fuel
T01990,A0209,CREDIT,296237.21,2024-06-15,Net Banking,Travel
T05491,A0567,CREDIT,39866.79,2025-05-11,UPI,Grocery
T08801,A0554,CREDIT,190258.26,2025-02-22,Net Banking,Healthcare
T04101,A0111,DEBIT,141657.34,2025-05-07,Mobile Banking,Grocery
T04279,A0385,CREDIT,3980.42,2025-06-10,ATM,Restaurant
T07546,A0363,CREDIT,443323.64,2025-02-12,UPI,Fuel
T02008,A0289,CREDIT,403900.65,2025-07-08,Debit Card,Online Shopping
T03700,A0239,CREDIT,268654.76,2025-11-21,ATM,Travel
T01116,A0414,CREDIT,179224.87,2026-07-27,Credit Card,Fuel
T05053,A0179,DEBIT,22537.4,2025-05-22,Debit Card,Online Shopping
T05287,A0429,CREDIT,39997.89,2024-12-18,UPI,Retail
T08577,A0205,DEBIT,183656.81,2024-11-13,Mobile Banking,Retail
T03084,A0564,DEBIT,205571.35,2025-06-21,UPI,Grocery
T09450,A0279,DEBIT,175202.32,2026-03-19,Net Banking,Utilities
T04029,A0423,CREDIT,26620.37,2026-02-17,UPI,Restaurant
T06113,A0499,DEBIT,401877.45,2024-09-23,Debit Card,Entertainment
T02445,A0469,DEBIT,219076.41,2025-07-28,Debit Card,Entertainment
T06034,A0501,DEBIT,88255.36,2026-03-13,UPI,Restaurant
T08682,A0516,CREDIT,4270.47,2026-08-27,Credit Card,Utilities
T07578,A0044,DEBIT,352761.89,2025-12-13,Credit Card,Education
T00565,A0415,DEBIT,196503.42,2024-08-13,Mobile Banking,Restaurant
T07484,A0082,DEBIT,87165.56,2026-01-12,Credit Card,Online Shopping
T07547,A0019,DEBIT,440036.94,2024-09-23,Debit Card,Restaurant
T02577,A0072,CREDIT,393172.26,2024-12-01,Debit Card,Fuel
T04616,A0418,CREDIT,97141.86,2025-05-19,Credit Card,Travel
T06995,A0424,CREDIT,32783.23,2026-01-28,Debit Card,Entertainment
T07519,A0355,CREDIT,195625.06,2025-12-20,Credit Card,Entertainment
T07933,A0270,CREDIT,455346.04,2024-12-30,Debit Card,Restaurant
T00231,A0438,DEBIT,345949.22,2025-05-27,Net Banking,Healthcare
T00113,A0433,DEBIT,97784.02,2024-07-24,Mobile Banking,Travel
T00369,A0158,CREDIT,64003.19,2025-03-04,Net Banking,Restaurant
T09382,A0044,DEBIT,474603.19,2025-12-18,Credit Card,Entertainment
T07569,A0235,DEBIT,49174.6,2024-11-22,ATM,Restaurant
T07685,A0553,CREDIT,432090.19,2024-11-03,Net Banking,Entertainment
T08315,A0110,DEBIT,32149.28,2025-11-19,Debit Card,Retail
T03808,A0002,CREDIT,263518.47,2024-06-06,ATM,Utilities
T02306,A0506,CREDIT,86414.48,2024-05-25,Credit Card,Healthcare
T04959,A0343,CREDIT,46016.55,2024-11-30,Debit Card,Healthcare
T00670,A0287,CREDIT,101857.11,2024-05-20,Net Banking,Travel
T03447,A0052,CREDIT,24779.53,2024-09-25,Mobile Banking,Travel
T01194,A0134,CREDIT,367347.17,2024-01-20,Debit Card,Healthcare
T07559,A0238,DEBIT,385591.37,2025-10-23,UPI,Fuel
T07380,A0276,CREDIT,473559.57,2026-05-24,UPI,Entertainment
T08670,A0121,CREDIT,38129.49,2026-04-20,Credit Card,Utilities
T02943,A0460,CREDIT,108119.31,2025-02-01,Net Banking,Healthcare
T07732,A0326,CREDIT,68950.17,2025-05-10,ATM,Grocery
T08512,A0055,CREDIT,426634.82,2024-10-03,ATM,Education
T08864,A0507,CREDIT,399951.97,2026-01-25,Debit Card,Fuel
T02338,A0122,DEBIT,362137.81,2024-08-10,Debit Card,Grocery
T07581,A0541,CREDIT,301488.61,2025-10-23,Mobile Banking,Restaurant
T03775,A0391,DEBIT,477306.27,2024-02-01,Net Banking,Travel
T01306,A0405,DEBIT,109613.8,2024-12-25,Mobile Banking,Healthcare
T09720,A0420,TRANSFER,32959.86,2023-04-13,Credit Card,Travel
T07894,A0553,CREDIT,284848.97,2025-10-22,Net Banking,Restaurant
T00880,A0310,DEBIT,200429.72,2024-07-07,Mobile Banking,Restaurant
T03765,A0049,DEBIT,180345.22,2025-07-16,Debit Card,Utilities
T02745,A0261,DEBIT,350235.95,2025-07-06,UPI,Fuel
T08457,A0456,DEBIT,71295.62,2024-06-13,ATM,Healthcare
T01123,A0043,CREDIT,473395.25,2024-11-10,Net Banking,Fuel
T01481,A0308,CREDIT,408386.46,2025-11-15,Net Banking,Restaurant
T04062,A0329,CREDIT,255394.81,2026-04-12,UPI,Entertainment
T05399,A0097,DEBIT,168357.19,2025-02-21,ATM,Travel
T01090,A0449,DEBIT,295572.36,2024-03-07,ATM,Retail
T04182,A0214,DEBIT,7886.2,2026-08-19,Debit Card,Utilities
T08781,A0086,CREDIT,70260.08,2026-08-17,Credit Card,Retail
T09709,A0168,CREDIT,-1321.52,2024-10-26,Debit Card,Grocery
T02001,A0142,CREDIT,157499.43,2025-02-22,Net Banking,Utilities
T09466,A0115,DEBIT,195145.79,2025-06-29,UPI,Travel
T04979,A0141,CREDIT,124855.19,2024-03-25,Mobile Banking,Fuel
T01420,A0565,DEBIT,20358.16,2026-06-08,Credit Card,Online Shopping
T00307,A0382,CREDIT,209901.27,2024-06-06,Debit Card,Healthcare
T09157,A0050,DEBIT,173557.77,2024-12-10,Net Banking,Fuel
T03384,A0044,CREDIT,51644.34,2025-02-16,Net Banking,Utilities
T00218,A0475,DEBIT,226856.19,2025-01-19,Net Banking,Fuel
T03383,A0318,DEBIT,159927.42,2025-06-01,UPI,Travel
T08758,A0094,DEBIT,209954.93,2026-01-07,Mobile Banking,Fuel
T00272,A0490,CREDIT,247563.26,2025-12-22,Credit Card,Retail
T01598,A0180,DEBIT,250757.57,2026-03-18,UPI,Utilities
T02655,A0329,CREDIT,68494.19,2026-02-27,UPI,Entertainment
T06846,A0559,DEBIT,491337.18,2026-04-05,ATM,Grocery
T02714,A0176,CREDIT,83035.38,2026-03-01,UPI,Utilities
T00621,A0480,DEBIT,138524.33,2024-06-11,Debit Card,Education
T01299,A0260,CREDIT,166468.76,2025-01-02,Mobile Banking,Entertainment
T04792,A0426,CREDIT,240432.6,2026-03-20,Debit Card,Entertainment
T02375,A0024,DEBIT,134131.73,2025-05-01,ATM,Fuel
T02476,A0163,DEBIT,498384.56,2025-10-27,Credit Card,Healthcare
T00877,A0470,CREDIT,459395.69,2026-07-14,Mobile Banking,Education
T08152,A0013,DEBIT,402392.84,2026-02-08,Debit Card,Grocery
T02964,A0011,DEBIT,224509.98,2025-10-17,ATM,Healthcare
T07784,A0459,CREDIT,129240.57,2025-01-10,Debit Card,Utilities
T06329,A0072,CREDIT,126814.1,2025-04-29,Debit Card,Restaurant
T01514,A0538,CREDIT,181329.83,2024-04-07,Debit Card,Utilities
T08015,A0179,CREDIT,92302.88,2026-03-05,ATM,Education
,A0511,DEBIT,8736.03,2025-09-30,Debit Card,Online Shopping
T09364,A0538,CREDIT,391666.74,2025-03-24,Debit Card,Travel
T07064,A0534,DEBIT,106172.94,2024-06-01,Net Banking,Online Shopping
T02967,A0070,DEBIT,115276.69,2026-01-13,Mobile Banking,Online Shopping
T00839,A0487,DEBIT,168402.25,2026-07-13,UPI,Grocery
T07867,A0416,DEBIT,371961.05,2026-07-17,Credit Card,Online Shopping
T03735,A0179,CREDIT,33635.96,2024-02-26,Debit Card,Online Shopping
T01408,A0387,CREDIT,386.64,2025-04-16,Net Banking,Entertainment
T02350,A0251,CREDIT,274961.67,2024-01-02,Debit Card,Education
T07169,A0249,DEBIT,103839.67,2024-01-31,Net Banking,Utilities
T01139,A0188,DEBIT,83766.63,2026-01-27,Debit Card,Healthcare
T09683,A0273,CREDIT,-3642.31,2026-04-15,Net Banking,Restaurant
T08816,A0559,CREDIT,467810.88,2024-11-14,UPI,Restaurant
T07053,A0560,CREDIT,456578.0,2026-02-16,UPI,Retail
T04290,A0318,DEBIT,55248.63,2024-02-14,Credit Card,Healthcare
T00031,A0539,DEBIT,294160.91,2025-06-15,Credit Card,Restaurant
T02575,A0302,CREDIT,79819.23,2024-04-06,Net Banking,Grocery
T07856,A0548,CREDIT,131460.44,2025-10-01,ATM,Travel
T03062,A0163,CREDIT,1946.4,2025-06-18,Mobile Banking,Grocery
T08070,A0264,CREDIT,112160.12,2026-06-30,UPI,Utilities
T00422,A0489,CREDIT,15189.85,2025-01-09,ATM,Online Shopping
T07835,A0073,DEBIT,165241.48,2026-05-31,Credit Card,Healthcare
,A0058,DEBIT,37008.24,2023-06-24,Net Banking,Utilities
T03061,A0069,DEBIT,368933.26,2026-07-19,Mobile Banking,Education
T06129,A0540,DEBIT,262033.96,2026-04-05,Debit Card,Education
T05961,A0357,DEBIT,490890.51,2024-01-09,Debit Card,Grocery
T07059,A0474,CREDIT,433326.29,2026-05-18,Mobile Banking,Education
T03659,A0277,DEBIT,95738.59,2026-04-05,Debit Card,Education
T00970,A0104,CREDIT,319850.37,2024-10-09,Net Banking,Utilities
T07607,A0350,DEBIT,7036.62,2026-03-08,Debit Card,Fuel
T05866,A0253,CREDIT,182750.83,2026-01-29,ATM,Entertainment
T00975,A0144,CREDIT,435375.59,2025-12-17,Mobile Banking,Utilities
T09628,A9999,CREDIT,18097.63,2026-01-01,Mobile Banking,Retail
T04345,A0375,DEBIT,68763.37,2026-06-21,Debit Card,Entertainment
T02451,A0273,CREDIT,212784.48,2026-02-17,ATM,Education
T03216,A0393,DEBIT,283621.76,2024-03-31,Net Banking,Healthcare
T07248,A0499,CREDIT,147467.22,2025-12-19,Debit Card,Online Shopping
T05029,A0372,CREDIT,387248.53,2025-09-13,Net Banking,Travel
T08492,A0142,CREDIT,458494.19,2024-02-23,Credit Card,Healthcare
T03670,A0337,CREDIT,129381.27,2024-05-07,Net Banking,Education
T05573,A0514,DEBIT,86847.37,2025-03-27,Mobile Banking,Travel
T03273,A0476,CREDIT,14702.4,2026-08-06,Net Banking,Retail
T01819,A0096,CREDIT,72677.51,2024-02-19,Mobile Banking,Grocery
T08101,A0487,CREDIT,90295.79,2026-06-04,Credit Card,Grocery
T08623,A0086,CREDIT,18154.83,2024-10-23,UPI,Utilities
T00035,A0161,DEBIT,460856.51,2024-05-01,Net Banking,Healthcare
T08411,A0382,DEBIT,265695.57,2026-03-15,Debit Card,Utilities
T07404,A0104,CREDIT,190962.58,2024-09-04,Debit Card,Fuel
T01866,A0448,DEBIT,218460.75,2024-06-01,UPI,Utilities
T06782,A0095,DEBIT,27390.65,2024-10-03,ATM,Restaurant
,A0057,DEBIT,43869.64,2025-04-07,Net Banking,Restaurant
T00627,A0539,DEBIT,64798.04,2024-11-27,Net Banking,Fuel
T08638,A0172,CREDIT,84494.56,2025-12-25,Net Banking,Healthcare
T00909,A0380,CREDIT,371508.39,2026-06-23,Mobile Banking,Healthcare
T02866,A0421,CREDIT,499531.46,2024-05-10,ATM,Healthcare
T08385,A0221,DEBIT,358224.2,2024-07-06,ATM,Entertainment
T01263,A0025,CREDIT,321486.99,2025-12-15,ATM,Entertainment
T05638,A0063,DEBIT,146008.55,2024-03-29,Net Banking,Restaurant
T00994,A0223,DEBIT,13745.49,2026-06-17,Credit Card,Online Shopping
T06185,A0540,CREDIT,76542.71,2026-08-21,UPI,Retail
T05736,A0549,DEBIT,171696.31,2024-12-14,UPI,Retail
T09398,A0066,DEBIT,289442.19,2026-07-24,Net Banking,Restaurant
T02793,A0348,CREDIT,250479.82,2024-12-11,Mobile Banking,Utilities
T07908,A0092,DEBIT,84934.67,2024-07-19,UPI,Fuel
T01874,A0177,CREDIT,127835.29,2025-09-15,Net Banking,Retail
T01219,A0560,CREDIT,114133.0,2024-06-23,UPI,Utilities
T02893,A0419,DEBIT,50341.97,2025-06-22,Credit Card,Fuel
T03595,A0172,DEBIT,467527.59,2025-01-27,Debit Card,Fuel
T09225,A0096,DEBIT,460095.31,2026-05-04,Mobile Banking,Travel
T01947,A0343,DEBIT,114528.17,2024-02-24,UPI,Healthcare
T05529,A0198,DEBIT,13941.42,2026-07-05,ATM,Healthcare
T05710,A0440,DEBIT,252837.33,2025-02-26,ATM,Online Shopping
T02753,A0448,DEBIT,67574.34,2026-03-18,ATM,Retail
T03083,A0172,DEBIT,413404.44,2024-08-03,Net Banking,Restaurant
T09040,A0524,DEBIT,59472.53,2024-04-23,UPI,Restaurant
T01080,A0562,CREDIT,333793.91,2024-10-07,UPI,Entertainment
T09336,A0451,DEBIT,437078.3,2024-02-17,Net Banking,Grocery
T08854,A0510,DEBIT,436848.83,2026-08-29,Credit Card,Retail
T04546,A0512,DEBIT,44843.48,2024-09-30,UPI,Travel
T06308,A0483,CREDIT,249238.01,2024-07-15,ATM,Grocery
T08040,A0412,CREDIT,454103.26,2025-03-09,Net Banking,Restaurant
T00864,A0394,DEBIT,5893.17,2025-10-31,Mobile Banking,Healthcare
T02200,A0454,DEBIT,65598.96,2024-08-02,ATM,Grocery
T02097,A0432,CREDIT,178149.13,2024-01-06,Mobile Banking,Education
T02897,A0199,DEBIT,330272.03,2024-11-19,Credit Card,Online Shopping
T05663,A0087,DEBIT,415092.65,2025-01-01,UPI,Healthcare
T01405,A0160,CREDIT,121038.59,2025-09-15,Debit Card,Fuel
T07080,A0229,DEBIT,263268.74,2024-09-23,Debit Card,Online Shopping
T06554,A0112,CREDIT,150124.64,2025-07-25,UPI,Healthcare
T00449,A0166,CREDIT,140130.65,2025-01-07,Debit Card,Online Shopping
T04320,A0243,CREDIT,182402.4,2024-10-30,Debit Card,Healthcare
T04175,A0095,DEBIT,350677.56,2026-08-05,ATM,Restaurant
T04446,A0198,CREDIT,429403.32,2026-05-21,Credit Card,Entertainment
T02919,A0215,DEBIT,196888.76,2024-06-13,Mobile Banking,Retail
T04336,A0075,CREDIT,289037.92,2025-01-21,Mobile Banking,Fuel
T02971,A0315,DEBIT,283627.1,2024-02-27,Mobile Banking,Healthcare
T02616,A0395,CREDIT,493728.4,2024-07-26,ATM,Retail
T03060,A0372,DEBIT,477838.19,2024-04-26,Mobile Banking,Restaurant
T05799,A0215,CREDIT,429754.56,2024-08-16,Debit Card,Healthcare
,A0550,CREDIT,106.0,2023-02-10,ATM,Grocery
T00895,A0031,CREDIT,312468.86,2024-06-19,Net Banking,Utilities
T02046,A0233,CREDIT,398744.63,2025-06-18,Credit Card,Healthcare
T05116,A0222,DEBIT,346714.37,2025-02-10,Net Banking,Fuel
T08460,A0472,DEBIT,371101.16,2026-05-26,Credit Card,Healthcare
T04070,A0374,DEBIT,118799.53,2024-05-14,UPI,Retail
T00388,A0378,CREDIT,451093.85,2024-04-05,Credit Card,Grocery
T05495,A0328,DEBIT,452033.95,2025-12-15,Mobile Banking,Retail
T09262,A0474,CREDIT,154949.74,2026-04-17,Net Banking,Online Shopping
T08367,A0231,DEBIT,48307.33,2025-07-05,Mobile Banking,Travel
T02566,A0257,DEBIT,291044.13,2025-12-21,Debit Card,Healthcare
T01761,A0291,CREDIT,17692.58,2024-12-28,ATM,Entertainment
T04500,A0570,CREDIT,289240.0,2025-11-24,Credit Card,Restaurant
T03044,A0063,CREDIT,22706.56,2025-12-11,Debit Card,Retail
T03043,A0306,DEBIT,77026.07,2024-08-05,Net Banking,Healthcare
T08050,A0375,DEBIT,291810.4,2024-12-08,Credit Card,Travel
T06736,A0461,DEBIT,428455.68,2025-09-26,UPI,Entertainment
T05753,A0436,DEBIT,373157.27,2024-09-03,Mobile Banking,Retail
T06449,A0194,CREDIT,312959.14,2025-12-08,ATM,Grocery
T07185,A0408,DEBIT,454900.14,2025-09-17,Mobile Banking,Online Shopping
T09009,A0125,DEBIT,267392.46,2026-04-02,Net Banking,Healthcare
T01282,A0164,CREDIT,26863.57,2024-08-08,Mobile Banking,Travel
T01820,A0156,CREDIT,103702.09,2024-04-30,Mobile Banking,Entertainment
T03724,A0105,DEBIT,251240.97,2026-02-05,Credit Card,Restaurant
T07834,A0134,CREDIT,462034.02,2024-09-09,Net Banking,Restaurant
T02623,A0265,CREDIT,290959.03,2024-10-18,Mobile Banking,Entertainment
T05732,A0336,DEBIT,354246.44,2025-07-31,Mobile Banking,Retail
T01007,A0215,DEBIT,185914.85,2025-02-28,ATM,Healthcare
T05991,A0274,DEBIT,292435.49,2025-12-07,Mobile Banking,Utilities
T09197,A0045,DEBIT,415020.47,2026-06-09,Mobile Banking,Healthcare
T00543,A0389,DEBIT,349362.55,2026-08-05,ATM,Fuel
T02116,A0521,DEBIT,449617.42,2026-04-02,Net Banking,Restaurant
T04442,A0030,CREDIT,74856.66,2025-06-01,Credit Card,Entertainment
T00161,A0291,CREDIT,116596.41,2025-11-06,Net Banking,Online Shopping
T03983,A0096,DEBIT,280135.31,2025-02-28,ATM,Fuel
T01351,A0032,DEBIT,33260.35,2024-03-27,Mobile Banking,Grocery
T03058,A0196,DEBIT,76867.07,2024-08-20,UPI,Fuel
T07703,A0328,CREDIT,371837.6,2025-07-20,UPI,Travel
T06467,A0458,DEBIT,220825.8,2026-04-06,Credit Card,Healthcare
T01434,A0117,CREDIT,334741.63,2026-04-11,Debit Card,Fuel
T08366,A0069,CREDIT,465517.58,2025-08-26,Mobile Banking,Grocery
T05598,A0253,DEBIT,33958.08,2024-12-28,Net Banking,Utilities
T04434,A0318,CREDIT,268474.75,2026-06-30,ATM,Education
T00304,A0433,CREDIT,274969.32,2024-09-23,Credit Card,Grocery
T01013,A0538,CREDIT,79170.47,2024-01-16,Debit Card,Travel
T03506,A0146,DEBIT,134893.58,2026-03-18,Debit Card,Retail
T08769,A0176,CREDIT,395461.32,2026-03-10,Net Banking,Healthcare
T08588,A0216,CREDIT,367623.28,2024-03-21,ATM,Grocery
T03677,A0451,CREDIT,40488.71,2026-02-15,ATM,Education
T01876,A0505,CREDIT,324048.65,2024-07-22,Credit Card,Fuel
T01241,A0069,DEBIT,194849.28,2024-07-16,Debit Card,Grocery
T05440,A0567,DEBIT,481967.11,2025-10-31,UPI,Travel
T00556,A0017,DEBIT,93596.18,2024-01-30,Credit Card,Education
T07799,A0074,CREDIT,452746.49,2024-01-28,UPI,Grocery
T06202,A0562,CREDIT,136685.29,2026-06-12,Mobile Banking,Education
T09311,A0468,DEBIT,51322.07,2024-12-10,ATM,Entertainment
T07530,A0015,CREDIT,67052.7,2026-08-26,UPI,Entertainment
T09114,A0217,CREDIT,215661.81,2024-02-04,ATM,Grocery
T00076,A0552,CREDIT,446296.84,2026-04-15,Mobile Banking,Entertainment
T08230,A0329,DEBIT,378116.61,2025-07-01,Mobile Banking,Restaurant
T05566,A0314,CREDIT,135520.48,2024-10-24,ATM,Online Shopping
T06424,A0240,DEBIT,347692.16,2025-12-19,Debit Card,Retail
T01677,A0392,DEBIT,172424.24,2025-10-07,UPI,Travel
T02206,A0251,CREDIT,427556.29,2024-04-27,Net Banking,Retail
T03184,A0440,CREDIT,133884.58,2026-02-02,UPI,Fuel
T00654,A0107,CREDIT,248348.7,2024-08-18,Mobile Banking,Utilities
T01346,A0417,CREDIT,376210.24,2024-02-13,Debit Card,Healthcare
T06301,A0162,DEBIT,498872.55,2025-01-08,Net Banking,Utilities
T07919,A0191,CREDIT,58031.49,2024-08-03,ATM,Fuel
T01877,A0450,CREDIT,406851.29,2025-01-26,Net Banking,Education
T00163,A0421,DEBIT,78602.02,2024-04-23,ATM,Education
T06120,A0001,CREDIT,109366.63,2024-10-24,ATM,Education
T02959,A0399,DEBIT,314662.32,2025-06-26,ATM,Restaurant
T03864,A0244,CREDIT,268249.7,2025-01-16,Debit Card,Education
T02790,A0231,DEBIT,421049.14,2024-05-20,Credit Card,Education
T03646,A0528,DEBIT,328719.27,2024-12-10,Credit Card,Restaurant
T01435,A0382,DEBIT,477838.65,2024-09-21,Net Banking,Education
T03045,A0554,CREDIT,15295.36,2025-09-15,Debit Card,Online Shopping
T06528,A0287,CREDIT,393377.97,2024-09-11,Credit Card,Retail
T01464,A0328,CREDIT,359348.38,2025-03-21,Credit Card,Online Shopping
T06317,A0095,CREDIT,341228.36,2025-02-15,Net Banking,Utilities
T07033,A0237,CREDIT,408817.38,2025-02-02,Credit Card,Education
T06171,A0115,DEBIT,489264.05,2026-01-12,Net Banking,Grocery
T06046,A0090,DEBIT,230367.08,2025-05-21,Credit Card,Fuel
T07653,A0338,DEBIT,185510.82,2026-04-03,ATM,Healthcare
T01850,A0492,CREDIT,68515.9,2026-04-09,Debit Card,Entertainment
T04672,A0246,CREDIT,255800.85,2025-08-07,Mobile Banking,Fuel
T05107,A0344,DEBIT,61011.02,2024-08-11,Mobile Banking,Travel
T05092,A0039,CREDIT,149854.12,2025-01-13,Credit Card,Retail
T03402,A0474,CREDIT,239547.03,2025-01-28,Credit Card,Fuel
T04957,A0173,DEBIT,194146.37,2025-04-01,Mobile Banking,Online Shopping
T07675,A0300,CREDIT,245103.47,2025-03-02,Debit Card,Fuel
T00254,A0395,DEBIT,303626.19,2025-12-30,ATM,Education
T04948,A0546,CREDIT,264153.85,2024-10-17,Credit Card,Education
T07274,A0228,CREDIT,314714.8,2026-04-28,Net Banking,Education
T04261,A0241,DEBIT,460624.81,2026-01-27,UPI,Restaurant
T02384,A0528,DEBIT,437931.56,2024-11-30,ATM,Online Shopping
T09151,A0376,DEBIT,266965.79,2025-08-31,ATM,Retail
T00104,A0104,DEBIT,325495.62,2025-11-22,UPI,Entertainment
T06497,A0076,DEBIT,213603.15,2025-05-02,Net Banking,Retail
T04360,A0066,CREDIT,233159.43,2025-06-20,ATM,Online Shopping
T01177,A0055,DEBIT,426315.2,2024-11-16,Debit Card,Travel
T08964,A0232,CREDIT,475554.37,2026-01-27,Debit Card,Utilities
T08679,A0397,DEBIT,3357.27,2025-03-19,Debit Card,Online Shopping
T06763,A0362,CREDIT,48863.6,2025-05-18,Credit Card,Restaurant
T03182,A0410,DEBIT,386280.29,2024-11-01,Net Banking,Entertainment
T09022,A0160,CREDIT,486528.1,2026-06-17,ATM,Grocery
T07945,A0216,CREDIT,2285.92,2025-08-22,Mobile Banking,Utilities
T04264,A0163,DEBIT,159738.71,2025-12-03,Credit Card,Grocery
T03871,A0501,CREDIT,487099.3,2024-05-07,Net Banking,Utilities
T06242,A0521,CREDIT,290358.99,2026-05-14,Debit Card,Healthcare
T00402,A0362,DEBIT,113019.61,2026-06-19,Mobile Banking,Healthcare
T05956,A0076,DEBIT,275119.84,2024-01-13,Debit Card,Education
T00343,A0033,CREDIT,333135.79,2026-08-29,Credit Card,Restaurant
T03894,A0519,DEBIT,214639.2,2025-08-20,UPI,Online Shopping
T01647,A0346,CREDIT,246238.53,2025-02-08,Credit Card,Healthcare
T02284,A0126,DEBIT,391678.27,2025-01-08,UPI,Entertainment
T00452,A0500,CREDIT,181799.71,2024-10-20,Credit Card,Healthcare
T01032,A0557,CREDIT,47382.3,2025-04-13,UPI,Online Shopping
T06163,A0312,CREDIT,247472.6,2025-12-29,Debit Card,Travel
T08900,A0214,CREDIT,109212.93,2024-08-25,Net Banking,Utilities
T00632,A0064,DEBIT,57325.44,2026-05-17,Mobile Banking,Online Shopping
T02509,A0148,CREDIT,144877.34,2024-09-28,Mobile Banking,Travel
T02738,A0323,CREDIT,135314.01,2024-07-14,ATM,Online Shopping
T02682,A0163,DEBIT,425284.13,2025-08-23,Mobile Banking,Retail
T06680,A0524,DEBIT,421265.42,2024-12-17,Mobile Banking,Grocery
T06913,A0290,DEBIT,24377.93,2025-12-31,Net Banking,Education
T03681,A0504,DEBIT,130453.65,2026-06-27,Mobile Banking,Grocery
T01668,A0302,CREDIT,388156.76,2025-03-16,Credit Card,Fuel
T08943,A0422,CREDIT,139098.69,2026-01-01,Net Banking,Restaurant
T05865,A0065,CREDIT,443711.82,2024-10-29,ATM,Retail
T06802,A0154,CREDIT,9297.6,2025-11-16,Credit Card,Education
T06658,A0544,CREDIT,132275.46,2026-01-12,UPI,Fuel
T01574,A0388,CREDIT,85770.44,2024-02-05,Net Banking,Grocery
T00038,A0498,CREDIT,395622.73,2024-05-25,Net Banking,Healthcare
T08838,A0286,CREDIT,415459.93,2024-05-24,ATM,Entertainment
T05977,A0454,CREDIT,307750.23,2025-07-02,Debit Card,Retail
T06509,A0260,CREDIT,108499.7,2026-08-28,Debit Card,Travel
T03703,A0309,DEBIT,433206.85,2025-04-17,Credit Card,Healthcare
T09746,A0071,TRANSFER,20768.99,2024-06-18,UPI,Grocery
T05620,A0565,DEBIT,209712.42,2026-03-23,Net Banking,Retail
T06383,A0193,DEBIT,472775.01,2025-11-23,UPI,Grocery
T04346,A0419,CREDIT,422336.79,2025-03-02,Mobile Banking,Retail
T00668,A0251,DEBIT,159497.59,2025-07-08,Net Banking,Online Shopping
T03854,A0145,CREDIT,415051.21,2024-09-29,Net Banking,Retail
T02406,A0189,CREDIT,62529.6,2024-01-09,Debit Card,Travel
T01781,A0378,DEBIT,104654.49,2024-03-12,Net Banking,Travel
T07921,A0368,DEBIT,308834.48,2024-04-20,Net Banking,Entertainment
T07107,A0093,CREDIT,305514.42,2026-08-11,Debit Card,Healthcare
T01321,A0222,DEBIT,47567.38,2025-12-01,ATM,Fuel
T02038,A0007,DEBIT,33048.95,2026-03-16,Debit Card,Education
T02321,A0378,CREDIT,75539.6,2024-10-19,UPI,Online Shopping
T06354,A0019,DEBIT,84659.08,2024-01-22,Debit Card,Utilities
T08011,A0418,CREDIT,346342.05,2025-10-05,Credit Card,Travel
T01981,A0548,DEBIT,344248.17,2025-05-01,Net Banking,Fuel
T09143,A0271,CREDIT,495609.13,2026-02-01,UPI,Online Shopping
T00451,A0263,DEBIT,325181.01,2024-05-23,UPI,Fuel
T07744,A0490,DEBIT,11866.24,2025-11-07,ATM,Healthcare
T08601,A0144,CREDIT,291105.82,2025-01-07,UPI,Grocery
T06845,A0284,CREDIT,336132.96,2025-01-14,UPI,Travel
T07030,A0153,CREDIT,473216.36,2026-03-05,ATM,Retail
T04598,A0231,CREDIT,18388.57,2026-03-30,Mobile Banking,Retail
,A0120,DEBIT,47836.06,2025-01-24,ATM,Entertainment
T08186,A0059,DEBIT,238098.18,2025-12-15,ATM,Entertainment
T01109,A0384,CREDIT,445729.24,2025-12-24,ATM,Education
T02835,A0078,DEBIT,362367.12,2024-04-24,Credit Card,Entertainment
T07655,A0308,DEBIT,359706.17,2026-07-08,Net Banking,Education
T09003,A0437,CREDIT,186714.54,2025-12-05,Mobile Banking,Education
T06203,A0557,DEBIT,247958.02,2024-06-18,Debit Card,Online Shopping
T00021,A0534,DEBIT,378547.46,2024-06-12,UPI,Retail
T02359,A0195,CREDIT,331945.62,2026-03-21,ATM,Travel
T04674,A0272,CREDIT,149155.32,2026-06-14,ATM,Utilities
T03456,A0128,DEBIT,70051.42,2025-03-08,Net Banking,Travel
T00042,A0487,CREDIT,380999.42,2025-05-31,Mobile Banking,Entertainment
T08317,A0216,DEBIT,291575.46,2026-03-01,Credit Card,Retail
T01360,A0143,DEBIT,95064.03,2025-12-03,Debit Card,Education
T00921,A0115,CREDIT,183295.61,2025-11-03,Debit Card,Grocery
T02221,A0250,DEBIT,452977.88,2025-09-27,Credit Card,Entertainment
T04459,A0548,DEBIT,459018.09,2025-03-24,UPI,Retail
T09621,A9999,DEBIT,11069.82,2024-09-15,Net Banking,Online Shopping
T01890,A0297,CREDIT,407677.9,2026-05-21,UPI,Education
T05011,A0429,DEBIT,236592.87,2024-02-27,Credit Card,Fuel
T07402,A0259,CREDIT,9169.72,2025-02-12,ATM,Online Shopping
T07837,A0164,DEBIT,431428.63,2026-08-09,Debit Card,Education
T05677,A0500,CREDIT,400965.57,2026-02-02,UPI,Healthcare
T06306,A0172,CREDIT,183229.59,2025-04-01,Credit Card,Entertainment
T00303,A0138,CREDIT,295932.39,2024-10-11,ATM,Fuel
T00857,A0371,DEBIT,250777.82,2024-01-02,Net Banking,Fuel
T02065,A0520,DEBIT,47467.89,2025-12-04,UPI,Grocery
T02483,A0147,DEBIT,209907.24,2025-03-08,ATM,Education
T02459,A0517,CREDIT,377296.63,2025-04-20,Mobile Banking,Retail
T09525,,DEBIT,28517.35,2023-03-13,Debit Card,Fuel
T05499,A0493,CREDIT,186421.75,2024-03-15,Debit Card,Restaurant
T08749,A0092,CREDIT,426897.07,2024-07-22,Net Banking,Travel
T04738,A0271,DEBIT,38954.42,2025-07-06,Net Banking,Healthcare
T08343,A0109,CREDIT,447154.37,2026-07-16,Debit Card,Education
T07692,A0452,CREDIT,312272.66,2025-11-25,Debit Card,Grocery
T06136,A0075,CREDIT,463893.7,2026-02-13,Net Banking,Education
T01835,A0018,DEBIT,17887.64,2024-04-07,Debit Card,Online Shopping
T04266,A0412,CREDIT,110602.43,2025-03-31,Debit Card,Education
T00518,A0170,CREDIT,476885.66,2025-05-14,Credit Card,Entertainment
T00821,A0086,CREDIT,221755.1,2024-10-09,Net Banking,Travel
T03281,A0100,CREDIT,411971.31,2025-09-27,Mobile Banking,Entertainment
T05434,A0520,DEBIT,460878.18,2024-11-23,Mobile Banking,Entertainment
T08990,A0141,CREDIT,469439.17,2024-04-01,Credit Card,Entertainment
T02718,A0069,CREDIT,77066.72,2025-01-18,Mobile Banking,Utilities
T09454,A0373,CREDIT,274444.35,2025-12-25,Net Banking,Fuel
T06445,A0121,DEBIT,283115.46,2025-09-08,UPI,Restaurant
T07071,A0384,DEBIT,300452.98,2025-12-20,Net Banking,Online Shopping
T00019,A0203,DEBIT,42232.03,2025-07-04,Debit Card,Healthcare
T00691,A0283,DEBIT,434540.78,2024-05-10,ATM,Grocery
T05754,A0363,DEBIT,266946.54,2024-02-29,ATM,Utilities
T01762,A0393,CREDIT,348069.83,2025-06-20,Credit Card,Education
T07987,A0007,DEBIT,53003.0,2024-02-23,ATM,Entertainment
T00447,A0510,CREDIT,402382.75,2024-05-26,Debit Card,Education
T06335,A0244,DEBIT,459683.01,2025-03-08,Credit Card,Utilities
T04517,A0014,DEBIT,296944.61,2024-10-14,Credit Card,Fuel
T06257,A0326,CREDIT,10842.23,2025-01-21,Credit Card,Retail
T01288,A0065,CREDIT,107816.24,2025-02-11,Mobile Banking,Healthcare
T04796,A0407,CREDIT,443733.41,2025-07-10,Debit Card,Travel
T05846,A0389,CREDIT,450772.18,2024-10-11,UPI,Retail
T04187,A0338,CREDIT,310606.87,2024-06-26,Credit Card,Retail
T03464,A0012,CREDIT,223828.38,2025-02-10,UPI,Healthcare
T08897,A0248,DEBIT,380091.78,2025-04-20,Net Banking,Restaurant
T09715,A0358,TRANSFER,29526.58,2023-05-18,Debit Card,Restaurant
T01195,A0205,DEBIT,190070.46,2024-02-06,Mobile Banking,Restaurant
T00244,A0533,DEBIT,466070.98,2025-04-29,Debit Card,Fuel
T07679,A0349,CREDIT,495015.47,2025-03-02,UPI,Fuel
T04944,A0045,CREDIT,203008.03,2024-02-19,UPI,Fuel
T01414,A0017,CREDIT,217825.22,2025-10-15,ATM,Entertainment
T06914,A0008,DEBIT,367936.97,2026-07-06,ATM,Utilities
T06070,A0471,CREDIT,375374.26,2024-06-23,Debit Card,Travel
T01976,A0236,DEBIT,6006.47,2026-05-28,Mobile Banking,Online Shopping
T07515,A0060,DEBIT,475557.48,2025-03-09,UPI,Online Shopping
T06916,A0412,CREDIT,210664.35,2024-11-29,UPI,Retail
T02588,A0393,CREDIT,53624.76,2024-03-31,Debit Card,Travel
T07353,A0340,CREDIT,219300.8,2024-09-21,ATM,Healthcare
T09115,A0175,DEBIT,24677.84,2024-01-05,Mobile Banking,Entertainment
T07746,A0531,DEBIT,347946.07,2024-12-25,Credit Card,Fuel
T07054,A0240,DEBIT,360412.16,2024-08-01,ATM,Fuel
T00733,A0209,DEBIT,470908.8,2025-08-07,Credit Card,Entertainment
T00757,A0133,CREDIT,475144.25,2024-01-22,Credit Card,Online Shopping
T02070,A0449,DEBIT,392488.29,2026-07-10,Net Banking,Utilities
T01169,A0464,DEBIT,452347.56,2026-03-04,Net Banking,Healthcare
T08195,A0154,CREDIT,66291.0,2024-04-29,ATM,Healthcare
T06889,A0268,DEBIT,104789.15,2026-05-02,Credit Card,Grocery
T03170,A0098,CREDIT,144709.12,2024-06-06,UPI,Healthcare
T04991,A0440,CREDIT,478743.43,2026-04-01,Debit Card,Travel
T02857,A0470,DEBIT,124397.14,2024-07-06,Net Banking,Restaurant
T08465,A0413,CREDIT,475468.37,2025-01-09,Net Banking,Utilities
T06768,A0325,CREDIT,44515.13,2026-02-03,Debit Card,Grocery
T09249,A0344,CREDIT,417998.69,2025-03-28,ATM,Retail
T01068,A0165,CREDIT,279283.03,2026-06-03,Net Banking,Utilities
T03268,A0275,DEBIT,302709.24,2024-04-28,ATM,Utilities
T08064,A0426,DEBIT,293105.89,2025-05-02,UPI,Retail
T03408,A0496,DEBIT,234624.44,2026-07-30,Mobile Banking,Online Shopping
T06215,A0062,DEBIT,59954.52,2026-07-14,ATM,Travel
T02913,A0329,DEBIT,130359.96,2026-01-05,Net Banking,Healthcare
T02869,A0318,DEBIT,483898.53,2026-05-25,Mobile Banking,Grocery
T03518,A0359,DEBIT,146348.55,2024-03-23,Debit Card,Healthcare
T03915,A0190,CREDIT,249543.93,2024-02-12,Debit Card,Education
T08263,A0300,DEBIT,438572.93,2024-05-16,Net Banking,Fuel
T07454,A0051,DEBIT,284255.25,2024-11-05,Credit Card,Retail
T02664,A0545,CREDIT,240629.1,2026-01-10,UPI,Travel
T07872,A0349,CREDIT,484972.97,2025-04-14,Mobile Banking,Healthcare
T06877,A0205,CREDIT,308214.79,2024-03-13,Credit Card,Grocery
T06805,A0413,DEBIT,268991.91,2025-03-17,ATM,Entertainment
T07100,A0531,DEBIT,116049.38,2026-07-23,UPI,Restaurant
T02992,A0340,DEBIT,431022.64,2024-12-02,Debit Card,Utilities
T06273,A0182,DEBIT,398066.09,2025-05-08,UPI,Grocery
T01660,A0049,DEBIT,496595.93,2025-08-17,Mobile Banking,Online Shopping
T00571,A0079,CREDIT,339633.55,2026-05-23,UPI,Fuel
T01932,A0185,CREDIT,422424.76,2026-03-10,Credit Card,Utilities
T02497,A0009,CREDIT,311382.06,2024-04-25,Debit Card,Travel
T00817,A0455,CREDIT,157186.85,2026-05-28,Net Banking,Restaurant
T06758,A0434,CREDIT,429699.26,2025-01-23,Debit Card,Retail
T00958,A0162,CREDIT,162908.06,2025-06-12,Credit Card,Fuel
T04577,A0281,DEBIT,475297.71,2025-04-28,UPI,Online Shopping
T04640,A0415,CREDIT,201695.89,2025-04-13,ATM,Restaurant
T03575,A0272,DEBIT,180967.36,2026-08-15,Debit Card,Healthcare
T06868,A0181,CREDIT,327392.95,2026-03-06,ATM,Fuel
T05179,A0433,CREDIT,212363.47,2025-07-17,Credit Card,Education
T07954,A0055,CREDIT,147364.72,2024-08-01,UPI,Online Shopping
T01427,A0562,CREDIT,499322.4,2024-06-06,Credit Card,Utilities
T01860,A0544,DEBIT,246067.36,2024-07-23,Credit Card,Grocery
T05640,A0186,CREDIT,315267.54,2026-07-29,ATM,Online Shopping
T07229,A0315,CREDIT,145483.32,2026-06-26,ATM,Utilities
T01765,A0412,CREDIT,445103.61,2026-08-15,Debit Card,Education
T07083,A0023,DEBIT,147223.69,2026-08-24,UPI,Grocery
T00639,A0560,CREDIT,170421.58,2025-11-29,Mobile Banking,Education
T04362,A0383,DEBIT,41694.6,2025-02-12,UPI,Online Shopping
T03719,A0422,DEBIT,491928.28,2025-10-08,Mobile Banking,Retail
T05840,A0388,CREDIT,81504.38,2025-08-11,Debit Card,Online Shopping
T07903,A0243,DEBIT,234863.08,2024-05-10,Credit Card,Restaurant
T01314,A0490,CREDIT,339590.8,2024-02-02,Credit Card,Utilities
T08737,A0285,DEBIT,205330.01,2025-05-27,Debit Card,Entertainment
T01792,A0187,DEBIT,480179.26,2025-10-22,Credit Card,Grocery
T08185,A0029,DEBIT,50760.58,2024-09-27,Credit Card,Entertainment
T04842,A0037,CREDIT,126668.56,2026-03-04,Debit Card,Travel
T06694,A0293,DEBIT,318384.78,2024-02-07,Net Banking,Healthcare
T06005,A0014,DEBIT,427634.74,2024-07-23,Net Banking,Travel
T09761,A0444,DEBIT,42419.79,2025-03-06,Telegram,Utilities
T07600,A0437,CREDIT,223109.95,2024-09-12,Mobile Banking,Education
T08576,A0298,CREDIT,395583.7,2025-09-14,Net Banking,Online Shopping
T06444,A0362,CREDIT,340663.85,2025-01-16,UPI,Education
T07387,A0232,CREDIT,2233.53,2025-01-09,Mobile Banking,Education
T03378,A0544,CREDIT,270492.59,2024-02-19,ATM,Education
T08182,A0015,DEBIT,284188.38,2026-01-07,ATM,Grocery
T04655,A0437,DEBIT,2643.69,2024-04-08,Net Banking,Online Shopping
T06461,A0415,CREDIT,440996.46,2026-03-25,Net Banking,Grocery
T01480,A0237,DEBIT,417417.6,2024-08-16,Credit Card,Restaurant
T03533,A0288,CREDIT,413909.55,2025-06-27,Net Banking,Education
T06598,A0399,DEBIT,270002.42,2025-06-11,Debit Card,Travel
T07882,A0197,CREDIT,334109.66,2026-06-13,Mobile Banking,Fuel
T02641,A0122,CREDIT,289074.29,2026-07-25,Debit Card,Grocery
T03714,A0213,CREDIT,311032.94,2024-02-29,UPI,Retail
T02050,A0085,CREDIT,450858.1,2026-01-12,UPI,Retail
T00350,A0254,CREDIT,364651.36,2024-07-10,ATM,Restaurant
T03082,A0310,DEBIT,255012.89,2025-09-15,Mobile Banking,Healthcare
T01375,A0274,DEBIT,420399.92,2024-06-04,UPI,Education
T06954,A0083,CREDIT,127377.43,2024-04-05,Credit Card,Healthcare
T05633,A0079,CREDIT,263652.31,2025-05-25,Net Banking,Entertainment
T01318,A0259,CREDIT,41574.04,2026-01-11,Mobile Banking,Online Shopping
T08674,A0218,CREDIT,440688.16,2025-12-04,ATM,Restaurant
T02147,A0526,CREDIT,266947.09,2025-05-19,Net Banking,Fuel
T07682,A0424,CREDIT,472965.78,2025-01-15,ATM,Utilities
T07406,A0158,DEBIT,54494.5,2026-04-15,ATM,Travel
T06950,A0120,DEBIT,354911.88,2025-11-11,Debit Card,Entertainment
T05609,A0217,DEBIT,153696.36,2025-04-24,Credit Card,Retail
T01076,A0078,CREDIT,46772.5,2025-12-29,Net Banking,Healthcare
T09060,A0041,DEBIT,469119.21,2025-09-04,ATM,Fuel
T03228,A0086,CREDIT,23875.57,2024-11-15,Mobile Banking,Grocery
T07447,A0372,CREDIT,278043.78,2026-02-28,Credit Card,Fuel
T05690,A0405,DEBIT,33781.25,2024-05-11,UPI,Grocery
T05795,A0115,DEBIT,367933.09,2025-05-02,ATM,Travel
T09430,A0129,CREDIT,340549.61,2025-01-19,UPI,Travel
T07640,A0068,DEBIT,437916.06,2025-06-14,ATM,Grocery
T06126,A0546,DEBIT,290342.08,2025-09-13,Net Banking,Online Shopping
T04976,A0364,CREDIT,441416.89,2026-03-29,Debit Card,Grocery
T01743,A0546,DEBIT,394788.59,2026-04-30,ATM,Travel
T04484,A0308,CREDIT,94357.57,2026-01-16,Debit Card,Travel
T08561,A0349,CREDIT,118127.68,2025-11-09,UPI,Healthcare
T06419,A0151,DEBIT,439551.18,2026-08-01,Debit Card,Retail
T00370,A0356,DEBIT,224296.26,2026-01-04,UPI,Healthcare
T09134,A0207,DEBIT,5601.35,2024-12-12,Mobile Banking,Online Shopping
T03709,A0471,DEBIT,439100.99,2026-06-09,UPI,Travel
T04970,A0336,DEBIT,343274.39,2026-07-24,Debit Card,Entertainment
T04848,A0381,DEBIT,290214.91,2024-07-10,Mobile Banking,Fuel
T09209,A0138,DEBIT,50305.09,2024-04-16,Net Banking,Education
T06943,A0118,DEBIT,468837.29,2024-12-11,ATM,Online Shopping
T09061,A0264,DEBIT,182058.69,2026-03-09,ATM,Grocery
T03201,A0027,DEBIT,392417.65,2025-02-06,Mobile Banking,Education
T04365,A0498,CREDIT,183572.83,2024-02-10,Credit Card,Entertainment
T08776,A0526,DEBIT,363350.34,2026-08-02,Mobile Banking,Retail
T08948,A0229,CREDIT,240492.32,2026-03-10,ATM,Grocery
T09108,A0365,CREDIT,313095.04,2024-01-05,Mobile Banking,Fuel
T05150,A0479,CREDIT,173155.85,2026-04-14,Credit Card,Retail
T06416,A0133,CREDIT,238461.33,2026-04-05,UPI,Healthcare
T06093,A0223,CREDIT,106151.18,2024-05-11,Credit Card,Education
T04787,A0509,DEBIT,3288.2,2024-01-19,ATM,Healthcare
T07786,A0296,DEBIT,215591.94,2024-06-08,Mobile Banking,Healthcare
T01732,A0066,DEBIT,247499.64,2025-06-28,Credit Card,Healthcare
T02499,A0406,CREDIT,174405.54,2026-03-17,ATM,Retail
T06111,A0556,CREDIT,325290.1,2024-11-23,Net Banking,Retail
T06477,A0139,DEBIT,498011.43,2026-02-06,UPI,Online Shopping
T04994,A0012,CREDIT,448571.62,2024-05-23,UPI,Healthcare
T07002,A0275,CREDIT,274454.55,2024-02-16,UPI,Restaurant
T01833,A0068,CREDIT,402700.54,2024-08-07,Mobile Banking,Fuel
T00206,A0534,DEBIT,324058.41,2024-10-22,UPI,Travel
T03315,A0050,CREDIT,288269.47,2025-10-20,ATM,Travel
T08131,A0110,CREDIT,26415.21,2024-10-09,Debit Card,Retail
T02193,A0520,DEBIT,485999.24,2025-04-25,Credit Card,Online Shopping
T08160,A0287,CREDIT,127608.37,2024-04-05,Debit Card,Retail
T07478,A0467,DEBIT,19544.5,2025-03-01,UPI,Healthcare
T02449,A0193,DEBIT,449366.97,2025-04-18,UPI,Utilities
T00467,A0430,CREDIT,334855.24,2024-09-22,ATM,Retail
T08868,A0370,DEBIT,280661.57,2026-03-23,ATM,Utilities
T04791,A0131,CREDIT,290556.13,2026-08-08,ATM,Education
T07414,A0099,CREDIT,167891.73,2026-02-16,ATM,Fuel
T00280,A0299,CREDIT,104962.2,2026-04-03,Mobile Banking,Travel
T03728,A0422,DEBIT,335640.22,2026-05-29,Credit Card,Education
T07719,A0378,DEBIT,325304.19,2026-07-16,ATM,Grocery
T04658,A0424,DEBIT,152172.98,2026-02-12,Credit Card,Education
T01572,A0033,CREDIT,362899.35,2026-01-11,ATM,Utilities
T06241,A0450,DEBIT,217265.22,2025-09-21,Debit Card,Education
T02582,A0206,CREDIT,283942.37,2026-08-05,Mobile Banking,Healthcare
T08928,A0551,CREDIT,89472.8,2024-02-26,Debit Card,Travel
T07717,A0002,CREDIT,32233.91,2025-12-27,ATM,Travel
T01248,A0306,DEBIT,102199.59,2024-10-30,UPI,Retail
T00450,A0073,CREDIT,355356.45,2025-04-16,Debit Card,Entertainment
T06841,A0433,CREDIT,117470.56,2025-11-05,Mobile Banking,Utilities
T07010,A0088,CREDIT,225766.4,2024-05-16,ATM,Fuel
T08084,A0540,DEBIT,254416.29,2025-08-22,Net Banking,Restaurant
T04539,A0112,CREDIT,11195.07,2023-07-14,ATM,Utilities
T07189,A0454,DEBIT,210207.98,2024-05-18,Mobile Banking,Retail
T06064,A0398,DEBIT,266063.03,2025-05-08,Debit Card,Retail
T00943,A0489,DEBIT,49225.29,2026-06-21,UPI,Utilities
T05036,A0551,DEBIT,212746.78,2025-10-30,Mobile Banking,Grocery
T06274,A0292,DEBIT,142779.66,2026-04-25,Debit Card,Entertainment
T00055,A0315,DEBIT,339336.42,2024-03-01,Net Banking,Utilities
T06703,A0410,CREDIT,23019.92,2025-04-03,UPI,Education
T01264,A0044,CREDIT,109578.55,2024-08-26,ATM,Grocery
T09213,A0386,CREDIT,171977.03,2025-02-24,Credit Card,Online Shopping
T06537,A0107,DEBIT,106633.69,2024-08-06,ATM,Fuel
T05737,A0093,DEBIT,297209.52,2026-01-07,Credit Card,Entertainment
T05392,A0469,CREDIT,217110.15,2025-08-01,Mobile Banking,Fuel
T01785,A0251,DEBIT,131268.95,2024-06-12,ATM,Education
T01058,A0507,CREDIT,295583.11,2025-11-12,Debit Card,Online Shopping
T07115,A0095,DEBIT,388875.62,2024-03-09,Net Banking,Healthcare
T06484,A0350,CREDIT,390195.44,2025-12-03,Credit Card,Grocery
T05590,A0493,CREDIT,279005.13,2026-04-10,Net Banking,Education
T04395,A0249,DEBIT,413393.72,2025-02-25,UPI,Education
T08967,A0371,CREDIT,200874.49,2024-12-20,Debit Card,Fuel
T07630,A0559,DEBIT,239811.37,2026-08-02,Credit Card,Grocery
T07049,A0171,CREDIT,379315.78,2026-06-26,Credit Card,Retail
T02322,A0331,DEBIT,109261.31,2024-06-04,Net Banking,Utilities
T04825,A0186,DEBIT,152845.77,2025-11-21,ATM,Retail
T03814,A0206,CREDIT,468820.38,2024-11-26,Debit Card,Utilities
T00860,A0185,DEBIT,75458.71,2024-11-14,Credit Card,Entertainment
T03748,A0374,CREDIT,346913.85,2025-05-15,Net Banking,Fuel
T04620,A0037,CREDIT,404975.56,2026-01-04,Credit Card,Retail
T07641,A0068,CREDIT,413343.75,2024-12-07,UPI,Entertainment
T04633,A0203,DEBIT,261245.13,2025-01-06,Net Banking,Travel
T03224,A0289,CREDIT,412779.74,2025-07-12,Mobile Banking,Restaurant
T04668,A0454,CREDIT,296748.17,2026-08-02,Net Banking,Education
T05008,A0185,CREDIT,182551.22,2026-03-25,ATM,Fuel
T06368,A0095,CREDIT,139706.31,2024-06-27,Credit Card,Entertainment
T06191,A0566,DEBIT,17055.01,2025-10-18,Net Banking,Fuel
T03647,A0009,DEBIT,51614.77,2025-05-21,Debit Card,Travel
T03612,A0055,DEBIT,265247.6,2026-08-28,ATM,Retail
T09138,A0312,CREDIT,429143.22,2024-04-28,UPI,Education
T03954,A0053,DEBIT,476686.24,2025-08-12,Credit Card,Healthcare
T05177,A0070,CREDIT,152345.32,2025-12-24,Debit Card,Retail
T01130,A0016,CREDIT,461050.96,2024-07-29,Mobile Banking,Online Shopping
T01421,A0361,DEBIT,96820.3,2026-08-02,Net Banking,Grocery
T06291,A0416,CREDIT,45408.49,2025-09-24,Mobile Banking,Travel
T03081,A0362,CREDIT,160270.76,2025-09-08,UPI,Education
T09051,A0522,DEBIT,166453.68,2024-02-25,Credit Card,Restaurant
T04230,A0150,CREDIT,314176.48,2025-10-14,Net Banking,Grocery
T05994,A0379,DEBIT,484312.31,2024-12-28,Credit Card,Online Shopping
T01809,A0568,DEBIT,303329.32,2026-08-20,Mobile Banking,Entertainment
T09043,A0569,DEBIT,16274.54,2024-02-05,ATM,Restaurant
T07901,A0084,DEBIT,50323.47,2026-04-25,UPI,Utilities
T01549,A0290,DEBIT,404874.11,2026-02-14,Mobile Banking,Education
T07119,A0203,CREDIT,372136.87,2025-02-23,ATM,Restaurant
T05733,A0135,DEBIT,280993.28,2024-09-26,Net Banking,Restaurant
T06453,A0430,DEBIT,182800.3,2026-08-29,Mobile Banking,Education
T08289,A0301,CREDIT,333354.38,2025-04-28,Credit Card,Utilities
T04216,A0054,CREDIT,461154.94,2025-08-13,UPI,Grocery
T01536,A0282,DEBIT,331593.56,2026-05-28,Mobile Banking,Grocery
T08597,A0389,DEBIT,472784.86,2024-01-22,Credit Card,Education
T02981,A0248,CREDIT,94907.9,2026-04-16,ATM,Fuel
T08831,A0305,DEBIT,36942.06,2025-03-12,Credit Card,Travel
T02634,A0561,CREDIT,336900.83,2026-01-03,Net Banking,Utilities
T00710,A0429,CREDIT,284714.19,2026-04-26,ATM,Education
T06593,A0152,CREDIT,163180.86,2024-10-09,Debit Card,Retail
T06398,A0174,DEBIT,421172.76,2024-11-16,Debit Card,Retail
T08895,A0488,DEBIT,38746.04,2024-02-25,UPI,Travel
T06746,A0526,CREDIT,220520.46,2026-08-04,Net Banking,Entertainment
T01759,A0100,CREDIT,399421.99,2025-04-03,Debit Card,Retail
T01815,A0096,CREDIT,389494.52,2025-10-20,Net Banking,Grocery
T02762,A0012,CREDIT,302781.72,2025-11-01,Credit Card,Healthcare
T00919,A0408,CREDIT,181750.3,2026-01-03,Net Banking,Entertainment
T08014,A0167,CREDIT,319735.13,2024-06-10,ATM,Utilities
T06139,A0030,CREDIT,161911.31,2024-01-13,Debit Card,Restaurant
T02544,A0203,DEBIT,489825.74,2024-10-12,Net Banking,Restaurant
T02672,A0148,DEBIT,472803.14,2026-05-30,Mobile Banking,Travel
T04034,A0229,CREDIT,489447.82,2025-09-17,Net Banking,Restaurant
T08379,A0344,DEBIT,315547.66,2025-02-17,UPI,Restaurant
T08627,A0134,DEBIT,204259.57,2025-03-20,Net Banking,Healthcare
T05520,A0266,DEBIT,81991.94,2024-10-25,Credit Card,Entertainment
T01397,A0235,DEBIT,155868.01,2025-06-17,UPI,Travel
T08256,A0470,DEBIT,114418.66,2025-09-03,Net Banking,Entertainment
T09490,A0291,CREDIT,464424.78,2026-05-24,Credit Card,Utilities
T03460,A0556,CREDIT,204642.6,2024-08-29,Credit Card,Education
T04277,A0476,CREDIT,399016.27,2024-04-21,Debit Card,Grocery
T09776,A0321,CREDIT,22287.79,2025-03-08,Telegram,Utilities
T09319,A0333,CREDIT,5133.11,2026-05-22,UPI,Retail
T05173,A0247,CREDIT,408224.0,2026-01-19,Debit Card,Fuel
T09741,A0325,TRANSFER,45811.94,2026-01-19,Mobile Banking,Grocery
T00726,A0147,CREDIT,407012.19,2026-01-22,Mobile Banking,Travel
T08414,A0019,CREDIT,111327.6,2024-06-02,ATM,Utilities
T09113,A0475,CREDIT,166545.82,2025-09-19,Mobile Banking,Restaurant
T06118,A0204,DEBIT,288620.84,2026-05-31,ATM,Grocery
T00208,A0228,DEBIT,260783.82,2024-07-06,Credit Card,Retail
T06676,A0490,DEBIT,217406.73,2024-02-02,Net Banking,Restaurant
T06247,A0339,CREDIT,202228.42,2025-03-08,Credit Card,Education
T06540,A0162,CREDIT,474653.5,2025-11-24,Debit Card,Retail
T00360,A0001,CREDIT,330249.34,2024-11-25,ATM,Restaurant
T01437,A0533,DEBIT,403113.86,2026-03-07,ATM,Travel
T05178,A0558,CREDIT,223924.91,2024-05-17,Net Banking,Restaurant
T04548,A0363,DEBIT,393985.85,2024-01-30,UPI,Travel
T00937,A0409,CREDIT,476018.93,2025-06-03,UPI,Restaurant
T00641,A0361,DEBIT,309277.58,2025-07-26,ATM,Online Shopping
T05564,A0430,CREDIT,443458.42,2024-07-18,Debit Card,Entertainment
T00787,A0302,DEBIT,261287.8,2025-09-21,Debit Card,Fuel
T04754,A0475,DEBIT,405403.1,2025-11-26,Debit Card,Utilities
T02261,A0110,CREDIT,389414.69,2024-07-27,Mobile Banking,Entertainment
T05962,A0383,CREDIT,281108.38,2025-06-28,Credit Card,Restaurant
T05801,A0439,CREDIT,124387.19,2025-10-02,Debit Card,Utilities
T09033,A0542,DEBIT,414380.26,2025-01-21,ATM,Restaurant
T03590,A0321,DEBIT,269370.05,2025-08-01,Credit Card,Fuel
T06810,A0392,DEBIT,382382.34,2025-06-18,UPI,Restaurant
T09272,A0071,DEBIT,213419.15,2026-07-26,Net Banking,Entertainment
T08929,A0135,CREDIT,21353.19,2025-08-23,ATM,Fuel
T05889,A0495,DEBIT,186796.41,2025-12-07,Credit Card,Healthcare
T05103,A0401,CREDIT,168714.78,2024-03-17,Debit Card,Online Shopping
T00314,A0565,DEBIT,303772.73,2026-07-07,UPI,Grocery
T02666,A0191,DEBIT,148323.77,2024-03-15,Debit Card,Education
T01112,A0531,CREDIT,450125.28,2025-05-24,ATM,Fuel
T05988,A0165,DEBIT,452868.25,2025-04-03,Credit Card,Restaurant
T03701,A0228,DEBIT,219928.24,2025-03-07,UPI,Entertainment
T04828,A0371,DEBIT,309069.45,2024-06-09,Credit Card,Entertainment
T05371,A0550,DEBIT,391839.8,2024-08-25,Mobile Banking,Education
T03305,A0551,CREDIT,262727.83,2024-08-19,UPI,Restaurant
T02255,A0045,DEBIT,163479.06,2026-07-09,Net Banking,Utilities
T06343,A0496,DEBIT,288343.65,2025-12-01,Mobile Banking,Utilities
T05424,A0113,CREDIT,493199.85,2024-12-20,Net Banking,Travel
T08849,A0503,CREDIT,163186.12,2024-03-29,Net Banking,Entertainment
T09549,,DEBIT,18954.29,2025-06-08,Credit Card,Travel
T03415,A0124,DEBIT,54257.38,2025-01-08,Mobile Banking,Fuel
T01183,A0117,CREDIT,454601.49,2024-04-09,UPI,Grocery
T09172,A0372,CREDIT,272804.73,2025-04-05,Net Banking,Restaurant
T04000,A0408,CREDIT,213179.71,2026-03-25,UPI,Restaurant
T06082,A0411,CREDIT,499418.71,2024-03-04,Mobile Banking,Healthcare
T06555,A0057,DEBIT,482258.34,2024-01-22,UPI,Fuel
T00497,A0567,CREDIT,474355.28,2024-07-27,UPI,Online Shopping
T08055,A0123,CREDIT,116901.28,2025-04-29,Net Banking,Utilities
T02057,A0516,CREDIT,273626.52,2024-06-30,Debit Card,Travel
T06231,A0157,CREDIT,103990.09,2024-09-18,UPI,Utilities
T03164,A0055,DEBIT,321193.18,2025-10-29,UPI,Grocery
T03923,A0462,CREDIT,61779.07,2024-03-11,Mobile Banking,Utilities
T02474,A0298,CREDIT,196504.4,2025-11-26,Net Banking,Retail
T00271,A0328,DEBIT,251238.76,2025-12-06,UPI,Restaurant
T02270,A0469,DEBIT,91637.49,2025-02-20,ATM,Online Shopping
T06150,A0150,DEBIT,492117.45,2025-04-21,Credit Card,Travel
,A0539,DEBIT,34819.75,2025-04-26,ATM,Utilities
T06887,A0210,DEBIT,12930.99,2026-03-09,Credit Card,Education
T01861,A0117,CREDIT,12492.59,2025-08-01,Credit Card,Grocery
T00128,A0134,CREDIT,95921.48,2025-01-22,Mobile Banking,Utilities
T09516,,CREDIT,25648.19,2023-01-17,Net Banking,Healthcare
T07612,A0517,CREDIT,305205.96,2026-02-24,Mobile Banking,Retail
T04906,A0352,CREDIT,435424.28,2025-01-08,Mobile Banking,Entertainment
T06900,A0459,CREDIT,154279.18,2025-12-21,ATM,Grocery
T08212,A0233,CREDIT,329766.25,2025-10-06,Debit Card,Restaurant
T07922,A0478,DEBIT,123692.23,2025-01-05,Net Banking,Healthcare
T00432,A0415,DEBIT,82495.7,2026-04-02,Debit Card,Healthcare
T08231,A0132,DEBIT,430635.76,2026-02-25,Net Banking,Restaurant
T02110,A0535,DEBIT,361422.42,2025-12-03,Debit Card,Fuel
T05814,A0159,CREDIT,361979.61,2024-10-14,UPI,Grocery
T01817,A0524,CREDIT,28438.65,2026-04-23,ATM,Retail
T04307,A0192,CREDIT,43590.48,2024-05-21,Mobile Banking,Healthcare
T05510,A0170,CREDIT,83815.9,2025-01-30,Credit Card,Retail
T00420,A0121,CREDIT,188792.65,2024-01-27,Mobile Banking,Healthcare
T02988,A0097,DEBIT,344401.05,2024-01-01,UPI,Healthcare
T01140,A0292,DEBIT,142423.94,2025-08-06,Debit Card,Online Shopping
T05193,A0550,CREDIT,266562.24,2025-08-10,ATM,Fuel
T06871,A0163,DEBIT,463388.09,2024-06-07,ATM,Grocery
T08774,A0540,DEBIT,121467.55,2025-03-24,ATM,Online Shopping
T03183,A0439,CREDIT,86714.0,2025-08-20,Net Banking,Healthcare
T06417,A0187,DEBIT,224438.06,2025-12-10,Debit Card,Grocery
T05693,A0520,DEBIT,369788.94,2024-03-28,Net Banking,Healthcare
T06344,A0464,DEBIT,26851.17,2025-07-24,Net Banking,Travel
T01217,A0068,DEBIT,363601.75,2024-11-22,Credit Card,Utilities
T07540,A0292,CREDIT,299268.54,2024-05-19,Credit Card,Retail
T04521,A0508,CREDIT,137246.7,2024-02-19,Net Banking,Healthcare
T02617,A0207,CREDIT,297377.78,2025-07-17,Net Banking,Fuel
T06201,A0037,CREDIT,364842.63,2024-09-23,Debit Card,Travel
T00495,A0413,DEBIT,258686.81,2025-03-23,ATM,Online Shopping
T09608,A9999,CREDIT,23788.8,2023-01-30,Debit Card,Grocery
T08531,A0197,DEBIT,85488.31,2024-06-28,ATM,Fuel
T04361,A0179,DEBIT,66854.72,2025-12-02,Debit Card,Travel
T08247,A0460,DEBIT,11437.75,2026-06-27,Credit Card,Fuel
T06435,A0261,DEBIT,476721.21,2025-01-02,Debit Card,Education
T08540,A0128,CREDIT,253068.75,2025-09-03,Debit Card,Restaurant
T05303,A0529,DEBIT,473043.51,2024-04-27,Credit Card,Utilities
T02347,A0003,CREDIT,2790.78,2026-08-16,ATM,Grocery
T03075,A0058,CREDIT,354243.87,2026-03-26,Credit Card,Utilities
T07737,A0503,CREDIT,493770.13,2024-09-07,UPI,Restaurant
T06970,A0420,DEBIT,416457.13,2024-04-30,Net Banking,Online Shopping
T09160,A0385,DEBIT,49065.68,2026-04-03,Debit Card,Fuel
T00604,A0413,CREDIT,231457.63,2026-02-20,Net Banking,Entertainment
T04822,A0028,DEBIT,227149.27,2026-08-19,Net Banking,Healthcare
T00176,A0079,CREDIT,252246.98,2026-03-09,Debit Card,Healthcare
T01479,A0486,DEBIT,464531.3,2026-07-25,Net Banking,Fuel
T06582,A0275,DEBIT,344068.08,2025-10-05,Credit Card,Fuel
T05686,A0418,CREDIT,170883.4,2026-06-22,Debit Card,Utilities
T07506,A0194,CREDIT,367990.23,2025-05-19,Credit Card,Entertainment
T02909,A0092,DEBIT,347568.75,2025-11-04,ATM,Education
T01996,A0535,DEBIT,230708.43,2025-01-23,UPI,Retail
T09035,A0257,CREDIT,208833.33,2024-05-24,Mobile Banking,Healthcare
T06670,A0509,CREDIT,143736.83,2026-07-05,UPI,Utilities
T00610,A0206,CREDIT,33664.32,2024-06-05,Net Banking,Online Shopping
T05106,A0346,DEBIT,126621.11,2026-04-29,UPI,Education
,A0216,DEBIT,11858.11,2023-10-08,ATM,Retail
T01201,A0090,CREDIT,4921.66,2024-01-14,Mobile Banking,Utilities
T08275,A0466,DEBIT,334129.73,2024-08-11,UPI,Grocery
T04696,A0152,CREDIT,353596.95,2026-02-08,Net Banking,Utilities
T09294,A0106,DEBIT,434080.5,2026-02-22,UPI,Healthcare
T07345,A0068,CREDIT,295309.99,2025-10-25,UPI,Travel
T09722,A0178,TRANSFER,10468.94,2024-03-18,Mobile Banking,Education
T09072,A0175,DEBIT,182090.72,2025-02-28,Credit Card,Fuel
,A0037,DEBIT,38198.84,2026-04-10,Net Banking,Retail
T04581,A0427,CREDIT,38125.69,2026-08-13,Credit Card,Restaurant
T09770,A0145,CREDIT,30160.84,2023-07-27,Telegram,Grocery
T01731,A0027,DEBIT,137522.53,2026-03-09,UPI,Fuel
T06991,A0191,CREDIT,213937.22,2024-09-03,Credit Card,Restaurant
T02370,A0401,DEBIT,184382.86,2026-04-21,Credit Card,Education
T08269,A0540,DEBIT,400124.77,2025-01-15,ATM,Fuel
T02190,A0233,CREDIT,446821.37,2025-09-09,Net Banking,Grocery
T01737,A0378,CREDIT,347781.26,2026-06-23,UPI,Utilities
T06754,A0557,DEBIT,478875.08,2025-01-04,Mobile Banking,Utilities
T08054,A0510,CREDIT,56587.79,2025-06-12,UPI,Online Shopping
T08828,A0408,CREDIT,34573.25,2026-01-13,Mobile Banking,Fuel
T02887,A0304,CREDIT,164820.31,2025-12-27,Mobile Banking,Grocery
T01182,A0566,DEBIT,349961.32,2024-10-14,Mobile Banking,Travel
T05111,A0102,DEBIT,363540.87,2025-07-15,ATM,Fuel
T08356,A0258,CREDIT,292746.3,2026-07-12,UPI,Online Shopping
T07909,A0109,DEBIT,444445.63,2025-07-19,Mobile Banking,Entertainment
T02767,A0225,CREDIT,185430.7,2024-07-24,Net Banking,Fuel
T04210,A0255,DEBIT,383395.29,2026-01-17,Net Banking,Healthcare
T02888,A0057,CREDIT,116842.77,2026-05-01,ATM,Retail
T09702,A0182,DEBIT,-9337.6,2025-01-05,Mobile Banking,Utilities
T03039,A0484,DEBIT,2568.64,2026-03-31,ATM,Travel
T07890,A0390,CREDIT,464890.09,2024-07-19,Debit Card,Restaurant
T07740,A0017,CREDIT,57872.4,2024-08-03,UPI,Restaurant
T08077,A0428,CREDIT,21873.97,2024-05-20,UPI,Grocery
T03675,A0265,DEBIT,8298.92,2025-12-18,UPI,Entertainment
T06224,A0497,DEBIT,67604.98,2025-09-09,ATM,Education
T06165,A0489,CREDIT,218745.61,2024-08-10,Net Banking,Utilities
T07828,A0334,DEBIT,4903.75,2025-07-04,Debit Card,Online Shopping
T04652,A0227,CREDIT,175526.91,2025-02-03,Mobile Banking,Entertainment
T07573,A0387,DEBIT,301376.34,2024-01-24,Net Banking,Online Shopping
T03437,A0022,DEBIT,332069.0,2024-03-29,Debit Card,Healthcare
T09769,A0171,CREDIT,12487.04,2024-10-16,Telegram,Grocery
T07876,A0356,CREDIT,423788.39,2024-08-28,Credit Card,Retail
T03569,A0523,DEBIT,324043.22,2025-03-14,Credit Card,Grocery
T01176,A0037,CREDIT,393502.43,2024-03-28,UPI,Retail
T03571,A0103,CREDIT,483265.15,2026-07-24,UPI,Entertainment
T05849,A0441,DEBIT,28083.57,2024-06-30,Mobile Banking,Restaurant
T00168,A0409,CREDIT,262975.67,2026-07-21,Net Banking,Entertainment
T06341,A0230,DEBIT,320419.61,2026-01-30,ATM,Online Shopping
T09684,A0510,CREDIT,-3433.19,2025-12-29,Mobile Banking,Online Shopping
T07587,A0341,DEBIT,393.19,2026-03-06,Debit Card,Travel
T05007,A0094,DEBIT,226874.63,2025-12-05,Net Banking,Travel
T02625,A0079,CREDIT,479106.39,2024-12-14,ATM,Utilities
T07188,A0030,DEBIT,347220.07,2024-08-13,Debit Card,Grocery
T00444,A0165,DEBIT,223795.36,2024-05-14,Debit Card,Restaurant
T00437,A0088,CREDIT,281913.29,2026-03-20,Credit Card,Retail
T04035,A0460,DEBIT,81875.59,2025-08-12,Net Banking,Travel
T04865,A0381,DEBIT,352936.67,2025-04-29,Net Banking,Fuel
T06618,A0297,CREDIT,63675.04,2025-12-31,UPI,Entertainment
T04201,A0269,CREDIT,345169.93,2025-03-22,Net Banking,Travel
T00898,A0127,CREDIT,197935.27,2024-08-04,UPI,Fuel
T06474,A0218,DEBIT,242519.87,2025-11-08,Debit Card,Restaurant
T01153,A0018,CREDIT,362067.27,2024-11-25,Debit Card,Retail
T06921,A0301,CREDIT,238931.65,2024-04-05,Mobile Banking,Travel
T02540,A0237,DEBIT,410450.1,2025-07-24,UPI,Fuel
T06148,A0123,DEBIT,458121.82,2025-06-21,Credit Card,Education
T05163,A0244,DEBIT,441463.1,2026-07-16,ATM,Grocery
T06824,A0536,CREDIT,446280.27,2026-05-02,Debit Card,Restaurant
T02400,A0382,CREDIT,23897.96,2024-10-04,Debit Card,Restaurant
T09680,A0254,CREDIT,-7643.71,2023-03-01,Net Banking,Online Shopping
T01779,A0460,DEBIT,359708.46,2024-10-26,Mobile Banking,Healthcare
T04364,A0122,DEBIT,687.22,2025-06-10,Mobile Banking,Healthcare
T02411,A0231,DEBIT,3152.71,2026-04-30,UPI,Grocery
T04872,A0473,DEBIT,182021.37,2025-10-22,Net Banking,Education
T00956,A0313,DEBIT,383233.62,2025-04-28,UPI,Restaurant
T04868,A0541,DEBIT,167126.66,2026-02-13,Credit Card,Retail
T04911,A0568,DEBIT,292643.29,2024-04-27,Mobile Banking,Utilities
T00779,A0346,CREDIT,18351.2,2025-12-06,Net Banking,Fuel
T07141,A0252,CREDIT,319256.45,2025-01-12,ATM,Travel
T07788,A0449,DEBIT,77311.54,2026-02-01,ATM,Grocery
T04427,A0500,CREDIT,453094.74,2025-03-02,UPI,Utilities
T07250,A0298,CREDIT,10393.25,2025-02-20,Debit Card,Entertainment
T01366,A0128,DEBIT,406575.95,2025-02-06,UPI,Online Shopping
T02773,A0289,CREDIT,354384.9,2025-12-31,Debit Card,Retail
T06422,A0123,CREDIT,12211.91,2025-04-06,ATM,Retail
T05244,A0321,DEBIT,135140.33,2024-05-25,Credit Card,Online Shopping
T03038,A0180,DEBIT,430801.27,2024-09-23,UPI,Education
T00771,A0286,DEBIT,142283.05,2025-12-20,Net Banking,Education
T09182,A0223,CREDIT,228797.98,2025-02-17,Credit Card,Healthcare
T05554,A0273,CREDIT,338696.82,2024-09-11,Net Banking,Education
T02559,A0052,CREDIT,460687.54,2026-04-15,Net Banking,Education
T01157,A0396,DEBIT,342836.43,2025-01-31,Credit Card,Travel
T08558,A0392,DEBIT,264778.51,2026-05-28,Credit Card,Grocery
T03645,A0316,DEBIT,205735.24,2025-12-19,UPI,Online Shopping
T04531,A0561,DEBIT,97806.48,2026-06-18,Net Banking,Travel
T03272,A0121,DEBIT,478255.61,2025-07-23,UPI,Fuel
T01553,A0436,DEBIT,348043.86,2024-10-05,Net Banking,Travel
,A0495,DEBIT,46379.34,2023-03-03,ATM,Education
T07037,A0207,DEBIT,64167.38,2025-07-15,Credit Card,Restaurant
T01368,A0284,DEBIT,99675.09,2024-02-22,Credit Card,Entertainment
T06265,A0509,CREDIT,197402.44,2025-12-27,Net Banking,Education
T02752,A0368,CREDIT,414788.21,2025-07-08,ATM,Utilities
T08583,A0160,DEBIT,31991.85,2025-05-09,Debit Card,Entertainment
T05875,A0343,CREDIT,418150.24,2024-04-30,Net Banking,Grocery
T06663,A0062,CREDIT,50069.43,2024-03-12,Mobile Banking,Education
T06004,A0502,DEBIT,160365.38,2025-02-10,UPI,Education
T00443,A0096,CREDIT,442212.59,2026-04-06,Mobile Banking,Grocery
T06078,A0210,DEBIT,335122.67,2024-08-30,UPI,Fuel
T04134,A0217,DEBIT,31788.93,2024-02-16,ATM,Restaurant
T09701,A0553,DEBIT,-2285.18,2024-03-20,ATM,Travel
T02450,A0542,DEBIT,457960.45,2024-09-25,Debit Card,Online Shopping
T00250,A0394,CREDIT,25511.56,2023-11-03,Debit Card,Grocery
T06491,A0202,DEBIT,23187.01,2025-05-08,Net Banking,Healthcare
T05859,A0161,CREDIT,410362.78,2024-07-03,Net Banking,Education
T00330,A0347,CREDIT,415880.03,2026-05-21,UPI,Restaurant
T06623,A0044,CREDIT,337225.17,2024-07-01,ATM,Fuel
T04729,A0532,DEBIT,291266.91,2024-01-15,ATM,Healthcare
T06602,A0251,DEBIT,186544.21,2026-03-26,UPI,Restaurant
T08471,A0204,CREDIT,468888.11,2024-09-01,Net Banking,Online Shopping
T01179,A0324,DEBIT,237596.16,2025-12-21,ATM,Restaurant
T06446,A0247,CREDIT,169165.34,2024-01-23,Credit Card,Online Shopping
T00088,A0259,DEBIT,1077.29,2025-03-13,Mobile Banking,Retail
T05010,A0543,DEBIT,367064.59,2025-12-18,Debit Card,Online Shopping
T02265,A0224,CREDIT,130619.62,2025-01-04,Net Banking,Restaurant
T03777,A0004,CREDIT,172696.81,2024-08-23,ATM,Utilities
T04047,A0410,CREDIT,138660.59,2026-05-24,ATM,Fuel
T01422,A0012,CREDIT,73054.92,2025-12-29,Net Banking,Restaurant
T02715,A0307,CREDIT,309886.29,2024-10-13,Debit Card,Education
T02699,A0230,CREDIT,431526.45,2025-03-27,ATM,Fuel
T09540,,CREDIT,11425.06,2025-03-11,UPI,Fuel
T04190,A0471,CREDIT,280967.87,2026-03-17,Debit Card,Fuel
T02572,A0072,DEBIT,131113.77,2024-11-28,ATM,Entertainment
T08063,A0115,DEBIT,257502.12,2026-06-16,Net Banking,Online Shopping
T04082,A0047,DEBIT,313892.48,2025-11-07,Net Banking,Healthcare
T02434,A0218,DEBIT,364496.38,2025-05-09,Net Banking,Retail
T03490,A0418,DEBIT,127930.51,2026-01-07,Credit Card,Education
T08039,A0003,DEBIT,414216.67,2025-08-16,Credit Card,Retail
T07337,A0513,DEBIT,262619.12,2025-11-04,Credit Card,Restaurant
T05000,A0424,DEBIT,169942.32,2024-01-23,Credit Card,Grocery
T07076,A0162,DEBIT,304039.5,2025-08-25,Credit Card,Fuel
T09360,A0458,CREDIT,77251.06,2024-01-29,Mobile Banking,Retail
T06733,A0272,DEBIT,28031.34,2026-06-09,Credit Card,Retail
T03251,A0400,DEBIT,253391.12,2026-08-30,Net Banking,Travel
T04339,A0057,CREDIT,442241.83,2025-06-07,ATM,Entertainment
T02317,A0164,DEBIT,207116.01,2024-10-01,ATM,Entertainment
T03896,A0271,CREDIT,161203.44,2024-06-11,Credit Card,Online Shopping
T02880,A0005,CREDIT,144867.47,2024-02-20,Mobile Banking,Entertainment
T08475,A0115,CREDIT,403933.76,2025-06-15,Credit Card,Restaurant
T08326,A0328,CREDIT,63157.7,2024-05-14,Debit Card,Fuel
T00473,A0015,CREDIT,448260.91,2026-08-14,ATM,Entertainment
T05470,A0150,CREDIT,403616.3,2026-03-07,ATM,Utilities
T02584,A0546,DEBIT,5863.02,2026-01-23,Credit Card,Healthcare
T04591,A0020,CREDIT,270617.19,2025-01-04,Mobile Banking,Travel
T06359,A0093,DEBIT,430931.67,2024-02-06,Mobile Banking,Healthcare
T04995,A0563,DEBIT,143821.61,2026-04-02,ATM,Entertainment
T01461,A0216,CREDIT,230697.25,2025-12-21,ATM,Retail
T03789,A0515,DEBIT,217882.23,2025-12-05,Debit Card,Travel
T08818,A0367,DEBIT,463501.72,2024-07-08,ATM,Healthcare
T07563,A0163,DEBIT,466249.6,2024-06-18,Mobile Banking,Entertainment
T06389,A0492,CREDIT,491992.02,2024-12-27,Net Banking,Entertainment
T04367,A0232,CREDIT,212381.95,2025-07-15,Net Banking,Utilities
T02121,A0259,CREDIT,138784.41,2025-05-13,Debit Card,Travel
T03743,A0424,DEBIT,462843.02,2026-06-04,Credit Card,Entertainment
T07805,A0083,DEBIT,339404.32,2024-08-04,Debit Card,Grocery
T02681,A0513,DEBIT,249955.75,2024-12-13,Debit Card,Restaurant
T00932,A0160,DEBIT,261716.38,2025-01-22,Credit Card,Grocery
T07695,A0148,CREDIT,16451.61,2026-03-22,Net Banking,Education
T08441,A0398,CREDIT,27760.6,2024-08-29,ATM,Grocery
T01852,A0527,CREDIT,19461.32,2024-01-28,Mobile Banking,Healthcare
T06233,A0280,CREDIT,435379.44,2025-10-05,Debit Card,Grocery
T04986,A0002,DEBIT,20374.58,2026-01-31,Net Banking,Fuel
T01102,A0441,DEBIT,249890.94,2024-07-07,Debit Card,Healthcare
T00545,A0424,DEBIT,334150.8,2025-06-18,Net Banking,Travel
T07736,A0250,DEBIT,72890.14,2024-11-15,Mobile Banking,Utilities
T08604,A0169,DEBIT,409437.61,2025-10-04,ATM,Healthcare
T00028,A0529,CREDIT,411439.08,2025-01-04,Credit Card,Online Shopping
T09624,A9999,CREDIT,9873.17,2024-04-17,UPI,Restaurant
T09481,A0499,DEBIT,498497.39,2025-06-01,Debit Card,Travel
,A0034,DEBIT,49469.61,2025-02-17,Debit Card,Education
T01400,A0018,CREDIT,301356.91,2024-03-19,UPI,Online Shopping
T03123,A0014,CREDIT,448790.17,2024-03-19,Net Banking,Online Shopping
T05811,A0026,CREDIT,342296.47,2024-12-18,Mobile Banking,Restaurant
T08314,A0140,DEBIT,381645.64,2024-09-17,Credit Card,Restaurant
T06660,A0467,CREDIT,472067.06,2026-03-28,Debit Card,Education
T01551,A0021,DEBIT,384269.71,2026-02-27,Net Banking,Healthcare
T08568,A0240,DEBIT,105501.06,2026-05-13,ATM,Grocery
T04625,A0369,DEBIT,445436.9,2025-10-02,UPI,Restaurant
T09317,A0535,DEBIT,150471.66,2025-07-14,ATM,Utilities
T00570,A0014,DEBIT,214018.48,2024-01-22,ATM,Restaurant
T02470,A0008,DEBIT,272321.88,2026-06-13,Credit Card,Online Shopping
T03380,A0289,CREDIT,136042.43,2024-03-06,Debit Card,Healthcare
T03967,A0430,CREDIT,93796.93,2026-03-23,UPI,Healthcare
T06272,A0027,CREDIT,170710.47,2026-03-20,Mobile Banking,Healthcare
T03298,A0033,DEBIT,40100.25,2025-12-27,ATM,Restaurant
T08219,A0307,DEBIT,115272.61,2025-12-15,Net Banking,Healthcare
T06544,A0284,DEBIT,41821.86,2026-04-29,Net Banking,Retail
T04809,A0215,DEBIT,394177.67,2025-03-11,UPI,Travel
T06282,A0178,DEBIT,376785.22,2024-08-09,Credit Card,Healthcare
T05657,A0251,DEBIT,330485.18,2025-04-09,Mobile Banking,Fuel
T07187,A0402,DEBIT,331177.39,2024-10-08,Credit Card,Online Shopping
T07492,A0021,DEBIT,359633.35,2024-02-05,Mobile Banking,Fuel
T07011,A0207,CREDIT,152833.86,2024-01-07,Mobile Banking,Travel
T06961,A0434,DEBIT,217090.08,2024-04-21,ATM,Retail
T08785,A0354,DEBIT,210572.81,2024-12-23,UPI,Travel
T07124,A0295,CREDIT,66064.82,2025-10-30,Credit Card,Healthcare
T08666,A0233,DEBIT,493463.04,2026-02-07,Mobile Banking,Restaurant
T02613,A0085,CREDIT,123642.57,2024-01-31,UPI,Healthcare
T01359,A0422,DEBIT,132028.68,2025-03-10,Mobile Banking,Travel
T03913,A0387,CREDIT,370257.26,2025-01-17,UPI,Entertainment
T04117,A0369,CREDIT,329681.65,2025-06-15,Net Banking,Retail
T00260,A0127,CREDIT,461375.82,2025-10-10,Mobile Banking,Entertainment
T09682,A0529,CREDIT,-7468.42,2025-08-28,ATM,Entertainment
T02563,A0317,CREDIT,486391.92,2024-07-12,Mobile Banking,Restaurant
T01390,A0354,DEBIT,190547.37,2025-05-17,Credit Card,Entertainment
T00535,A0098,DEBIT,361654.51,2024-10-08,Debit Card,Utilities
T05975,A0461,CREDIT,370756.86,2025-06-06,UPI,Retail
T05524,A0042,DEBIT,466888.59,2024-08-25,Debit Card,Utilities
T04488,A0565,CREDIT,180912.54,2026-04-30,Mobile Banking,Grocery
T01137,A0043,DEBIT,64531.23,2025-12-07,ATM,Online Shopping
T06553,A0265,CREDIT,369391.17,2024-06-12,Credit Card,Entertainment
T03277,A0570,DEBIT,399953.74,2024-10-21,Mobile Banking,Grocery
T05086,A0486,DEBIT,311154.67,2024-12-23,Debit Card,Fuel
T03363,A0249,CREDIT,222409.22,2026-01-18,ATM,Retail
T06960,A0106,CREDIT,380444.11,2026-02-20,Net Banking,Grocery
T05611,A0059,CREDIT,250254.31,2024-05-12,Credit Card,Grocery
T09106,A0049,CREDIT,10762.97,2025-04-30,Mobile Banking,Education
T07291,A0053,CREDIT,5139.45,2024-03-13,UPI,Education
T01235,A0253,CREDIT,472293.92,2025-12-05,ATM,Utilities
T02593,A0470,CREDIT,197181.12,2024-01-04,Net Banking,Healthcare
T01681,A0319,DEBIT,313058.04,2024-02-11,UPI,Grocery
T00336,A0364,CREDIT,50758.76,2025-05-18,ATM,Online Shopping
T04971,A0409,DEBIT,412854.78,2025-04-16,Net Banking,Healthcare
T04650,A0033,CREDIT,74893.55,2026-05-22,UPI,Retail
T00149,A0234,CREDIT,361695.61,2024-08-02,Credit Card,Travel
T04889,A0371,CREDIT,103440.65,2026-07-22,Mobile Banking,Retail
T02917,A0553,DEBIT,492357.55,2026-02-18,ATM,Fuel
T03987,A0178,CREDIT,236997.34,2025-11-13,Net Banking,Healthcare
T00651,A0506,CREDIT,402850.47,2025-07-31,Net Banking,Retail
T05041,A0286,CREDIT,407309.39,2024-03-09,Mobile Banking,Entertainment
T00935,A0285,CREDIT,325033.33,2024-12-31,Credit Card,Entertainment
T02818,A0142,CREDIT,414235.07,2025-12-12,Credit Card,Retail
T08085,A0365,DEBIT,334333.87,2026-01-08,Net Banking,Restaurant
T03118,A0444,DEBIT,12080.6,2025-04-22,ATM,Restaurant
T07322,A0192,DEBIT,310376.87,2025-11-30,Debit Card,Entertainment
T00171,A0180,DEBIT,124642.5,2026-07-10,Net Banking,Healthcare
T06452,A0523,DEBIT,460323.1,2024-10-11,Credit Card,Fuel
T04974,A0271,CREDIT,484060.79,2026-07-26,ATM,Grocery
T01562,A0215,CREDIT,170473.06,2024-08-30,Net Banking,Online Shopping
T05487,A0029,CREDIT,192839.32,2024-04-08,Net Banking,Utilities
T00243,A0043,CREDIT,105613.07,2026-03-21,UPI,Healthcare
T03793,A0244,CREDIT,103081.19,2025-11-05,UPI,Healthcare
T08024,A0348,CREDIT,66821.86,2026-01-02,Credit Card,Utilities
,A0405,DEBIT,45411.62,2025-02-08,ATM,Restaurant
T07940,A0029,DEBIT,352026.13,2024-12-28,UPI,Fuel
T07898,A0201,CREDIT,460148.48,2024-11-25,ATM,Healthcare
T04044,A0181,CREDIT,62557.98,2025-09-26,Credit Card,Fuel
T01676,A0368,CREDIT,217129.37,2024-09-29,UPI,Education
T08107,A0194,DEBIT,182916.56,2025-11-29,Net Banking,Grocery
T00058,A0124,CREDIT,101359.47,2026-02-09,Net Banking,Fuel
T01534,A0424,CREDIT,170744.36,2025-04-02,ATM,Grocery
T08750,A0315,DEBIT,334779.96,2025-03-30,Mobile Banking,Retail
T06372,A0245,DEBIT,130525.91,2025-01-13,Mobile Banking,Education
T01156,A0559,CREDIT,9994.7,2026-04-23,Credit Card,Fuel
T00300,A0547,DEBIT,70013.54,2025-05-17,Mobile Banking,Utilities
T01200,A0077,CREDIT,186756.81,2024-06-06,Net Banking,Travel
T06679,A0396,CREDIT,58510.41,2025-09-21,Mobile Banking,Entertainment
T04894,A0475,CREDIT,462203.28,2024-01-27,UPI,Grocery
T02388,A0533,CREDIT,385109.2,2024-01-01,Net Banking,Education
T00253,A0084,DEBIT,214015.35,2026-08-11,Credit Card,Online Shopping
T05743,A0449,CREDIT,458.46,2024-05-23,UPI,Travel
T08426,A0457,DEBIT,277002.44,2024-08-03,Net Banking,Healthcare
T05080,A0383,DEBIT,321861.67,2025-03-03,ATM,Fuel
T04450,A0320,CREDIT,394350.81,2024-02-12,Mobile Banking,Grocery
T04933,A0435,CREDIT,101848.31,2026-03-24,Mobile Banking,Entertainment
T05343,A0102,DEBIT,393611.01,2024-09-10,Credit Card,Retail
T01447,A0220,DEBIT,215109.81,2024-08-28,Debit Card,Travel
T01837,A0376,DEBIT,153541.88,2026-08-04,ATM,Travel
T02109,A0176,CREDIT,176350.56,2026-07-21,Net Banking,Online Shopping
T01593,A0552,DEBIT,28718.06,2025-10-07,Mobile Banking,Fuel
T02247,A0227,DEBIT,354547.44,2026-03-15,UPI,Restaurant
T02906,A0132,CREDIT,157675.1,2024-03-08,UPI,Entertainment
T04510,A0532,DEBIT,384996.38,2024-12-19,UPI,Entertainment
T07967,A0066,CREDIT,302901.47,2025-11-28,ATM,Utilities
T02832,A0349,DEBIT,95006.47,2025-01-11,Debit Card,Fuel
T06922,A0347,DEBIT,207495.11,2024-09-01,ATM,Fuel
T01294,A0294,DEBIT,44299.16,2025-01-11,Credit Card,Entertainment
T04978,A0442,DEBIT,125105.0,2026-01-02,UPI,Utilities
